거래일,시간,태양광,풍력
2023.2.2,1,0,188.1
2023.2.2,2,0.43,201.61
2023.2.2,3,0.2,196.36
2023.2.2,4,0.2,189.83
2023.2.2,5,0.05,180.89
2023.2.2,6,0,171
2023.2.2,7,0.31,135.56
2023.2.2,8,1.49,121.09
2023.2.2,9,46.75,124.1
2023.2.2,10,145.74,113.14
2023.2.2,11,213,104.53
2023.2.2,12,249.45,103.17
2023.2.2,13,262.94,60.82
2023.2.2,14,260.35,49.18
2023.2.2,15,230.19,66.98
2023.2.2,16,143.11,82.98
2023.2.2,17,49.05,86.87
2023.2.2,18,15.9,91.32
2023.2.2,19,3.71,100.89
2023.2.2,20,8.23,95.95
2023.2.2,21,8.04,91.51
2023.2.2,22,5.47,90.46
2023.2.2,23,2.07,93.41
2023.2.2,24,0.14,100.36
2023.2.3,1,0,87.87
2023.2.3,2,0.43,91.71
2023.2.3,3,0.2,106.23
2023.2.3,4,0.2,104.76
2023.2.3,5,0.09,119.61
2023.2.3,6,0.05,166.87
2023.2.3,7,0.29,117
2023.2.3,8,0.29,142.12
2023.2.3,9,6.63,141.64
2023.2.3,10,68.6,135.43
2023.2.3,11,132.01,125.09
2023.2.3,12,196.39,129.83
2023.2.3,13,222.79,146.4
2023.2.3,14,204.12,166.39
2023.2.3,15,174.82,172.19
2023.2.3,16,135.2,173.73
2023.2.3,17,84.29,160.5
2023.2.3,18,18.1,157.41
2023.2.3,19,3.73,161.49
2023.2.3,20,7.28,123.08
2023.2.3,21,6.25,119.71
2023.2.3,22,4.58,110.4
2023.2.3,23,0.56,107.36
2023.2.3,24,0,114.97
2023.2.4,1,0,98.39
2023.2.4,2,0.19,99.45
2023.2.4,3,0.2,132.12
2023.2.4,4,0.2,159.87
2023.2.4,5,0.08,156.5
2023.2.4,6,0,167.25
2023.2.4,7,0.09,129.97
2023.2.4,8,1.96,106.81
2023.2.4,9,43.25,112.65
2023.2.4,10,134.44,132.98
2023.2.4,11,208.39,132.76
2023.2.4,12,257.81,109.93
2023.2.4,13,272.05,74.16
2023.2.4,14,264.18,60.46
2023.2.4,15,237.85,59.77
2023.2.4,16,179.41,61.83
2023.2.4,17,97.68,85.33
2023.2.4,18,22.54,75.35
2023.2.4,19,3.76,87.24
2023.2.4,20,7.92,81.7
2023.2.4,21,7.72,78.47
2023.2.4,22,5.21,66.23
2023.2.4,23,2.12,47.73
2023.2.4,24,0.14,50.94
2023.2.5,1,0,35.72
2023.2.5,2,0.41,43.8
2023.2.5,3,0.14,47.59
2023.2.5,4,0.14,36.03
2023.2.5,5,0.05,35.66
2023.2.5,6,0,41.32
2023.2.5,7,0.27,35.11
2023.2.5,8,2.09,32.98
2023.2.5,9,33.59,24.56
2023.2.5,10,100.98,16.76
2023.2.5,11,199.76,12.82
2023.2.5,12,237.91,7.08
2023.2.5,13,253.46,9.86
2023.2.5,14,250.44,9.28
2023.2.5,15,234.54,7.17
2023.2.5,16,189.96,7.05
2023.2.5,17,113.58,3.68
2023.2.5,18,26.35,0.29
2023.2.5,19,3.84,6.14
2023.2.5,20,7.9,3.14
2023.2.5,21,7.7,3.26
2023.2.5,22,5.21,0.42
2023.2.5,23,1.93,0.05
2023.2.5,24,0.14,0.03
2023.2.6,1,0,0.12
2023.2.6,2,0.4,0.44
2023.2.6,3,0.14,1.02
2023.2.6,4,0.14,0.85
2023.2.6,5,0.05,0.44
2023.2.6,6,0,5.21
2023.2.6,7,0.28,2.74
2023.2.6,8,0.45,1.99
2023.2.6,9,11.54,1.83
2023.2.6,10,27.61,3.91
2023.2.6,11,36.38,5.32
2023.2.6,12,34.45,3.93
2023.2.6,13,33.94,3.39
2023.2.6,14,27.79,3.6
2023.2.6,15,30.79,12.23
2023.2.6,16,40.14,18.39
2023.2.6,17,13.63,23.22
2023.2.6,18,4.01,35.98
2023.2.6,19,0.71,68.5
2023.2.6,20,2.55,77.5
2023.2.6,21,0.38,60.44
2023.2.6,22,0.31,46.33
2023.2.6,23,0.06,36.42
2023.2.6,24,0,43.37
2023.2.7,1,0,39.77
2023.2.7,2,0.13,41.07
2023.2.7,3,0.04,46.22
2023.2.7,4,0,48.82
2023.2.7,5,0,53.89
2023.2.7,6,0,58.48
2023.2.7,7,0,55.52
2023.2.7,8,0.88,73.28
2023.2.7,9,23.92,58.71
2023.2.7,10,30.96,46.41
2023.2.7,11,64.38,45.39
2023.2.7,12,152.74,29.02
2023.2.7,13,242.96,22.48
2023.2.7,14,235.33,20.13
2023.2.7,15,179.61,37.73
2023.2.7,16,155.77,33.08
2023.2.7,17,99.05,36.92
2023.2.7,18,25.97,32.17
2023.2.7,19,3.86,34.81
2023.2.7,20,8.11,32.47
2023.2.7,21,7.13,40.84
2023.2.7,22,4.46,64.51
2023.2.7,23,1.41,72.3
2023.2.7,24,0.13,77.42
2023.2.8,1,0,83.83
2023.2.8,2,0.19,79.13
2023.2.8,3,0.2,104.72
2023.2.8,4,0.14,147.78
2023.2.8,5,0.05,110.72
2023.2.8,6,0,163.74
2023.2.8,7,0.15,165.53
2023.2.8,8,3.43,136.18
2023.2.8,9,57.63,86.95
2023.2.8,10,152.8,64.82
2023.2.8,11,216.24,65.6
2023.2.8,12,266.22,52.44
2023.2.8,13,288.07,12.87
2023.2.8,14,286.86,9.28
2023.2.8,15,254.4,20.16
2023.2.8,16,175.16,76.1
2023.2.8,17,107.71,114.07
2023.2.8,18,25.31,94.13
2023.2.8,19,3.91,125.35
2023.2.8,20,8.13,111.61
2023.2.8,21,8,110.21
2023.2.8,22,5.51,91.66
2023.2.8,23,2.27,85.45
2023.2.8,24,0.15,69.56
2023.2.9,1,0,53.54
2023.2.9,2,0.42,40.98
2023.2.9,3,0.2,33.79
2023.2.9,4,0.2,19.6
2023.2.9,5,0.06,11.47
2023.2.9,6,0,21.28
2023.2.9,7,0.32,12.98
2023.2.9,8,2,14.17
2023.2.9,9,27.22,4.07
2023.2.9,10,40.41,7.55
2023.2.9,11,59.61,37.21
2023.2.9,12,72.17,61.72
2023.2.9,13,59.07,86.15
2023.2.9,14,51.21,93.6
2023.2.9,15,41.35,104.04
2023.2.9,16,20.73,83.71
2023.2.9,17,9.73,89.13
2023.2.9,18,3.54,96.28
2023.2.9,19,1.9,67.59
2023.2.9,20,4.04,27.99
2023.2.9,21,0.87,42.62
2023.2.9,22,0.04,91.83
2023.2.9,23,0,121.38
2023.2.9,24,0,107.34
2023.2.10,1,0,130.5
2023.2.10,2,0.16,163.91
2023.2.10,3,0.14,184.57
2023.2.10,4,0.06,152.79
2023.2.10,5,0.02,98.53
2023.2.10,6,0,79.74
2023.2.10,7,0,77.63
2023.2.10,8,0.27,134.53
2023.2.10,9,15.24,118.01
2023.2.10,10,54.37,126.37
2023.2.10,11,133.33,126.54
2023.2.10,12,174.22,146.69
2023.2.10,13,168.67,134.78
2023.2.10,14,182.26,114.97
2023.2.10,15,153.29,134.71
2023.2.10,16,124.62,153
2023.2.10,17,74.55,127.07
2023.2.10,18,18.44,129.26
2023.2.10,19,3.51,156.35
2023.2.10,20,6.55,154.97
2023.2.10,21,5.48,150.55
2023.2.10,22,2.57,136.25
2023.2.10,23,0.25,125.91
2023.2.10,24,0,105.82
2023.2.11,1,0,43.18
2023.2.11,2,0.19,49.59
2023.2.11,3,0.2,32.1
2023.2.11,4,0.15,23.09
2023.2.11,5,0.05,11.62
2023.2.11,6,0,15.9
2023.2.11,7,0.01,4.16
2023.2.11,8,2.78,3.83
2023.2.11,9,24.78,3.09
2023.2.11,10,47.65,4.28
2023.2.11,11,43.57,3.43
2023.2.11,12,36.43,4.56
2023.2.11,13,65.14,6.49
2023.2.11,14,57.06,4
2023.2.11,15,45.92,0.49
2023.2.11,16,27.85,14.25
2023.2.11,17,10.24,24.38
2023.2.11,18,4.81,19.17
2023.2.11,19,1.4,25.6
2023.2.11,20,3.63,13.43
2023.2.11,21,0.95,7
2023.2.11,22,0.03,6.56
2023.2.11,23,0,5.82
2023.2.11,24,0,3.62
2023.2.12,1,0,5.64
2023.2.12,2,0.13,3.28
2023.2.12,3,0.11,3.64
2023.2.12,4,0,3.8
2023.2.12,5,0,4.49
2023.2.12,6,0,8.83
2023.2.12,7,0.01,7.78
2023.2.12,8,3.03,8.75
2023.2.12,9,44.75,16.23
2023.2.12,10,68.38,5.83
2023.2.12,11,50.78,8.94
2023.2.12,12,61.28,18.92
2023.2.12,13,43.53,25.48
2023.2.12,14,11.07,20.29
2023.2.12,15,13.04,22.38
2023.2.12,16,10.07,65.62
2023.2.12,17,5.72,115.93
2023.2.12,18,1.69,111.77
2023.2.12,19,0.77,129.18
2023.2.12,20,2.1,83.9
2023.2.12,21,0.06,100.5
2023.2.12,22,0.02,118.42
2023.2.12,23,0,133.21
2023.2.12,24,0,135.32
2023.2.13,1,0,117.93
2023.2.13,2,0.13,113.33
2023.2.13,3,0,76.87
2023.2.13,4,0,84.63
2023.2.13,5,0,111.65
2023.2.13,6,0,124.69
2023.2.13,7,0,94.79
2023.2.13,8,0.05,116.34
2023.2.13,9,2.28,122.69
2023.2.13,10,8.68,90.6
2023.2.13,11,25.25,51.11
2023.2.13,12,45.73,44.3
2023.2.13,13,75.46,68.03
2023.2.13,14,78.74,77.61
2023.2.13,15,59.69,83.11
2023.2.13,16,38.28,61.66
2023.2.13,17,20.84,66.39
2023.2.13,18,14.38,83.32
2023.2.13,19,1.97,118.27
2023.2.13,20,4.11,104.69
2023.2.13,21,1.75,109.34
2023.2.13,22,0.07,116.05
2023.2.13,23,0,150.57
2023.2.13,24,0,119.66
2023.2.14,1,0,97.33
2023.2.14,2,0.15,119.56
2023.2.14,3,0.12,133.76
2023.2.14,4,0,126.3
2023.2.14,5,0.01,136.61
2023.2.14,6,0,151.34
2023.2.14,7,0.01,126.6
2023.2.14,8,3.23,136.12
2023.2.14,9,47.67,171.8
2023.2.14,10,130.62,170.23
2023.2.14,11,186.34,149.09
2023.2.14,12,239.96,124.79
2023.2.14,13,282.12,30.99
2023.2.14,14,287.37,12.13
2023.2.14,15,263.08,28.51
2023.2.14,16,210.9,86.2
2023.2.14,17,124.42,142.06
2023.2.14,18,35.46,153.02
2023.2.14,19,4.39,144.05
2023.2.14,20,8.13,140.72
2023.2.14,21,8.03,142.09
2023.2.14,22,5.49,132.34
2023.2.14,23,2.29,137.14
2023.2.14,24,0.14,142.29
2023.2.15,1,0,107.58
2023.2.15,2,0.43,92.72
2023.2.15,3,0.2,89.94
2023.2.15,4,0.2,81.08
2023.2.15,5,0.1,81.53
2023.2.15,6,0.05,95.75
2023.2.15,7,0.33,94.98
2023.2.15,8,1.87,98.1
2023.2.15,9,37.67,89.37
2023.2.15,10,86.03,69.97
2023.2.15,11,140.38,45.87
2023.2.15,12,145.17,31.68
2023.2.15,13,97.96,47.36
2023.2.15,14,68.71,60.24
2023.2.15,15,54.13,67.09
2023.2.15,16,42.05,74.85
2023.2.15,17,23.14,68.46
2023.2.15,18,9.3,69.57
2023.2.15,19,2.6,90.71
2023.2.15,20,5.8,87.95
2023.2.15,21,3.8,66.23
2023.2.15,22,2.18,45.61
2023.2.15,23,0.29,35.66
2023.2.15,24,0,35.1
2023.2.16,1,0,26.14
2023.2.16,2,0.19,28.84
2023.2.16,3,0.15,34.7
2023.2.16,4,0,37.77
2023.2.16,5,0.01,39.34
2023.2.16,6,0,48.25
2023.2.16,7,0,36.06
2023.2.16,8,1.98,32.06
2023.2.16,9,24.41,21.22
2023.2.16,10,52.71,11.79
2023.2.16,11,78.25,9.56
2023.2.16,12,106.42,7.62
2023.2.16,13,87.85,19.38
2023.2.16,14,78.39,25.4
2023.2.16,15,60.65,27.9
2023.2.16,16,71.49,49.62
2023.2.16,17,52,54.64
2023.2.16,18,19.93,41.69
2023.2.16,19,3.11,37.25
2023.2.16,20,4.58,26.18
2023.2.16,21,2.4,15.86
2023.2.16,22,0.73,4.63
2023.2.16,23,0,3.41
2023.2.16,24,0,2.02
2023.2.17,1,0,2.8
2023.2.17,2,0.19,4.01
2023.2.17,3,0.14,6.55
2023.2.17,4,0.05,13.24
2023.2.17,5,0,3.53
2023.2.17,6,0,5.47
2023.2.17,7,0,3.16
2023.2.17,8,0.27,5.67
2023.2.17,9,4.09,3.93
2023.2.17,10,22.18,2.4
2023.2.17,11,57.21,1.46
2023.2.17,12,88.01,6.91
2023.2.17,13,61.74,5.61
2023.2.17,14,26.61,6.2
2023.2.17,15,22.17,4.72
2023.2.17,16,11.46,3.43
2023.2.17,17,4.55,2.91
2023.2.17,18,2.7,3.73
2023.2.17,19,1.39,9.71
2023.2.17,20,3.68,6.48
2023.2.17,21,1.22,21.55
2023.2.17,22,0.05,28.54
2023.2.17,23,0,49.16
2023.2.17,24,0,52.32
2023.2.18,1,0,49.97
2023.2.18,2,0.15,44.06
2023.2.18,3,0.08,45.15
2023.2.18,4,0,40.72
2023.2.18,5,0.02,27.93
2023.2.18,6,0.02,43.05
2023.2.18,7,0,39.23
2023.2.18,8,0.24,21.46
2023.2.18,9,10.34,14.72
2023.2.18,10,30.13,12.36
2023.2.18,11,47.58,7.61
2023.2.18,12,68.58,7.51
2023.2.18,13,61.09,4.61
2023.2.18,14,32.54,2.94
2023.2.18,15,11.33,3.66
2023.2.18,16,6.22,0.66
2023.2.18,17,6.27,0.8
2023.2.18,18,2.28,3.02
2023.2.18,19,0.6,2.69
2023.2.18,20,2.11,1.06
2023.2.18,21,0.2,1.46
2023.2.18,22,0.04,3.74
2023.2.18,23,0.02,4.63
2023.2.18,24,0,7.83
2023.2.19,1,0,16.58
2023.2.19,2,0.15,37.56
2023.2.19,3,0.02,113.17
2023.2.19,4,0,155.76
2023.2.19,5,0,177.46
2023.2.19,6,0,199.85
2023.2.19,7,0,229.72
2023.2.19,8,0.64,219
2023.2.19,9,25.47,179.38
2023.2.19,10,42.95,187.79
2023.2.19,11,66.68,184.45
2023.2.19,12,86.38,183.92
2023.2.19,13,138.31,149.1
2023.2.19,14,122,171.41
2023.2.19,15,114.57,201.93
2023.2.19,16,103.64,216.93
2023.2.19,17,74.2,224.18
2023.2.19,18,29.61,202.24
2023.2.19,19,3.95,216.83
2023.2.19,20,5.58,219.1
2023.2.19,21,3.32,217.22
2023.2.19,22,0.59,216
2023.2.19,23,0,201.45
2023.2.19,24,0,197.26
2023.2.20,1,0,183.49
2023.2.20,2,0.17,188.87
2023.2.20,3,0.12,178.84
2023.2.20,4,0,184.81
2023.2.20,5,0,171.59
2023.2.20,6,0,136.52
2023.2.20,7,0.03,153.73
2023.2.20,8,7.41,124.5
2023.2.20,9,80.1,111.78
2023.2.20,10,175.44,155.8
2023.2.20,11,243.99,132.81
2023.2.20,12,289.34,68.17
2023.2.20,13,283.68,42.81
2023.2.20,14,229.8,98.2
2023.2.20,15,179.75,155.54
2023.2.20,16,162.05,184.65
2023.2.20,17,107.68,204.05
2023.2.20,18,27.13,200.29
2023.2.20,19,4.34,194.16
2023.2.20,20,8.11,197.24
2023.2.20,21,7.68,183.91
2023.2.20,22,4.76,178.82
2023.2.20,23,1.43,176.77
2023.2.20,24,0.06,167.97
2023.2.21,1,0,169.56
2023.2.21,2,0.38,170.81
2023.2.21,3,0.2,180.54
2023.2.21,4,0.18,178.68
2023.2.21,5,0.07,168.98
2023.2.21,6,0.05,182.93
2023.2.21,7,0.32,165.54
2023.2.21,8,7.57,162.66
2023.2.21,9,69.96,150.58
2023.2.21,10,160.42,149.47
2023.2.21,11,224.61,143.97
2023.2.21,12,281.07,117.19
2023.2.21,13,313.45,49.05
2023.2.21,14,309.03,32.66
2023.2.21,15,264.76,43.59
2023.2.21,16,198.98,47.64
2023.2.21,17,129.93,41.22
2023.2.21,18,48.12,29.01
2023.2.21,19,4.6,24.56
2023.2.21,20,7.74,16.95
2023.2.21,21,7.96,19.27
2023.2.21,22,5.8,12.08
2023.2.21,23,2.39,8.33
2023.2.21,24,0.61,11.01
2023.2.22,1,0.08,12.54
2023.2.22,2,0.44,14.36
2023.2.22,3,0.2,13.55
2023.2.22,4,0.2,23.07
2023.2.22,5,0.11,30.65
2023.2.22,6,0.05,38.26
2023.2.22,7,0.36,21.85
2023.2.22,8,8.33,13.29
2023.2.22,9,77.06,6.39
2023.2.22,10,172.5,3.6
2023.2.22,11,193.75,2.92
2023.2.22,12,132.16,2.95
2023.2.22,13,95.45,3.64
2023.2.22,14,61.52,4.27
2023.2.22,15,37.98,4.88
2023.2.22,16,34.94,2.7
2023.2.22,17,29.45,1.29
2023.2.22,18,12.31,1.17
2023.2.22,19,4.01,1.38
2023.2.22,20,5.97,0.71
2023.2.22,21,3.41,3.3
2023.2.22,22,1.12,11.47
2023.2.22,23,0.13,11.33
2023.2.22,24,0,14.82
2023.2.23,1,0,24.6
2023.2.23,2,0.13,33.74
2023.2.23,3,0.14,19.61
2023.2.23,4,0.14,28.81
2023.2.23,5,0.07,43.42
2023.2.23,6,0.03,62.4
2023.2.23,7,0,68.2
2023.2.23,8,1.17,74.8
2023.2.23,9,16.49,77.48
2023.2.23,10,38.13,77.06
2023.2.23,11,63.1,69.77
2023.2.23,12,96.68,68.03
2023.2.23,13,149.36,38.06
2023.2.23,14,127.24,33.02
2023.2.23,15,131.63,22.4
2023.2.23,16,104.28,16.04
2023.2.23,17,58.89,15.47
2023.2.23,18,16.64,17.89
2023.2.23,19,4.01,24.77
2023.2.23,20,6.57,30.92
2023.2.23,21,3.91,35.24
2023.2.23,22,2.83,32.37
2023.2.23,23,1.08,30.09
2023.2.23,24,0,21.29
2023.2.24,1,0,33.91
2023.2.24,2,0.39,53.66
2023.2.24,3,0.41,59.5
2023.2.24,4,0.37,87.16
2023.2.24,5,0.15,111.9
2023.2.24,6,0.01,158.91
2023.2.24,7,0.03,162.51
2023.2.24,8,1.79,155.15
2023.2.24,9,21.3,138.54
2023.2.24,10,64.98,130.83
2023.2.24,11,131.44,128.41
2023.2.24,12,160.62,116.15
2023.2.24,13,200.42,109.87
2023.2.24,14,224.13,107.43
2023.2.24,15,214.26,82.39
2023.2.24,16,181.47,100.97
2023.2.24,17,123.64,149.05
2023.2.24,18,43.65,175.87
2023.2.24,19,5.76,185.77
2023.2.24,20,8.14,196.53
2023.2.24,21,7.79,198.13
2023.2.24,22,4.93,171.01
2023.2.24,23,1.25,198.4
2023.2.24,24,0.01,168.98
2023.2.25,1,0,148.03
2023.2.25,2,0.39,158.39
2023.2.25,3,0.43,160.33
2023.2.25,4,0.43,169.85
2023.2.25,5,0.15,193.25
2023.2.25,6,0.05,187.48
2023.2.25,7,0.16,197.08
2023.2.25,8,7.69,191.71
2023.2.25,9,61.34,176.14
2023.2.25,10,127.59,179.43
2023.2.25,11,179.26,114.16
2023.2.25,12,225.9,90.64
2023.2.25,13,253.91,57.94
2023.2.25,14,258.19,23.7
2023.2.25,15,229.36,45.55
2023.2.25,16,199.4,62.77
2023.2.25,17,134.24,148.87
2023.2.25,18,50.59,202.25
2023.2.25,19,5.68,236.71
2023.2.25,20,7.67,234.15
2023.2.25,21,6.23,227.08
2023.2.25,22,4.36,218.44
2023.2.25,23,0.51,213.17
2023.2.25,24,0,208.04
2023.2.26,1,0,172.45
2023.2.26,2,0.39,172.55
2023.2.26,3,0.39,138.23
2023.2.26,4,0.19,110.44
2023.2.26,5,0.05,97.3
2023.2.26,6,0,101.57
2023.2.26,7,0.16,118.23
2023.2.26,8,11.95,120.81
2023.2.26,9,92.61,111.87
2023.2.26,10,192.64,89.69
2023.2.26,11,254.99,16.53
2023.2.26,12,261.34,5.2
2023.2.26,13,250.8,4.84
2023.2.26,14,239.82,5.62
2023.2.26,15,223.98,4.59
2023.2.26,16,212.11,6.42
2023.2.26,17,152.61,46.37
2023.2.26,18,57.59,72.42
2023.2.26,19,6.29,58.13
2023.2.26,20,8.14,48.85
2023.2.26,21,8.11,41.33
2023.2.26,22,5.26,33.65
2023.2.26,23,1.95,34.32
2023.2.26,24,0.02,23.46
2023.2.27,1,0,9.72
2023.2.27,2,0.62,4.92
2023.2.27,3,0.38,3.63
2023.2.27,4,0.37,3.54
2023.2.27,5,0.22,1.71
2023.2.27,6,0.03,1.44
2023.2.27,7,0.22,0.53
2023.2.27,8,13.01,1.07
2023.2.27,9,93.07,1.03
2023.2.27,10,183.91,0.2
2023.2.27,11,240.34,0.14
2023.2.27,12,276.77,1.48
2023.2.27,13,287.27,5.79
2023.2.27,14,283.77,8.31
2023.2.27,15,261.79,4.95
2023.2.27,16,208.68,4.78
2023.2.27,17,130.04,1.79
2023.2.27,18,47.55,0.79
2023.2.27,19,6.47,1.33
2023.2.27,20,8.32,0.14
2023.2.27,21,8.29,0.48
2023.2.27,22,5.51,2.43
2023.2.27,23,1.84,3.85
2023.2.27,24,0.02,7.61
2023.2.28,1,0,5.61
2023.2.28,2,0.43,6.26
2023.2.28,3,0.2,8.11
2023.2.28,4,0.2,7.87
2023.2.28,5,0.1,20.46
2023.2.28,6,0.05,30
2023.2.28,7,0.37,14.12
2023.2.28,8,13.13,18.62
2023.2.28,9,88.1,11.81
2023.2.28,10,170.36,20.87
2023.2.28,11,237.16,28.08
2023.2.28,12,283.32,3.68
2023.2.28,13,286.93,2.67
2023.2.28,14,276.19,3.95
2023.2.28,15,267.21,2.78
2023.2.28,16,226.44,15.98
2023.2.28,17,141.06,28.19
2023.2.28,18,56.49,29.58
2023.2.28,19,6.35,32.64
2023.2.28,20,8.29,29.63
2023.2.28,21,8.39,29.01
2023.2.28,22,5.55,31.57
2023.2.28,23,1.95,40.23
2023.2.28,24,0.02,21.14
2023.3.1,1,0.000408,15.346466
2023.3.1,2,0.427532,17.401244
2023.3.1,3,0.198308,23.353921
2023.3.1,4,0.197792,24.837717
2023.3.1,5,0.078252,14.66915
2023.3.1,6,0.047696,17.406514
2023.3.1,7,0.347982,24.026447
2023.3.1,8,0.852252,25.116198
2023.3.1,9,9.377226,20.823102
2023.3.1,10,16.083367,20.017066
2023.3.1,11,22.356798,16.756725
2023.3.1,12,31.675902,18.21871
2023.3.1,13,51.927032,35.544594
2023.3.1,14,50.906723,47.702623
2023.3.1,15,75.159051,62.808549
2023.3.1,16,105.589587,108.021764
2023.3.1,17,88.061142,111.136755
2023.3.1,18,35.078324,180.946999
2023.3.1,19,4.620367,231.057439
2023.3.1,20,3.712228,208.096932
2023.3.1,21,0.906616,215.804823
2023.3.1,22,0.0124,222.611052
2023.3.1,23,0.000576,212.967335
2023.3.1,24,0.0004,200.750445
2023.3.2,1,0.00036,182.356108
2023.3.2,2,0.191008,172.940533
2023.3.2,3,0.04976,182.848131
2023.3.2,4,0.000416,197.523435
2023.3.2,5,0.012544,196.297264
2023.3.2,6,0.000424,226.586461
2023.3.2,7,0.03184,224.43149
2023.3.2,8,14.000432,209.526063
2023.3.2,9,89.703415,197.272933
2023.3.2,10,187.551301,183.395333
2023.3.2,11,249.341528,108.767148
2023.3.2,12,293.958507,36.526378
2023.3.2,13,306.706972,18.440666
2023.3.2,14,305.232664,14.981178
2023.3.2,15,282.422504,16.277953
2023.3.2,16,234.80702,56.1648
2023.3.2,17,153.923609,145.260561
2023.3.2,18,59.164052,205.468731
2023.3.2,19,7.251364,179.541248
2023.3.2,20,8.123779,146.789384
2023.3.2,21,8.08075,174.302262
2023.3.2,22,5.135096,199.040548
2023.3.2,23,1.905972,181.630668
2023.3.2,24,0.044068,154.347389
2023.3.3,1,0.000272,131.87673
2023.3.3,2,0.46994,97.225853
2023.3.3,3,0.197824,93.438631
2023.3.3,4,0.197444,95.549692
2023.3.3,5,0.091144,91.371639
2023.3.3,6,0.04994,111.589995
2023.3.3,7,0.403464,104.874432
2023.3.3,8,16.817847,80.656163
2023.3.3,9,100.471055,63.460086
2023.3.3,10,196.074546,62.772019
2023.3.3,11,257.526215,52.722468
2023.3.3,12,282.683029,18.775139
2023.3.3,13,279.012927,4.038459
2023.3.3,14,249.702013,2.65892
2023.3.3,15,222.973141,13.654357
2023.3.3,16,142.636006,18.965637
2023.3.3,17,76.198154,17.027592
2023.3.3,18,33.913649,11.365835
2023.3.3,19,6.006666,21.174843
2023.3.3,20,8.300657,35.741584
2023.3.3,21,8.23572,49.609746
2023.3.3,22,5.426958,45.987442
2023.3.3,23,1.923124,52.07885
2023.3.3,24,0.043644,50.14279
2023.3.4,1,0.000488,30.859314
2023.3.4,2,0.420152,18.518866
2023.3.4,3,0.198444,30.606667
2023.3.4,4,0.197904,35.275737
2023.3.4,5,0.099564,54.040078
2023.3.4,6,0.04994,69.932654
2023.3.4,7,0.245275,68.738368
2023.3.4,8,10.338177,53.143714
2023.3.4,9,63.020249,30.563785
2023.3.4,10,110.435284,19.888744
2023.3.4,11,185.859964,12.48636
2023.3.4,12,232.350651,3.079783
2023.3.4,13,240.230128,2.030234
2023.3.4,14,227.56903,1.82298
2023.3.4,15,223.499112,1.988444
2023.3.4,16,193.392845,6.458587
2023.3.4,17,124.961876,6.971945
2023.3.4,18,46.898104,10.499076
2023.3.4,19,7.038431,15.334051
2023.3.4,20,7.765035,7.120032
2023.3.4,21,7.742393,10.138086
2023.3.4,22,5.237508,20.704579
2023.3.4,23,1.922264,19.149033
2023.3.4,24,0.045448,17.688717
2023.3.5,1,0.000412,12.954656
2023.3.5,2,0.421424,10.759073
2023.3.5,3,0.137008,9.220178
2023.3.5,4,0.137156,7.476344
2023.3.5,5,0.179712,5.754638
2023.3.5,6,0.380364,9.121932
2023.3.5,7,0.595703,6.513676
2023.3.5,8,12.762922,3.91858
2023.3.5,9,74.631571,1.381467
2023.3.5,10,155.362087,0.968352
2023.3.5,11,201.475755,2.924564
2023.3.5,12,216.274525,5.337914
2023.3.5,13,226.630688,6.574747
2023.3.5,14,202.785335,6.511692
2023.3.5,15,156.890175,9.170531
2023.3.5,16,98.808492,6.004421
2023.3.5,17,70.518048,1.062689
2023.3.5,18,32.947689,0.030363
2023.3.5,19,6.395612,2.114463
2023.3.5,20,8.235142,2.006758
2023.3.5,21,8.301767,1.161863
2023.3.5,22,5.124244,0.007232
2023.3.5,23,1.681251,0
2023.3.5,24,0.027596,0
2023.3.6,1,0.000484,0
2023.3.6,2,0.182372,0
2023.3.6,3,0.136984,0
2023.3.6,4,0.136828,0
2023.3.6,5,0.068508,0.42
2023.3.6,6,0.021672,0.294
2023.3.6,7,0.233617,0.1488
2023.3.6,8,15.814886,0.5328
2023.3.6,9,83.704228,0.24402
2023.3.6,10,165.186707,1.16586
2023.3.6,11,214.426755,4.248435
2023.3.6,12,245.705192,7.99761
2023.3.6,13,245.741737,2.332816
2023.3.6,14,234.491136,1.341736
2023.3.6,15,220.116011,1.085836
2023.3.6,16,188.513509,7.658751
2023.3.6,17,126.374609,9.336708
2023.3.6,18,52.491098,8.612121
2023.3.6,19,7.558566,13.452481
2023.3.6,20,8.311572,24.13445
2023.3.6,21,8.392348,31.246148
2023.3.6,22,5.559338,30.166381
2023.3.6,23,1.58699,27.480531
2023.3.6,24,0.272928,34.516484
2023.3.7,1,0.000272,44.861102
2023.3.7,2,0.193176,39.579647
2023.3.7,3,0.198188,45.642963
2023.3.7,4,0.197936,47.661132
2023.3.7,5,0.07708,44.950817
2023.3.7,6,0.047548,41.238493
2023.3.7,7,0.464884,41.995324
2023.3.7,8,15.291812,47.602551
2023.3.7,9,81.202974,28.473259
2023.3.7,10,157.985951,36.761715
2023.3.7,11,218.467855,19.566245
2023.3.7,12,262.494246,14.997537
2023.3.7,13,280.371212,9.681944
2023.3.7,14,280.138189,11.161904
2023.3.7,15,256.071541,22.135793
2023.3.7,16,204.134444,30.043505
2023.3.7,17,125.943961,27.600701
2023.3.7,18,48.752455,25.425372
2023.3.7,19,7.449827,38.868987
2023.3.7,20,8.061221,46.267285
2023.3.7,21,8.140832,49.378018
2023.3.7,22,5.572299,42.475559
2023.3.7,23,2.361552,48.030977
2023.3.7,24,0.4361,56.390611
2023.3.8,1,0.000316,51.561993
2023.3.8,2,0.192628,63.16848
2023.3.8,3,0.198524,72.477574
2023.3.8,4,0.19776,73.618879
2023.3.8,5,0.076944,74.350324
2023.3.8,6,0.043068,72.530115
2023.3.8,7,0.517598,78.466655
2023.3.8,8,18.607666,76.510332
2023.3.8,9,93.260445,80.772811
2023.3.8,10,125.136226,89.442975
2023.3.8,11,168.292828,106.590551
2023.3.8,12,208.222487,58.913052
2023.3.8,13,225.01608,25.261047
2023.3.8,14,213.474545,40.058473
2023.3.8,15,204.008979,77.120214
2023.3.8,16,179.106212,99.728485
2023.3.8,17,110.311973,91.86679
2023.3.8,18,38.767673,89.427884
2023.3.8,19,5.968365,76.675834
2023.3.8,20,8.041985,85.060439
2023.3.8,21,8.031516,76.840156
2023.3.8,22,5.481695,98.463551
2023.3.8,23,2.22358,113.827078
2023.3.8,24,0.4549,113.999243
2023.3.9,1,0.000272,103.946207
2023.3.9,2,0.19182,108.123745
2023.3.9,3,0.19812,101.276379
2023.3.9,4,0.197404,111.144638
2023.3.9,5,0.076996,111.058218
2023.3.9,6,0.050016,122.951596
2023.3.9,7,0.392859,114.325997
2023.3.9,8,8.445521,97.439435
2023.3.9,9,41.985788,55.978996
2023.3.9,10,97.967348,52.274484
2023.3.9,11,164.398271,37.455719
2023.3.9,12,205.338123,24.081156
2023.3.9,13,216.29171,35.333516
2023.3.9,14,216.463653,18.273209
2023.3.9,15,189.513982,12.760976
2023.3.9,16,161.948415,16.481304
2023.3.9,17,113.086797,13.931891
2023.3.9,18,45.123836,17.794528
2023.3.9,19,7.076547,31.932036
2023.3.9,20,8.037065,34.478479
2023.3.9,21,7.79446,34.558274
2023.3.9,22,5.228661,12.294451
2023.3.9,23,1.883579,3.376101
2023.3.9,24,0.196376,1.179174
2023.3.10,1,0.000304,0.04038
2023.3.10,2,0.191708,0.602421
2023.3.10,3,0.19828,0.870021
2023.3.10,4,0.197712,0.00558
2023.3.10,5,0.093416,0.65418
2023.3.10,6,0.049976,1.259662
2023.3.10,7,0.356185,0.177871
2023.3.10,8,18.243697,0.00144
2023.3.10,9,86.921609,0.14502
2023.3.10,10,171.366764,0.23172
2023.3.10,11,224.964359,2.069696
2023.3.10,12,264.038019,1.674348
2023.3.10,13,280.865136,0.661756
2023.3.10,14,274.114246,0.479955
2023.3.10,15,245.126599,4.42689
2023.3.10,16,193.754742,5.402347
2023.3.10,17,119.856576,4.676683
2023.3.10,18,46.688213,3.698029
2023.3.10,19,7.632226,10.335519
2023.3.10,20,8.023714,15.75853
2023.3.10,21,8.113124,19.366825
2023.3.10,22,5.572719,22.991813
2023.3.10,23,2.349515,28.353674
2023.3.10,24,0.47094,34.043654
2023.3.11,1,0.000352,29.807024
2023.3.11,2,0.192312,31.506326
2023.3.11,3,0.198124,36.188796
2023.3.11,4,0.197776,37.369332
2023.3.11,5,0.09908,27.565412
2023.3.11,6,0.049856,31.466688
2023.3.11,7,0.425204,24.280247
2023.3.11,8,14.632919,24.672666
2023.3.11,9,83.665995,13.875114
2023.3.11,10,162.645164,8.76304
2023.3.11,11,197.997198,7.495643
2023.3.11,12,228.952069,5.990799
2023.3.11,13,261.081964,1.75482
2023.3.11,14,250.449181,1.937804
2023.3.11,15,244.033966,1.688748
2023.3.11,16,185.484419,4.635844
2023.3.11,17,96.050206,8.10076
2023.3.11,18,38.180525,9.865541
2023.3.11,19,7.36405,17.036432
2023.3.11,20,8.021594,28.183067
2023.3.11,21,8.071452,41.574034
2023.3.11,22,5.578533,57.365557
2023.3.11,23,2.320093,72.462113
2023.3.11,24,0.458948,81.77753
2023.3.12,1,0.000224,56.065047
2023.3.12,2,0.192244,45.741361
2023.3.12,3,0.141312,46.692767
2023.3.12,4,0.136632,30.367614
2023.3.12,5,0.067408,26.503024
2023.3.12,6,0.014472,36.926887
2023.3.12,7,0.349776,36.621334
2023.3.12,8,9.825901,35.948529
2023.3.12,9,48.016038,38.998274
2023.3.12,10,81.671692,57.113304
2023.3.12,11,68.37201,66.144661
2023.3.12,12,76.294462,107.115356
2023.3.12,13,41.653155,176.229677
2023.3.12,14,29.942155,217.941715
2023.3.12,15,34.446044,227.622176
2023.3.12,16,41.068315,213.559843
2023.3.12,17,21.47939,211.680746
2023.3.12,18,10.111344,210.70819
2023.3.12,19,2.172816,208.98602
2023.3.12,20,2.975315,223.624114
2023.3.12,21,0.034248,216.451941
2023.3.12,22,0.016872,217.244566
2023.3.12,23,0.00016,210.102857
2023.3.12,24,0.00016,191.210345
2023.3.13,1,0.000144,175.715576
2023.3.13,2,0.132376,172.026947
2023.3.13,3,0.000112,176.475449
2023.3.13,4,0.000136,185.15278
2023.3.13,5,0.02108,183.046313
2023.3.13,6,0.000112,190.071714
2023.3.13,7,0.124201,187.875458
2023.3.13,8,22.718182,174.89598
2023.3.13,9,117.547844,157.125647
2023.3.13,10,213.514,110.033243
2023.3.13,11,274.526334,41.851307
2023.3.13,12,310.218829,10.497558
2023.3.13,13,299.358649,5.04074
2023.3.13,14,293.49517,5.119773
2023.3.13,15,279.979072,7.238786
2023.3.13,16,240.349488,16.129548
2023.3.13,17,160.861055,17.968343
2023.3.13,18,67.309486,20.346496
2023.3.13,19,9.492683,33.845591
2023.3.13,20,8.107669,23.765125
2023.3.13,21,8.190527,9.913073
2023.3.13,22,5.606705,7.197228
2023.3.13,23,2.38509,15.066837
2023.3.13,24,0.443584,13.296324
2023.3.14,1,0.000352,16.096933
2023.3.14,2,0.193216,13.2133
2023.3.14,3,0.198648,14.495625
2023.3.14,4,0.198112,19.506147
2023.3.14,5,0.075736,34.121225
2023.3.14,6,0.04744,38.011318
2023.3.14,7,0.712137,48.334028
2023.3.14,8,26.90252,52.83074
2023.3.14,9,113.861163,27.346294
2023.3.14,10,203.008219,43.467969
2023.3.14,11,253.153651,11.488441
2023.3.14,12,242.138015,4.832039
2023.3.14,13,227.130924,7.950347
2023.3.14,14,225.176599,10.148984
2023.3.14,15,224.729709,6.780471
2023.3.14,16,214.973443,12.464113
2023.3.14,17,159.24494,67.917893
2023.3.14,18,68.509915,74.704847
2023.3.14,19,9.364682,76.198922
2023.3.14,20,7.981465,79.990565
2023.3.14,21,8.161743,116.164355
2023.3.14,22,5.728109,113.949914
2023.3.14,23,2.375944,115.220102
2023.3.14,24,0.45534,139.65771
2023.3.15,1,0.00044,138.272689
2023.3.15,2,0.062248,133.163283
2023.3.15,3,0.0619,128.848823
2023.3.15,4,0.061536,131.141155
2023.3.15,5,0.032212,91.673766
2023.3.15,6,0.043328,91.168095
2023.3.15,7,0.699596,77.22832
2023.3.15,8,25.585121,61.338692
2023.3.15,9,110.297463,57.761186
2023.3.15,10,184.838238,77.885437
2023.3.15,11,222.03762,26.341519
2023.3.15,12,233.674129,6.893601
2023.3.15,13,228.292842,5.527202
2023.3.15,14,204.885722,14.965655
2023.3.15,15,174.81386,51.413178
2023.3.15,16,151.902105,51.103048
2023.3.15,17,97.018246,35.099175
2023.3.15,18,26.875408,11.974851
2023.3.15,19,6.99897,15.976035
2023.3.15,20,8.033957,22.623304
2023.3.15,21,7.863372,9.03754
2023.3.15,22,5.375292,3.955764
2023.3.15,23,2.30193,10.221855
2023.3.15,24,0.460296,36.69062
2023.3.16,1,0.00044,81.929657
2023.3.16,2,0.191112,82.904849
2023.3.16,3,0.198752,113.348673
2023.3.16,4,0.198216,167.299028
2023.3.16,5,0.105588,181.593773
2023.3.16,6,0.049892,215.887899
2023.3.16,7,0.735929,209.172863
2023.3.16,8,24.095545,184.451026
2023.3.16,9,93.45358,181.584185
2023.3.16,10,177.734332,144.464029
2023.3.16,11,239.977689,69.804602
2023.3.16,12,278.574448,11.810028
2023.3.16,13,281.329121,5.497767
2023.3.16,14,277.094019,4.920792
2023.3.16,15,260.892197,16.737638
2023.3.16,16,211.741183,26.136454
2023.3.16,17,136.785303,40.358642
2023.3.16,18,52.532306,65.904937
2023.3.16,19,9.3915,79.948687
2023.3.16,20,8.077925,66.234301
2023.3.16,21,8.101723,44.881649
2023.3.16,22,5.569791,40.182136
2023.3.16,23,2.366965,23.065621
2023.3.16,24,0.4658,17.822162
2023.3.17,1,0.000428,15.182945
2023.3.17,2,0.191484,19.087455
2023.3.17,3,0.198336,17.098994
2023.3.17,4,0.197828,28.308303
2023.3.17,5,0.099656,29.514702
2023.3.17,6,0.050284,34.374797
2023.3.17,7,0.40207,21.301502
2023.3.17,8,6.87098,16.840325
2023.3.17,9,45.702674,28.675919
2023.3.17,10,77.695266,59.197777
2023.3.17,11,63.559815,54.378468
2023.3.17,12,78.410728,56.058531
2023.3.17,13,61.166571,81.632813
2023.3.17,14,27.142421,52.714583
2023.3.17,15,15.086779,33.116858
2023.3.17,16,13.382862,57.763381
2023.3.17,17,12.411941,62.420027
2023.3.17,18,5.512156,46.318372
2023.3.17,19,1.539432,68.766555
2023.3.17,20,2.852645,84.831583
2023.3.17,21,0.23416,59.365025
2023.3.17,22,0.027792,49.753251
2023.3.17,23,0.000216,78.299221
2023.3.17,24,0.000232,98.474543
2023.3.18,1,0.000232,77.545149
2023.3.18,2,0.147248,62.251918
2023.3.18,3,0.07188,61.883703
2023.3.18,4,0.00044,72.918168
2023.3.18,5,0.0144,75.039504
2023.3.18,6,0.000448,96.185118
2023.3.18,7,0.578176,100.626657
2023.3.18,8,26.824231,95.416652
2023.3.18,9,104.123356,67.966674
2023.3.18,10,199.388579,45.247586
2023.3.18,11,255.207268,8.7822
2023.3.18,12,254.564519,7.513327
2023.3.18,13,246.783773,6.950067
2023.3.18,14,243.131413,6.976383
2023.3.18,15,230.686131,8.078262
2023.3.18,16,214.757109,18.617976
2023.3.18,17,158.110537,118.643994
2023.3.18,18,66.714845,162.467902
2023.3.18,19,10.055531,185.947585
2023.3.18,20,7.489708,199.044978
2023.3.18,21,7.50988,183.438581
2023.3.18,22,5.160234,173.7788
2023.3.18,23,2.33765,164.061572
2023.3.18,24,0.452452,173.311625
2023.3.19,1,0.00028,163.337095
2023.3.19,2,0.191836,142.037478
2023.3.19,3,0.148404,125.732723
2023.3.19,4,0.137164,139.966975
2023.3.19,5,0.068376,153.420285
2023.3.19,6,0.03924,188.355512
2023.3.19,7,0.706706,164.121206
2023.3.19,8,23.572635,137.457028
2023.3.19,9,81.755021,139.312756
2023.3.19,10,184.613069,75.797577
2023.3.19,11,240.884698,8.648462
2023.3.19,12,236.374425,1.97562
2023.3.19,13,229.967398,1.57184
2023.3.19,14,215.946841,1.765184
2023.3.19,15,209.629621,1.415563
2023.3.19,16,176.892481,5.196639
2023.3.19,17,112.691819,4.634047
2023.3.19,18,45.950615,3.051227
2023.3.19,19,9.420905,6.957789
2023.3.19,20,7.476484,9.412907
2023.3.19,21,7.477973,5.223316
2023.3.19,22,5.139599,3.322737
2023.3.19,23,2.352562,3.217389
2023.3.19,24,0.460008,3.749773
2023.3.20,1,0.000516,4.837731
2023.3.20,2,0.191844,3.941044
2023.3.20,3,0.15472,3.698441
2023.3.20,4,0.137,1.449005
2023.3.20,5,0.06864,2.677226
2023.3.20,6,0.034936,4.321162
2023.3.20,7,0.513457,0.3876
2023.3.20,8,16.760032,0.228
2023.3.20,9,73.445523,0.89544
2023.3.20,10,95.393317,0.418931
2023.3.20,11,105.523847,1.931735
2023.3.20,12,118.291,5.540075
2023.3.20,13,66.004986,5.977179
2023.3.20,14,66.384119,9.771517
2023.3.20,15,66.06784,10.062593
2023.3.20,16,59.068614,6.80111
2023.3.20,17,57.597602,6.528091
2023.3.20,18,20.379536,3.055644
2023.3.20,19,4.762097,6.433169
2023.3.20,20,4.555627,4.952698
2023.3.20,21,2.69761,6.828307
2023.3.20,22,0.550025,8.4122
2023.3.20,23,0.016148,3.911021
2023.3.20,24,0.000472,4.162815
2023.3.21,1,0.000376,9.388982
2023.3.21,2,0.177036,10.080952
2023.3.21,3,0.137072,3.017687
2023.3.21,4,0.136736,2.988921
2023.3.21,5,0.038184,3.486701
2023.3.21,6,0.047592,7.96995
2023.3.21,7,0.028416,16.621733
2023.3.21,8,2.161351,34.802263
2023.3.21,9,6.960376,43.55464
2023.3.21,10,17.350529,50.380236
2023.3.21,11,25.007896,45.12671
2023.3.21,12,37.455908,39.06945
2023.3.21,13,46.292685,29.06315
2023.3.21,14,81.04881,27.102249
2023.3.21,15,90.622337,22.454894
2023.3.21,16,63.795117,24.106498
2023.3.21,17,65.986395,21.128595
2023.3.21,18,32.408389,17.588488
2023.3.21,19,6.496689,25.854954
2023.3.21,20,4.37129,30.203151
2023.3.21,21,1.517064,29.010803
2023.3.21,22,0.215816,21.422031
2023.3.21,23,0.011224,13.946191
2023.3.21,24,0.000488,7.086273
2023.3.22,1,0.000304,7.640551
2023.3.22,2,0.189072,6.068453
2023.3.22,3,0.175216,9.500304
2023.3.22,4,0.136816,8.877332
2023.3.22,5,0.003672,12.99214
2023.3.22,6,0.007,15.806256
2023.3.22,7,0.207791,8.658206
2023.3.22,8,7.797067,5.112209
2023.3.22,9,34.173425,8.626011
2023.3.22,10,61.545308,12.633297
2023.3.22,11,53.266113,20.421004
2023.3.22,12,66.017689,16.170075
2023.3.22,13,52.104464,19.072883
2023.3.22,14,50.827558,27.335128
2023.3.22,15,24.580339,21.920148
2023.3.22,16,14.804863,18.747077
2023.3.22,17,11.847397,14.44344
2023.3.22,18,7.895063,12.955304
2023.3.22,19,2.234642,20.053905
2023.3.22,20,4.177151,17.838003
2023.3.22,21,0.91842,20.316493
2023.3.22,22,0.205444,13.930892
2023.3.22,23,0.000392,4.083325
2023.3.22,24,0.0004,4.052258
2023.3.23,1,0.000392,2.714404
2023.3.23,2,0.158712,3.626772
2023.3.23,3,0.137672,1.773982
2023.3.23,4,0.078824,0.10728
2023.3.23,5,0.022624,0.466276
2023.3.23,6,0.050056,6.394609
2023.3.23,7,0.076947,14.881845
2023.3.23,8,5.406223,22.349652
2023.3.23,9,34.456677,73.919335
2023.3.23,10,76.452607,82.492696
2023.3.23,11,151.174897,60.896883
2023.3.23,12,121.62619,49.582253
2023.3.23,13,75.291839,58.892278
2023.3.23,14,65.933061,60.644991
2023.3.23,15,95.119256,53.849243
2023.3.23,16,90.864208,79.336625
2023.3.23,17,77.544248,117.205405
2023.3.23,18,32.334287,155.331703
2023.3.23,19,5.660711,171.834012
2023.3.23,20,4.804659,110.846273
2023.3.23,21,3.547482,94.058784
2023.3.23,22,1.27288,116.377018
2023.3.23,23,0.195544,102.16066
2023.3.23,24,0.000424,104.938281
2023.3.24,1,0.000192,89.07527
2023.3.24,2,0.189924,97.693311
2023.3.24,3,0.172004,139.62602
2023.3.24,4,0.061104,103.682407
2023.3.24,5,0.009032,77.933474
2023.3.24,6,0.000248,59.094601
2023.3.24,7,0.086655,43.870092
2023.3.24,8,2.335156,49.424422
2023.3.24,9,14.356764,58.052069
2023.3.24,10,42.981416,40.182028
2023.3.24,11,80.005185,32.479065
2023.3.24,12,92.744996,27.935647
2023.3.24,13,40.796279,21.373235
2023.3.24,14,28.532847,14.239983
2023.3.24,15,26.396471,20.13062
2023.3.24,16,16.339542,21.610229
2023.3.24,17,9.841641,19.099865
2023.3.24,18,4.905742,21.320236
2023.3.24,19,1.31793,27.771897
2023.3.24,20,3.679236,34.333051
2023.3.24,21,0.86289,31.27079
2023.3.24,22,0.225565,48.91511
2023.3.24,23,0.00032,44.028641
2023.3.24,24,0.000272,39.957757
2023.3.25,1,0.000288,24.837078
2023.3.25,2,0.163096,26.434421
2023.3.25,3,0.137384,33.995679
2023.3.25,4,0.0078,61.234249
2023.3.25,5,0.015752,66.380885
2023.3.25,6,0.000248,45.944421
2023.3.25,7,0.100577,34.344263
2023.3.25,8,4.245049,34.24449
2023.3.25,9,16.457377,50.544891
2023.3.25,10,38.361621,49.244238
2023.3.25,11,39.27041,33.614188
2023.3.25,12,40.977316,30.062212
2023.3.25,13,43.948337,30.904052
2023.3.25,14,55.310512,26.30124
2023.3.25,15,59.272388,23.498365
2023.3.25,16,55.230516,26.994298
2023.3.25,17,28.122451,33.833532
2023.3.25,18,12.13759,39.71682
2023.3.25,19,2.237894,55.688253
2023.3.25,20,2.637877,52.157346
2023.3.25,21,0.415596,34.357302
2023.3.25,22,0.03736,28.886625
2023.3.25,23,0.000272,19.554426
2023.3.25,24,0.000272,24.999743
2023.3.26,1,0.000288,21.329079
2023.3.26,2,0.12956,21.106191
2023.3.26,3,0.099344,31.254043
2023.3.26,4,0.000288,42.47183
2023.3.26,5,0.000288,50.646236
2023.3.26,6,0.00028,70.79245
2023.3.26,7,0.202203,84.382933
2023.3.26,8,14.215392,87.869539
2023.3.26,9,39.677723,96.46061
2023.3.26,10,73.795706,119.237353
2023.3.26,11,161.763229,99.626245
2023.3.26,12,285.13057,9.821874
2023.3.26,13,291.626095,13.6406
2023.3.26,14,272.455932,12.211778
2023.3.26,15,253.894714,26.309044
2023.3.26,16,222.0277,71.565419
2023.3.26,17,151.50018,154.409129
2023.3.26,18,66.522319,166.88143
2023.3.26,19,11.396834,176.469447
2023.3.26,20,6.325109,201.582953
2023.3.26,21,6.35866,211.531616
2023.3.26,22,4.621383,206.915033
2023.3.26,23,1.681628,200.218383
2023.3.26,24,0.297064,199.687712
2023.3.27,1,0.000416,177.165819
2023.3.27,2,0.192068,198.481327
2023.3.27,3,0.153768,159.961802
2023.3.27,4,0.13682,153.88234
2023.3.27,5,0.06792,160.966109
2023.3.27,6,0.026032,178.494442
2023.3.27,7,0.90893,169.372092
2023.3.27,8,26.989003,165.61158
2023.3.27,9,129.024812,150.464868
2023.3.27,10,226.240321,144.687512
2023.3.27,11,287.536433,62.774849
2023.3.27,12,315.934325,13.643996
2023.3.27,13,303.374796,5.339097
2023.3.27,14,300.440795,4.284185
2023.3.27,15,300.544886,8.6475
2023.3.27,16,249.801807,59.761006
2023.3.27,17,170.076689,111.730445
2023.3.27,18,76.810273,124.160211
2023.3.27,19,11.969096,128.062708
2023.3.27,20,7.025581,129.167985
2023.3.27,21,7.111884,116.157152
2023.3.27,22,5.052749,107.114522
2023.3.27,23,2.118134,98.718676
2023.3.27,24,0.694312,62.123098
2023.3.28,1,0.136544,51.486177
2023.3.28,2,0.191844,19.231913
2023.3.28,3,0.198524,9.306294
2023.3.28,4,0.197964,6.658582
2023.3.28,5,0.07716,5.910125
2023.3.28,6,0.04724,22.417082
2023.3.28,7,2.549433,14.355895
2023.3.28,8,42.15387,8.735811
2023.3.28,9,125.787832,4.410565
2023.3.28,10,202.065788,7.082765
2023.3.28,11,248.933004,8.898572
2023.3.28,12,283.684167,7.269773
2023.3.28,13,296.156984,1.676199
2023.3.28,14,292.293262,8.595434
2023.3.28,15,264.877755,19.112829
2023.3.28,16,214.044957,15.610682
2023.3.28,17,138.106207,7.734802
2023.3.28,18,59.753757,2.807982
2023.3.28,19,11.149577,7.875738
2023.3.28,20,7.722962,17.617806
2023.3.28,21,7.811334,12.983437
2023.3.28,22,5.15847,10.59747
2023.3.28,23,2.111985,10.263657
2023.3.28,24,0.68976,8.417352
2023.3.29,1,0.157744,5.74029
2023.3.29,2,0.191832,3.085858
2023.3.29,3,0.19822,4.121407
2023.3.29,4,0.197992,1.816092
2023.3.29,5,0.07776,7.231057
2023.3.29,6,0.04322,8.580303
2023.3.29,7,2.874186,7.714074
2023.3.29,8,40.835416,2.166642
2023.3.29,9,123.323132,0.196941
2023.3.29,10,203.851388,0.3738
2023.3.29,11,252.048187,1.774877
2023.3.29,12,282.804202,3.389452
2023.3.29,13,288.398429,1.703019
2023.3.29,14,282.552171,1.394322
2023.3.29,15,259.542258,1.587046
2023.3.29,16,203.005472,2.168119
2023.3.29,17,127.070473,0.370681
2023.3.29,18,62.508034,0.228762
2023.3.29,19,12.851771,0.096812
2023.3.29,20,7.488837,0.2853
2023.3.29,21,7.492635,0.26964
2023.3.29,22,4.919347,0.32736
2023.3.29,23,1.963854,0.01056
2023.3.29,24,0.689944,0.47644
2023.3.30,1,0.158808,1.193992
2023.3.30,2,0.192012,0.46872
2023.3.30,3,0.198592,1.18998
2023.3.30,4,0.197912,1.78231
2023.3.30,5,0.100552,2.929207
2023.3.30,6,0.050276,4.971071
2023.3.30,7,0.85695,4.902523
2023.3.30,8,19.398487,8.841044
2023.3.30,9,67.169849,7.63091
2023.3.30,10,102.334611,2.03465
2023.3.30,11,171.759643,3.791597
2023.3.30,12,209.472765,9.64032
2023.3.30,13,215.900569,13.008417
2023.3.30,14,185.065585,12.847694
2023.3.30,15,178.024571,13.416853
2023.3.30,16,137.825799,13.81235
2023.3.30,17,60.205769,8.603766
2023.3.30,18,20.536061,1.462208
2023.3.30,19,4.869654,5.278721
2023.3.30,20,7.631548,6.960461
2023.3.30,21,6.934314,4.42602
2023.3.30,22,3.955378,0.756
2023.3.30,23,1.275719,0.199011
2023.3.30,24,0.390832,2.444061
2023.3.31,1,0.165536,9.15106
2023.3.31,2,0.190064,8.789732
2023.3.31,3,0.198144,5.040676
2023.3.31,4,0.171608,3.153631
2023.3.31,5,0.0679,5.182697
2023.3.31,6,0.050192,6.816084
2023.3.31,7,2.12529,3.860412
2023.3.31,8,38.186768,4.75498
2023.3.31,9,136.142674,7.995435
2023.3.31,10,220.158416,20.038042
2023.3.31,11,271.626911,26.255816
2023.3.31,12,301.496014,10.161291
2023.3.31,13,295.803843,4.633299
2023.3.31,14,284.885829,6.012813
2023.3.31,15,233.338752,19.491796
2023.3.31,16,202.838354,17.065692
2023.3.31,17,148.212512,18.176924
2023.3.31,18,66.387881,5.917447
2023.3.31,19,14.033881,5.623092
2023.3.31,20,7.711832,11.275827
2023.3.31,21,7.843496,9.062092
2023.3.31,22,5.218968,4.393968
2023.3.31,23,2.097275,2.636105
2023.3.31,24,0.681464,6.896952
2023.4.1,1,0.155824,6.451471
2023.4.1,2,0.191184,6.426137
2023.4.1,3,0.198368,8.641444
2023.4.1,4,0.197672,10.692331
2023.4.1,5,0.098736,14.970687
2023.4.1,6,0.075675,33.573055
2023.4.1,7,3.864707,28.692512
2023.4.1,8,34.551147,23.572608
2023.4.1,9,84.248866,14.37324
2023.4.1,10,138.711618,12.708158
2023.4.1,11,196.129224,15.644783
2023.4.1,12,260.124964,6.868694
2023.4.1,13,267.176983,3.071941
2023.4.1,14,241.120469,3.584748
2023.4.1,15,227.857879,15.150477
2023.4.1,16,194.319088,16.286535
2023.4.1,17,135.811723,11.721773
2023.4.1,18,61.651825,11.653867
2023.4.1,19,15.734789,11.777669
2023.4.1,20,7.640016,12.304932
2023.4.1,21,7.758869,8.7186
2023.4.1,22,5.56483,6.065766
2023.4.1,23,2.275771,33.035641
2023.4.1,24,0.668184,47.524376
2023.4.2,1,0.154888,45.367111
2023.4.2,2,0.19094,57.936946
2023.4.2,3,0.156416,66.119858
2023.4.2,4,0.137028,72.473801
2023.4.2,5,0.067348,49.725988
2023.4.2,6,0.058123,82.186145
2023.4.2,7,3.787012,76.242033
2023.4.2,8,47.262975,69.36649
2023.4.2,9,135.635422,71.93544
2023.4.2,10,219.055431,53.802119
2023.4.2,11,247.591173,10.258343
2023.4.2,12,236.581092,7.769159
2023.4.2,13,231.713857,7.855826
2023.4.2,14,230.283233,7.704403
2023.4.2,15,221.703536,7.578682
2023.4.2,16,198.801605,9.408365
2023.4.2,17,165.178928,92.935229
2023.4.2,18,75.699118,141.160257
2023.4.2,19,13.355836,135.633836
2023.4.2,20,7.645263,132.720725
2023.4.2,21,7.804443,148.308629
2023.4.2,22,5.618028,175.742966
2023.4.2,23,2.414215,165.217961
2023.4.2,24,0.689476,151.876026
2023.4.3,1,0.152104,119.150977
2023.4.3,2,0.190988,111.402538
2023.4.3,3,0.149984,101.818622
2023.4.3,4,0.137096,91.084489
2023.4.3,5,0.067192,113.707628
2023.4.3,6,0.07223,142.842781
2023.4.3,7,3.970197,118.198057
2023.4.3,8,38.769006,119.572642
2023.4.3,9,111.541256,143.590905
2023.4.3,10,185.979253,142.770787
2023.4.3,11,225.91554,85.933508
2023.4.3,12,257.750462,31.369362
2023.4.3,13,278.972098,16.205283
2023.4.3,14,288.605779,14.742442
2023.4.3,15,272.963246,15.391574
2023.4.3,16,223.816181,70.012416
2023.4.3,17,139.248447,73.838365
2023.4.3,18,62.923964,61.155594
2023.4.3,19,11.810237,53.432403
2023.4.3,20,7.719664,46.56012
2023.4.3,21,7.619359,49.317724
2023.4.3,22,5.208371,47.11135
2023.4.3,23,2.124645,45.865593
2023.4.3,24,0.684364,38.337758
2023.4.4,1,0.168328,27.403923
2023.4.4,2,0.190892,33.222218
2023.4.4,3,0.198208,34.352034
2023.4.4,4,0.198192,30.019745
2023.4.4,5,0.076152,39.72886
2023.4.4,6,0.064025,55.066867
2023.4.4,7,2.339369,65.617834
2023.4.4,8,19.114154,72.739947
2023.4.4,9,38.985981,102.687428
2023.4.4,10,42.923712,139.671297
2023.4.4,11,45.970825,168.30348
2023.4.4,12,71.220407,175.614189
2023.4.4,13,78.025257,194.429871
2023.4.4,14,66.387542,207.383866
2023.4.4,15,62.806276,203.413968
2023.4.4,16,36.331262,210.889075
2023.4.4,17,17.570611,209.21497
2023.4.4,18,6.44013,188.449238
2023.4.4,19,2.211918,195.160456
2023.4.4,20,3.943845,204.003384
2023.4.4,21,1.037821,206.111245
2023.4.4,22,0.168544,166.806258
2023.4.4,23,0.011152,170.178607
2023.4.4,24,0.00036,205.626982
2023.4.5,1,0.000392,164.692075
2023.4.5,2,0.184864,123.125569
2023.4.5,3,0.136888,135.474741
2023.4.5,4,0.13672,141.725197
2023.4.5,5,0.044704,146.692651
2023.4.5,6,0.002183,171.489892
2023.4.5,7,0.042622,168.250811
2023.4.5,8,1.263955,168.834997
2023.4.5,9,4.949306,161.577725
2023.4.5,10,9.174568,162.455639
2023.4.5,11,14.124798,151.727901
2023.4.5,12,21.436191,113.53733
2023.4.5,13,28.032593,95.875246
2023.4.5,14,32.123557,63.907259
2023.4.5,15,44.902278,16.206452
2023.4.5,16,33.77759,16.134943
2023.4.5,17,21.022805,12.894291
2023.4.5,18,10.83645,34.608545
2023.4.5,19,1.136485,74.21633
2023.4.5,20,1.744174,41.83649
2023.4.5,21,0.00868,70.803777
2023.4.5,22,0.00224,66.439996
2023.4.5,23,0.000224,71.70639
2023.4.5,24,0.000272,56.475931
2023.4.6,1,0.204888,39.508449
2023.4.6,2,0.051832,44.191682
2023.4.6,3,0.000288,41.839911
2023.4.6,4,0.00028,38.619735
2023.4.6,5,0.000328,50.632843
2023.4.6,6,0.018465,63.948708
2023.4.6,7,1.353147,45.129339
2023.4.6,8,17.507003,30.415066
2023.4.6,9,47.434015,16.387319
2023.4.6,10,63.83347,7.194021
2023.4.6,11,58.098127,3.396272
2023.4.6,12,76.537733,6.76071
2023.4.6,13,113.056666,14.286149
2023.4.6,14,118.442021,13.498332
2023.4.6,15,75.597775,11.466466
2023.4.6,16,69.262942,10.884448
2023.4.6,17,30.271448,22.867219
2023.4.6,18,8.624137,27.47263
2023.4.6,19,1.848307,77.959165
2023.4.6,20,4.366832,67.322959
2023.4.6,21,1.59598,64.554848
2023.4.6,22,0.134284,64.316202
2023.4.6,23,0.000208,95.846681
2023.4.6,24,0.000208,74.775055
2023.4.7,1,0.000208,58.322803
2023.4.7,2,0.189016,70.739244
2023.4.7,3,0.133352,131.694703
2023.4.7,4,0.000184,126.515659
2023.4.7,5,0.01524,164.057233
2023.4.7,6,0.04067,199.182818
2023.4.7,7,4.854918,197.497515
2023.4.7,8,48.625879,184.939017
2023.4.7,9,124.513337,154.645374
2023.4.7,10,194.89971,168.566358
2023.4.7,11,248.503406,106.969054
2023.4.7,12,294.678368,29.959067
2023.4.7,13,276.930741,42.457998
2023.4.7,14,269.623937,60.161401
2023.4.7,15,201.352099,102.646069
2023.4.7,16,135.752979,117.049766
2023.4.7,17,86.586828,104.093988
2023.4.7,18,48.852956,101.735331
2023.4.7,19,11.394694,148.7142
2023.4.7,20,7.952768,189.244745
2023.4.7,21,7.260888,171.243427
2023.4.7,22,5.211784,159.822368
2023.4.7,23,2.114034,172.262789
2023.4.7,24,0.455032,174.61193
2023.4.8,1,0.1558,169.225972
2023.4.8,2,0.192016,167.460507
2023.4.8,3,0.198236,170.555811
2023.4.8,4,0.198244,163.127866
2023.4.8,5,0.097144,165.534258
2023.4.8,6,0.100588,203.048799
2023.4.8,7,5.620221,183.228322
2023.4.8,8,62.449189,143.674115
2023.4.8,9,166.073452,67.089544
2023.4.8,10,248.941873,24.898119
2023.4.8,11,269.938391,6.636341
2023.4.8,12,249.612403,4.653902
2023.4.8,13,248.984004,6.851583
2023.4.8,14,241.410627,7.029841
2023.4.8,15,226.367243,9.513778
2023.4.8,16,214.55879,24.508763
2023.4.8,17,172.552613,79.215826
2023.4.8,18,83.752033,100.531461
2023.4.8,19,15.913139,79.149305
2023.4.8,20,7.804952,76.823679
2023.4.8,21,7.904739,78.281256
2023.4.8,22,5.395745,89.373304
2023.4.8,23,2.434415,84.597106
2023.4.8,24,0.691028,60.881184
2023.4.9,1,0.148224,46.467477
2023.4.9,2,0.192036,43.810833
2023.4.9,3,0.175728,39.202386
2023.4.9,4,0.137148,39.016854
2023.4.9,5,0.066632,35.460726
2023.4.9,6,0.102982,50.871503
2023.4.9,7,6.434869,49.213213
2023.4.9,8,61.013122,23.201648
2023.4.9,9,157.870108,7.264272
2023.4.9,10,235.565006,1.714648
2023.4.9,11,244.50106,1.488265
2023.4.9,12,241.779789,1.207449
2023.4.9,13,237.406637,2.61608
2023.4.9,14,233.347314,1.772126
2023.4.9,15,226.914513,2.914328
2023.4.9,16,225.69847,3.403137
2023.4.9,17,171.13493,13.295621
2023.4.9,18,80.857845,9.138949
2023.4.9,19,16.680289,6.022463
2023.4.9,20,7.745024,6.679271
2023.4.9,21,7.939688,2.83698
2023.4.9,22,5.463724,8.549621
2023.4.9,23,2.431006,32.0934
2023.4.9,24,0.6891,53.062743
2023.4.10,1,0.151128,74.35871
2023.4.10,2,0.192084,86.54431
2023.4.10,3,0.173328,75.979969
2023.4.10,4,0.13692,67.126779
2023.4.10,5,0.066536,65.611706
2023.4.10,6,0.108064,82.131791
2023.4.10,7,7.008258,77.485233
2023.4.10,8,57.342766,46.722235
2023.4.10,9,144.999588,45.568647
2023.4.10,10,227.632704,61.874778
2023.4.10,11,280.437461,21.48365
2023.4.10,12,277.715629,6.177042
2023.4.10,13,271.608343,9.800958
2023.4.10,14,285.545943,11.197796
2023.4.10,15,259.210906,22.59976
2023.4.10,16,223.143036,56.803616
2023.4.10,17,153.35107,46.772426
2023.4.10,18,73.326529,26.591085
2023.4.10,19,17.019236,32.728641
2023.4.10,20,8.088173,82.476691
2023.4.10,21,8.312191,121.151113
2023.4.10,22,5.554464,120.784373
2023.4.10,23,2.260313,133.058238
2023.4.10,24,0.681988,142.470245
2023.4.11,1,0.15772,152.526204
2023.4.11,2,0.19138,155.14427
2023.4.11,3,0.198448,128.858277
2023.4.11,4,0.183808,92.900343
2023.4.11,5,0.085352,87.601171
2023.4.11,6,0.081033,124.780694
2023.4.11,7,5.786003,130.572024
2023.4.11,8,48.674783,158.281276
2023.4.11,9,117.476953,165.266753
2023.4.11,10,160.6685,145.919327
2023.4.11,11,187.663603,134.395754
2023.4.11,12,231.53353,83.427929
2023.4.11,13,247.447039,26.628443
2023.4.11,14,224.744439,73.134553
2023.4.11,15,153.188468,157.261821
2023.4.11,16,92.023617,161.80716
2023.4.11,17,48.837176,141.575889
2023.4.11,18,13.950777,111.155222
2023.4.11,19,2.964894,82.354272
2023.4.11,20,6.392822,82.022339
2023.4.11,21,4.212056,78.925231
2023.4.11,22,2.665623,53.625376
2023.4.11,23,0.525927,38.355166
2023.4.11,24,0.373848,33.500505
2023.4.12,1,0.145176,78.628455
2023.4.12,2,0.186768,101.637544
2023.4.12,3,0.137024,135.744336
2023.4.12,4,0.136584,163.525559
2023.4.12,5,0.028584,150.828523
2023.4.12,6,0.088121,186.465106
2023.4.12,7,6.91383,179.956499
2023.4.12,8,55.31068,172.100873
2023.4.12,9,143.621666,154.273563
2023.4.12,10,235.588985,87.423801
2023.4.12,11,291.586507,14.08903
2023.4.12,12,289.024389,5.02492
2023.4.12,13,269.567442,4.340044
2023.4.12,14,261.460698,6.660817
2023.4.12,15,266.060557,10.567025
2023.4.12,16,247.505943,21.756245
2023.4.12,17,178.172356,59.521919
2023.4.12,18,85.331129,56.739085
2023.4.12,19,18.425698,107.299916
2023.4.12,20,7.912851,105.276418
2023.4.12,21,8.088892,65.84471
2023.4.12,22,5.461025,61.238585
2023.4.12,23,2.090169,81.437854
2023.4.12,24,0.685752,13.282339
2023.4.13,1,0.15288,36.46484
2023.4.13,2,0.191376,49.915855
2023.4.13,3,0.198132,52.152597
2023.4.13,4,0.197856,35.505738
2023.4.13,5,0.09684,16.429358
2023.4.13,6,0.103399,22.204478
2023.4.13,7,9.487821,11.4409
2023.4.13,8,63.104322,9.747356
2023.4.13,9,136.998023,5.584244
2023.4.13,10,222.977453,5.717089
2023.4.13,11,281.025937,5.139293
2023.4.13,12,291.140464,1.912011
2023.4.13,13,277.191761,1.184377
2023.4.13,14,274.227402,0.921583
2023.4.13,15,277.077216,2.941109
2023.4.13,16,238.622872,11.458442
2023.4.13,17,164.536014,22.150739
2023.4.13,18,73.570362,28.168027
2023.4.13,19,17.494196,32.006105
2023.4.13,20,8.124194,49.491256
2023.4.13,21,8.335109,37.078786
2023.4.13,22,5.703952,25.633194
2023.4.13,23,2.117614,29.604249
2023.4.13,24,0.686924,58.151242
2023.4.14,1,0.153752,64.03601
2023.4.14,2,0.190868,37.891393
2023.4.14,3,0.197796,63.883959
2023.4.14,4,0.197776,80.097704
2023.4.14,5,0.097072,66.292076
2023.4.14,6,0.058522,83.769401
2023.4.14,7,0.961148,45.300222
2023.4.14,8,4.533723,33.231985
2023.4.14,9,18.575132,42.653351
2023.4.14,10,11.209782,10.78094
2023.4.14,11,27.801942,14.69297
2023.4.14,12,42.813223,23.15301
2023.4.14,13,16.096692,24.187846
2023.4.14,14,20.480044,70.71387
2023.4.14,15,30.241239,103.314592
2023.4.14,16,35.266731,108.102192
2023.4.14,17,34.280456,100.960974
2023.4.14,18,17.895437,105.968237
2023.4.14,19,6.424088,137.932774
2023.4.14,20,2.052877,112.574379
2023.4.14,21,0.045512,94.406876
2023.4.14,22,0.01024,71.394859
2023.4.14,23,0.000304,51.118326
2023.4.14,24,0.000328,43.136537
2023.4.15,1,0.00036,34.958777
2023.4.15,2,0.0004,43.898318
2023.4.15,3,0.000352,57.241595
2023.4.15,4,0.000264,64.278989
2023.4.15,5,0.000248,78.646667
2023.4.15,6,0.006529,84.520023
2023.4.15,7,0.541357,67.941249
2023.4.15,8,6.480431,97.831839
2023.4.15,9,47.293863,85.190663
2023.4.15,10,92.841038,54.293056
2023.4.15,11,91.249201,53.312303
2023.4.15,12,177.875805,70.185519
2023.4.15,13,254.189297,39.942886
2023.4.15,14,226.186961,41.071394
2023.4.15,15,196.765173,83.011206
2023.4.15,16,180.744735,110.392894
2023.4.15,17,115.516664,136.570989
2023.4.15,18,38.070501,143.72121
2023.4.15,19,15.451388,120.06985
2023.4.15,20,7.50486,89.536766
2023.4.15,21,6.952137,57.543438
2023.4.15,22,4.350165,54.603841
2023.4.15,23,2.187633,59.950124
2023.4.15,24,0.685188,45.458684
2023.4.16,1,0.150952,17.676099
2023.4.16,2,0.001736,4.203869
2023.4.16,3,0.00038,39.025493
2023.4.16,4,0.000296,18.359331
2023.4.16,5,0.000304,31.067233
2023.4.16,6,0.058074,27.837437
2023.4.16,7,8.917822,15.499679
2023.4.16,8,50.288424,30.603722
2023.4.16,9,126.021919,75.304102
2023.4.16,10,147.015837,156.722702
2023.4.16,11,206.441239,87.068001
2023.4.16,12,263.98089,9.143111
2023.4.16,13,262.111222,4.445889
2023.4.16,14,253.775475,4.044608
2023.4.16,15,239.099189,7.218242
2023.4.16,16,230.991757,16.330421
2023.4.16,17,155.78641,116.288957
2023.4.16,18,73.126706,178.604599
2023.4.16,19,18.666516,163.515908
2023.4.16,20,8.13133,122.634882
2023.4.16,21,8.172504,68.519295
2023.4.16,22,5.477524,58.459532
2023.4.16,23,2.346221,38.537303
2023.4.16,24,0.68652,42.928075
2023.4.17,1,0.164504,27.059868
2023.4.17,2,0.002416,12.333573
2023.4.17,3,0.00052,4.538585
2023.4.17,4,0.00028,0.675303
2023.4.17,5,0.000484,0.332978
2023.4.17,6,0.060159,9.838206
2023.4.17,7,9.043403,0.56414
2023.4.17,8,64.916131,1.243838
2023.4.17,9,152.190376,4.84716
2023.4.17,10,229.698563,12.961365
2023.4.17,11,277.003673,24.652748
2023.4.17,12,308.473183,4.508945
2023.4.17,13,305.719578,9.841095
2023.4.17,14,299.745631,10.676327
2023.4.17,15,285.194354,10.414211
2023.4.17,16,235.328818,61.295048
2023.4.17,17,157.131257,125.838059
2023.4.17,18,73.558017,148.37928
2023.4.17,19,18.569501,132.273587
2023.4.17,20,8.36534,158.515112
2023.4.17,21,8.304292,171.829475
2023.4.17,22,5.635661,172.3955
2023.4.17,23,2.361583,178.398897
2023.4.17,24,0.68338,165.82748
2023.4.18,1,0.154032,144.750782
2023.4.18,2,0.002708,171.37035
2023.4.18,3,0.000524,200.231078
2023.4.18,4,0.000604,192.576698
2023.4.18,5,0.00062,193.352105
2023.4.18,6,0.056083,219.718076
2023.4.18,7,6.701717,202.109486
2023.4.18,8,46.545303,197.061782
2023.4.18,9,120.645717,197.498881
2023.4.18,10,153.93633,194.737409
2023.4.18,11,158.382054,182.82488
2023.4.18,12,156.278025,163.341682
2023.4.18,13,135.208737,133.202923
2023.4.18,14,125.224068,115.882223
2023.4.18,15,97.750464,123.714056
2023.4.18,16,96.005711,142.055966
2023.4.18,17,64.990169,125.483753
2023.4.18,18,35.791338,141.379985
2023.4.18,19,10.99037,134.76249
2023.4.18,20,4.057047,130.207933
2023.4.18,21,3.023829,107.896785
2023.4.18,22,2.045664,94.426916
2023.4.18,23,0.558498,60.676078
2023.4.18,24,0.372872,55.165576
2023.4.19,1,0.157888,45.610857
2023.4.19,2,0.000432,50.574835
2023.4.19,3,0.000336,37.072076
2023.4.19,4,0.000288,11.722291
2023.4.19,5,0.000312,10.53555
2023.4.19,6,0.022375,21.183946
2023.4.19,7,1.942149,15.202775
2023.4.19,8,16.075941,13.162303
2023.4.19,9,48.721136,8.989353
2023.4.19,10,66.222317,14.162375
2023.4.19,11,129.860942,10.111218
2023.4.19,12,169.918876,7.876361
2023.4.19,13,203.542598,4.133624
2023.4.19,14,178.756208,4.796858
2023.4.19,15,120.25892,3.671018
2023.4.19,16,94.882186,3.137575
2023.4.19,17,49.872363,3.530928
2023.4.19,18,33.339845,25.474146
2023.4.19,19,24.294345,58.479591
2023.4.19,20,8.021463,48.93142
2023.4.19,21,6.375877,41.804429
2023.4.19,22,3.808213,51.440398
2023.4.19,23,0.956054,32.287902
2023.4.19,24,0.372284,14.141888
2023.4.20,1,0.14824,10.93884
2023.4.20,2,0.000716,5.398566
2023.4.20,3,0.00032,6.88277
2023.4.20,4,0.000432,5.740092
2023.4.20,5,0.000424,7.104852
2023.4.20,6,0.066358,9.35014
2023.4.20,7,10.548146,5.788162
2023.4.20,8,65.536918,1.215404
2023.4.20,9,151.755373,9.312176
2023.4.20,10,229.676082,20.093309
2023.4.20,11,272.934579,16.613677
2023.4.20,12,305.96688,5.588408
2023.4.20,13,305.125948,3.060108
2023.4.20,14,292.438695,2.013749
2023.4.20,15,262.047669,1.755921
2023.4.20,16,202.467887,2.701701
2023.4.20,17,141.205843,3.038997
2023.4.20,18,79.933223,4.014531
2023.4.20,19,25.689521,2.548096
2023.4.20,20,8.61225,4.176697
2023.4.20,21,8.387609,14.129127
2023.4.20,22,5.693688,30.803594
2023.4.20,23,2.366562,60.645734
2023.4.20,24,0.666792,107.341901
2023.4.21,1,0.141496,107.632175
2023.4.21,2,0.001904,112.147665
2023.4.21,3,0.00042,110.771617
2023.4.21,4,0.000492,116.269081
2023.4.21,5,0.000416,121.819988
2023.4.21,6,0.038364,154.021901
2023.4.21,7,5.151403,160.067611
2023.4.21,8,42.458898,156.352668
2023.4.21,9,114.204235,114.506625
2023.4.21,10,176.073632,106.401061
2023.4.21,11,242.328217,89.383519
2023.4.21,12,303.590941,19.507128
2023.4.21,13,303.103454,20.257444
2023.4.21,14,299.562085,18.776609
2023.4.21,15,281.380049,25.093208
2023.4.21,16,240.555447,63.466183
2023.4.21,17,164.444636,87.972935
2023.4.21,18,77.716282,74.167571
2023.4.21,19,19.767364,54.816964
2023.4.21,20,8.459219,63.475052
2023.4.21,21,8.597089,56.068804
2023.4.21,22,5.919827,46.717163
2023.4.21,23,2.39855,43.643911
2023.4.21,24,0.684916,50.721711
2023.4.22,1,0.16336,63.432686
2023.4.22,2,0.001444,52.379075
2023.4.22,3,0.000464,54.783567
2023.4.22,4,0.000184,58.743619
2023.4.22,5,0.000288,75.512381
2023.4.22,6,0.055519,120.716588
2023.4.22,7,9.127247,116.828844
2023.4.22,8,56.675924,122.878596
2023.4.22,9,146.068288,135.963758
2023.4.22,10,229.458372,57.108984
2023.4.22,11,271.007013,20.745647
2023.4.22,12,269.205385,17.989769
2023.4.22,13,261.806659,11.547072
2023.4.22,14,253.488559,13.996732
2023.4.22,15,236.285299,28.970445
2023.4.22,16,193.925889,110.364323
2023.4.22,17,115.892279,171.78515
2023.4.22,18,61.833936,161.697689
2023.4.22,19,23.652609,145.225131
2023.4.22,20,8.524933,140.279493
2023.4.22,21,8.507461,142.635085
2023.4.22,22,5.807785,145.200208
2023.4.22,23,2.384288,166.779111
2023.4.22,24,0.687568,168.995301
2023.4.23,1,0.151136,146.259532
2023.4.23,2,0.001588,140.472689
2023.4.23,3,0.000856,148.412162
2023.4.23,4,0.000616,143.893143
2023.4.23,5,0.000288,147.419066
2023.4.23,6,0.103232,164.101449
2023.4.23,7,13.706167,156.197161
2023.4.23,8,45.907266,165.376192
2023.4.23,9,71.682595,164.038613
2023.4.23,10,132.485817,122.50633
2023.4.23,11,112.703644,119.673806
2023.4.23,12,163.513989,91.793478
2023.4.23,13,233.743182,20.834455
2023.4.23,14,211.446778,16.988057
2023.4.23,15,177.92059,42.560079
2023.4.23,16,125.679832,114.227215
2023.4.23,17,88.29021,124.806644
2023.4.23,18,41.052819,119.286929
2023.4.23,19,11.833296,125.075225
2023.4.23,20,8.322575,142.083159
2023.4.23,21,7.602579,131.340674
2023.4.23,22,4.757141,124.426926
2023.4.23,23,1.449638,106.257559
2023.4.23,24,0.390168,89.791758
2023.4.24,1,0.167488,78.779758
2023.4.24,2,0.000916,87.679475
2023.4.24,3,0.000492,87.737161
2023.4.24,4,0.000328,94.548527
2023.4.24,5,0.000272,98.148358
2023.4.24,6,0.024789,134.403322
2023.4.24,7,3.067243,124.942058
2023.4.24,8,14.335268,117.087334
2023.4.24,9,23.080176,127.274493
2023.4.24,10,39.495687,125.307808
2023.4.24,11,37.149539,95.224094
2023.4.24,12,45.634455,90.57853
2023.4.24,13,54.655897,75.307219
2023.4.24,14,74.331879,51.248787
2023.4.24,15,54.446985,50.107329
2023.4.24,16,49.030007,84.468095
2023.4.24,17,30.368024,91.814424
2023.4.24,18,20.656047,103.191264
2023.4.24,19,3.41431,130.979293
2023.4.24,20,3.725255,143.008248
2023.4.24,21,0.913066,118.590517
2023.4.24,22,0.0324,89.224005
2023.4.24,23,0.000288,49.761244
2023.4.24,24,0.0002,34.007918
2023.4.25,1,0.000216,27.864744
2023.4.25,2,0.000312,20.360813
2023.4.25,3,0.000296,16.217191
2023.4.25,4,0.000296,27.058206
2023.4.25,5,0.000216,17.70278
2023.4.25,6,0.009501,24.647332
2023.4.25,7,0.321638,12.187212
2023.4.25,8,5.311773,7.685173
2023.4.25,9,16.643805,16.399394
2023.4.25,10,22.349684,23.64249
2023.4.25,11,30.844897,23.947483
2023.4.25,12,46.665109,21.322854
2023.4.25,13,51.078702,25.678031
2023.4.25,14,54.250107,33.799126
2023.4.25,15,32.238156,40.077771
2023.4.25,16,27.768205,41.85943
2023.4.25,17,13.192461,40.815748
2023.4.25,18,5.504849,54.073599
2023.4.25,19,1.648841,60.947226
2023.4.25,20,2.7199,43.534128
2023.4.25,21,0.191112,25.607193
2023.4.25,22,0.000112,30.489538
2023.4.25,23,0.000144,50.415653
2023.4.25,24,0.000264,80.414722
2023.4.26,1,0.000264,91.600597
2023.4.26,2,0.00028,85.270472
2023.4.26,3,0.000304,78.23898
2023.4.26,4,0.000296,78.457111
2023.4.26,5,0.000272,61.000705
2023.4.26,6,0.118389,71.912399
2023.4.26,7,13.671932,87.199419
2023.4.26,8,74.861049,70.073903
2023.4.26,9,159.092054,78.457678
2023.4.26,10,220.751941,83.139862
2023.4.26,11,275.871954,24.392553
2023.4.26,12,277.373835,21.165219
2023.4.26,13,260.26452,21.22061
2023.4.26,14,262.359037,24.891738
2023.4.26,15,278.913503,18.200543
2023.4.26,16,246.250583,22.809988
2023.4.26,17,187.90729,70.476361
2023.4.26,18,94.780799,139.077884
2023.4.26,19,21.30198,178.512681
2023.4.26,20,8.672108,185.207551
2023.4.26,21,8.61705,162.274678
2023.4.26,22,5.883296,112.878125
2023.4.26,23,2.370454,114.387281
2023.4.26,24,0.689996,113.986688
2023.4.27,1,0.150152,93.121479
2023.4.27,2,0.001604,60.068431
2023.4.27,3,0.000496,39.982998
2023.4.27,4,0.000556,24.473587
2023.4.27,5,0.000384,16.644381
2023.4.27,6,0.145917,24.060335
2023.4.27,7,14.133143,13.553771
2023.4.27,8,83.001052,8.892922
2023.4.27,9,150.44282,2.947137
2023.4.27,10,226.128525,1.2381
2023.4.27,11,260.96327,1.4246
2023.4.27,12,276.643999,1.252591
2023.4.27,13,264.844999,1.137546
2023.4.27,14,256.560338,2.512688
2023.4.27,15,257.420017,2.122437
2023.4.27,16,236.235929,7.749101
2023.4.27,17,159.321232,7.618615
2023.4.27,18,89.68759,8.346004
2023.4.27,19,23.381953,21.390524
2023.4.27,20,8.457963,27.375156
2023.4.27,21,8.504737,37.258643
2023.4.27,22,5.911308,46.066567
2023.4.27,23,2.452731,39.596459
2023.4.27,24,0.712064,46.013508
2023.4.28,1,0.149976,38.148606
2023.4.28,2,0.002288,32.982267
2023.4.28,3,0.00044,23.503679
2023.4.28,4,0.000344,45.122869
2023.4.28,5,0.000344,54.108244
2023.4.28,6,0.140138,65.058235
2023.4.28,7,17.269628,52.378523
2023.4.28,8,75.087176,44.893792
2023.4.28,9,101.292911,56.572235
2023.4.28,10,109.368984,58.612936
2023.4.28,11,164.218532,71.643494
2023.4.28,12,187.847876,76.238241
2023.4.28,13,177.628179,73.541855
2023.4.28,14,172.72328,62.153439
2023.4.28,15,154.173285,70.767338
2023.4.28,16,119.58619,68.637753
2023.4.28,17,50.746214,66.486034
2023.4.28,18,16.579131,71.444281
2023.4.28,19,6.503843,72.66358
2023.4.28,20,7.895598,81.256785
2023.4.28,21,6.590642,122.823484
2023.4.28,22,3.954799,107.160667
2023.4.28,23,1.308776,70.396482
2023.4.28,24,0.374116,81.339148
2023.4.29,1,0.15304,89.838374
2023.4.29,2,0.000976,100.579253
2023.4.29,3,0.000432,53.848696
2023.4.29,4,0.00016,36.762698
2023.4.29,5,0,35.301412
2023.4.29,6,0.041238,47.180077
2023.4.29,7,3.524351,38.145043
2023.4.29,8,12.63472,27.020401
2023.4.29,9,42.212171,23.213306
2023.4.29,10,41.959702,17.030623
2023.4.29,11,38.595734,10.257976
2023.4.29,12,37.578491,11.721036
2023.4.29,13,29.004115,20.598614
2023.4.29,14,26.854705,43.03549
2023.4.29,15,30.242811,92.776815
2023.4.29,16,26.846859,102.680395
2023.4.29,17,20.209783,122.122803
2023.4.29,18,13.366202,144.110001
2023.4.29,19,3.391308,201.262047
2023.4.29,20,1.245533,207.854816
2023.4.29,21,0.016,213.324836
2023.4.29,22,0,201.596408
2023.4.29,23,0,198.301146
2023.4.29,24,0,191.977288
2023.4.30,1,0,177.279726
2023.4.30,2,0,161.45851
2023.4.30,3,0,193.849071
2023.4.30,4,0,182.830411
2023.4.30,5,0,124.883472
2023.4.30,6,0.096026,124.453391
2023.4.30,7,12.340375,106.150307
2023.4.30,8,81.550561,88.384724
2023.4.30,9,176.666954,41.17114
2023.4.30,10,249.26368,13.558703
2023.4.30,11,260.201545,5.320446
2023.4.30,12,251.916815,3.256993
2023.4.30,13,245.108784,3.422499
2023.4.30,14,241.388463,4.331937
2023.4.30,15,228.022391,9.374086
2023.4.30,16,213.951142,18.368186
2023.4.30,17,165.517298,39.328902
2023.4.30,18,81.103631,49.319346
2023.4.30,19,24.570862,41.304158
2023.4.30,20,8.865083,40.929864
2023.4.30,21,8.539069,42.136978
2023.4.30,22,5.896764,37.709771
2023.4.30,23,2.594294,33.137895
2023.4.30,24,0.685292,28.948427
2023.5.1,1,0.14316,26.322953
2023.5.1,2,0.00124,15.667408
2023.5.1,3,0.000692,28.811392
2023.5.1,4,0.000384,33.657322
2023.5.1,5,0.000384,50.738772
2023.5.1,6,0.197633,50.621777
2023.5.1,7,15.416029,38.797434
2023.5.1,8,73.222061,29.517423
2023.5.1,9,157.31466,26.033422
2023.5.1,10,224.97496,7.059223
2023.5.1,11,219.125245,8.716907
2023.5.1,12,215.146735,3.61926
2023.5.1,13,212.283731,1.947266
2023.5.1,14,208.455717,2.174613
2023.5.1,15,210.558997,3.777464
2023.5.1,16,210.272549,4.715917
2023.5.1,17,173.906609,5.610696
2023.5.1,18,87.145262,2.215628
2023.5.1,19,22.592919,2.287298
2023.5.1,20,8.700081,7.29228
2023.5.1,21,8.52458,3.260539
2023.5.1,22,5.940836,0.1056
2023.5.1,23,2.638025,1.585336
2023.5.1,24,0.683488,2.859367
2023.5.2,1,0.1488,4.459654
2023.5.2,2,0.001332,12.325796
2023.5.2,3,0.00024,14.044009
2023.5.2,4,0.000144,16.86567
2023.5.2,5,7.20E-05,8.893834
2023.5.2,6,0.16619,11.157525
2023.5.2,7,15.911054,21.028679
2023.5.2,8,72.995545,15.414323
2023.5.2,9,160.841245,5.118118
2023.5.2,10,230.720909,6.903565
2023.5.2,11,257.082424,3.209571
2023.5.2,12,248.607638,4.124873
2023.5.2,13,232.950248,4.907841
2023.5.2,14,231.633767,5.646252
2023.5.2,15,218.237837,17.726873
2023.5.2,16,215.547897,29.74865
2023.5.2,17,161.841997,51.024074
2023.5.2,18,82.483671,61.12089
2023.5.2,19,22.730347,46.923935
2023.5.2,20,8.605517,37.883943
2023.5.2,21,8.516717,58.547145
2023.5.2,22,5.906598,87.368016
2023.5.2,23,2.633019,92.081006
2023.5.2,24,0.686052,73.107802
2023.5.3,1,0.15168,80.165332
2023.5.3,2,0.001344,76.093532
2023.5.3,3,0.000432,61.302736
2023.5.3,4,0,61.586407
2023.5.3,5,0.000144,96.21704
2023.5.3,6,0.093066,88.346111
2023.5.3,7,11.308003,62.275942
2023.5.3,8,40.430588,61.13151
2023.5.3,9,42.881093,85.609777
2023.5.3,10,30.347994,97.165231
2023.5.3,11,39.902068,83.186813
2023.5.3,12,38.64367,77.283542
2023.5.3,13,31.603106,77.079178
2023.5.3,14,27.079966,76.107773
2023.5.3,15,19.802497,94.26871
2023.5.3,16,21.239148,107.545161
2023.5.3,17,13.920882,76.446237
2023.5.3,18,5.350503,95.644045
2023.5.3,19,0.951902,134.786447
2023.5.3,20,1.551863,133.893409
2023.5.3,21,0.072016,110.200631
2023.5.3,22,0.000304,157.005869
2023.5.3,23,0.000344,148.928714
2023.5.3,24,0.000328,169.66022
2023.5.4,1,0.000192,165.281136
2023.5.4,2,0,162.304232
2023.5.4,3,0,149.101766
2023.5.4,4,4.00E-05,126.990102
2023.5.4,5,0.000288,126.202588
2023.5.4,6,0.017032,182.24729
2023.5.4,7,0.430721,168.250076
2023.5.4,8,1.063112,154.305311
2023.5.4,9,1.58741,166.885455
2023.5.4,10,3.179548,189.518527
2023.5.4,11,6.92172,199.349513
2023.5.4,12,19.787566,187.493634
2023.5.4,13,30.667873,202.9332
2023.5.4,14,16.972636,191.503083
2023.5.4,15,8.425927,170.414966
2023.5.4,16,15.043564,135.82431
2023.5.4,17,14.024992,166.823847
2023.5.4,18,8.656797,153.376785
2023.5.4,19,2.961496,151.722007
2023.5.4,20,1.284729,112.521169
2023.5.4,21,0.048,103.06842
2023.5.4,22,0,127.075243
2023.5.4,23,0,183.883702
2023.5.4,24,0,192.529178
2023.5.5,1,0.0002,188.782242
2023.5.5,2,0.000472,199.389711
2023.5.5,3,0,198.069971
2023.5.5,4,0,197.203599
2023.5.5,5,0,192.871574
2023.5.5,6,0.019061,200.476748
2023.5.5,7,1.344652,211.535177
2023.5.5,8,3.942245,215.451494
2023.5.5,9,6.486463,210.446692
2023.5.5,10,12.279374,203.941041
2023.5.5,11,20.09976,197.47694
2023.5.5,12,20.842687,185.316637
2023.5.5,13,18.862001,194.773416
2023.5.5,14,14.641818,197.872172
2023.5.5,15,15.106779,204.623304
2023.5.5,16,18.847001,200.402432
2023.5.5,17,11.768521,189.984492
2023.5.5,18,4.681526,192.769828
2023.5.5,19,0.915379,202.45755
2023.5.5,20,1.255236,215.545519
2023.5.5,21,0.05938,202.516003
2023.5.5,22,0,180.324242
2023.5.5,23,0,175.144748
2023.5.5,24,0,144.246617
2023.5.6,1,0,112.381937
2023.5.6,2,0,101.690338
2023.5.6,3,0,90.020017
2023.5.6,4,0,58.546082
2023.5.6,5,0,47.162399
2023.5.6,6,0.019,50.620479
2023.5.6,7,3.42359,28.542137
2023.5.6,8,16.636695,9.531351
2023.5.6,9,37.412415,4.366897
2023.5.6,10,56.414979,9.399071
2023.5.6,11,116.275924,3.820847
2023.5.6,12,172.881172,5.094593
2023.5.6,13,192.233795,8.919336
2023.5.6,14,194.843594,10.929485
2023.5.6,15,198.953446,5.486345
2023.5.6,16,119.631984,3.150301
2023.5.6,17,68.621499,3.494737
2023.5.6,18,29.852208,1.395152
2023.5.6,19,8.974001,6.519973
2023.5.6,20,5.419871,14.00415
2023.5.6,21,3.803059,34.883284
2023.5.6,22,2.086947,79.167293
2023.5.6,23,0.427136,96.279064
2023.5.6,24,0.213216,90.897915
2023.5.7,1,0,78.812516
2023.5.7,2,0,69.613222
2023.5.7,3,0,65.378196
2023.5.7,4,0,62.848635
2023.5.7,5,0,71.561744
2023.5.7,6,0.013594,104.812095
2023.5.7,7,0.536171,118.316534
2023.5.7,8,6.310325,133.356272
2023.5.7,9,7.304406,128.381961
2023.5.7,10,9.100912,122.592996
2023.5.7,11,20.760337,125.026491
2023.5.7,12,35.550059,129.949689
2023.5.7,13,27.225722,124.723526
2023.5.7,14,40.60447,131.304746
2023.5.7,15,39.726574,127.686801
2023.5.7,16,33.537146,107.338552
2023.5.7,17,37.916666,103.944904
2023.5.7,18,27.579003,118.277914
2023.5.7,19,13.92747,83.816149
2023.5.7,20,2.4952,72.093928
2023.5.7,21,0.999812,60.947607
2023.5.7,22,0.545816,45.848756
2023.5.7,23,0.529344,35.631893
2023.5.7,24,0.261648,31.407296
2023.5.8,1,0,37.593019
2023.5.8,2,0,54.252071
2023.5.8,3,0,72.975444
2023.5.8,4,8.00E-06,81.849873
2023.5.8,5,0,95.027892
2023.5.8,6,0.783195,94.027181
2023.5.8,7,20.064797,70.40594
2023.5.8,8,81.03717,62.546006
2023.5.8,9,150.017258,45.774154
2023.5.8,10,211.251674,32.29202
2023.5.8,11,266.268981,2.237252
2023.5.8,12,245.538712,0.988631
2023.5.8,13,232.19232,1.5828
2023.5.8,14,225.207765,2.779102
2023.5.8,15,237.631125,1.929603
2023.5.8,16,180.379007,29.484461
2023.5.8,17,137.569645,30.444664
2023.5.8,18,88.093482,23.369309
2023.5.8,19,26.833359,23.822825
2023.5.8,20,8.634574,40.738412
2023.5.8,21,8.095824,47.236854
2023.5.8,22,5.86967,21.10461
2023.5.8,23,2.53765,18.368297
2023.5.8,24,0.681132,14.680338
2023.5.9,1,0.14784,7.623888
2023.5.9,2,0.00156,7.838756
2023.5.9,3,7.20E-05,8.847501
2023.5.9,4,0.000168,10.453772
2023.5.9,5,7.20E-05,11.48212
2023.5.9,6,0.493844,20.739765
2023.5.9,7,19.095258,9.758992
2023.5.9,8,85.276142,6.326564
2023.5.9,9,174.457606,9.733275
2023.5.9,10,246.467576,9.127866
2023.5.9,11,260.298292,4.449319
2023.5.9,12,246.598932,6.002461
2023.5.9,13,239.521781,5.996246
2023.5.9,14,241.142274,5.983582
2023.5.9,15,247.561806,4.848488
2023.5.9,16,221.672951,11.453943
2023.5.9,17,172.413979,28.691437
2023.5.9,18,94.94146,39.65291
2023.5.9,19,25.683714,39.519982
2023.5.9,20,8.168207,62.094333
2023.5.9,21,7.409096,78.514076
2023.5.9,22,5.660689,86.335648
2023.5.9,23,2.570302,82.910716
2023.5.9,24,0.685924,57.1055
2023.5.10,1,0.14112,42.959536
2023.5.10,2,0.00246,60.5271
2023.5.10,3,0.00012,65.510312
2023.5.10,4,0.000144,70.615889
2023.5.10,5,0.000108,64.460305
2023.5.10,6,0.511905,70.690521
2023.5.10,7,22.150728,65.599753
2023.5.10,8,84.316255,47.95689
2023.5.10,9,170.212554,28.9717
2023.5.10,10,242.158961,15.339113
2023.5.10,11,273.447317,2.28576
2023.5.10,12,266.136453,1.881694
2023.5.10,13,241.994181,2.344234
2023.5.10,14,247.831964,2.141973
2023.5.10,15,245.167233,2.48007
2023.5.10,16,226.566809,6.83322
2023.5.10,17,173.079489,13.350091
2023.5.10,18,92.510918,17.328295
2023.5.10,19,23.408566,22.430207
2023.5.10,20,7.625354,64.386055
2023.5.10,21,7.167498,80.551241
2023.5.10,22,4.803538,69.492373
2023.5.10,23,2.409196,61.662092
2023.5.10,24,0.681624,63.491657
2023.5.11,1,0.14112,34.878469
2023.5.11,2,0.002352,20.124996
2023.5.11,3,0.000228,16.352228
2023.5.11,4,0,11.069505
2023.5.11,5,0.000144,3.630814
2023.5.11,6,0.436202,12.411894
2023.5.11,7,22.816075,11.064511
2023.5.11,8,75.77589,4.47512
2023.5.11,9,128.064111,0.559456
2023.5.11,10,202.289465,2.321224
2023.5.11,11,247.402592,8.870928
2023.5.11,12,273.009985,4.221576
2023.5.11,13,268.20973,4.361223
2023.5.11,14,246.171898,4.769672
2023.5.11,15,174.428226,8.923222
2023.5.11,16,173.503959,7.886311
2023.5.11,17,148.097901,6.613374
2023.5.11,18,82.971908,5.27377
2023.5.11,19,26.034212,8.951261
2023.5.11,20,9.478465,11.330281
2023.5.11,21,7.652253,7.58599
2023.5.11,22,4.862288,1.899925
2023.5.11,23,2.475598,0.064211
2023.5.11,24,0.657948,0.400344
2023.5.12,1,0.14592,3.86456
2023.5.12,2,0.002064,3.829291
2023.5.12,3,0.000216,5.392971
2023.5.12,4,0.00018,3.811484
2023.5.12,5,0.000108,8.334458
2023.5.12,6,0.185149,7.544004
2023.5.12,7,10.596843,4.463763
2023.5.12,8,31.354106,1.893256
2023.5.12,9,56.964587,4.646736
2023.5.12,10,130.067383,4.595539
2023.5.12,11,121.523638,4.02778
2023.5.12,12,90.585149,3.57751
2023.5.12,13,143.429245,2.108341
2023.5.12,14,144.647974,6.444415
2023.5.12,15,96.075418,9.925448
2023.5.12,16,75.583487,10.938433
2023.5.12,17,61.915879,15.828077
2023.5.12,18,23.431481,19.879336
2023.5.12,19,5.522931,15.35439
2023.5.12,20,5.856441,29.975802
2023.5.12,21,4.0893,19.39419
2023.5.12,22,1.827956,29.461738
2023.5.12,23,0.30583,7.440335
2023.5.12,24,0,6.914373
2023.5.13,1,0,5.295774
2023.5.13,2,0.000264,4.395789
2023.5.13,3,0,13.786407
2023.5.13,4,0,20.881617
2023.5.13,5,0,32.702522
2023.5.13,6,0.034343,40.444184
2023.5.13,7,3.630199,27.762177
2023.5.13,8,23.942666,8.754465
2023.5.13,9,33.838179,7.177462
2023.5.13,10,52.206582,11.471114
2023.5.13,11,74.47842,9.873292
2023.5.13,12,61.712899,19.968377
2023.5.13,13,91.294601,26.622804
2023.5.13,14,92.244271,24.907792
2023.5.13,15,108.774479,30.930978
2023.5.13,16,110.973313,19.473279
2023.5.13,17,107.838915,12.879863
2023.5.13,18,74.941584,6.450051
2023.5.13,19,24.520156,11.127247
2023.5.13,20,7.193531,10.716464
2023.5.13,21,3.608471,7.056876
2023.5.13,22,0.957716,5.618624
2023.5.13,23,0.002904,5.939706
2023.5.13,24,0.00024,18.686348
2023.5.14,1,0,30.664038
2023.5.14,2,0.00018,25.506219
2023.5.14,3,0,21.786068
2023.5.14,4,0,20.504963
2023.5.14,5,0,12.691151
2023.5.14,6,0.647909,14.605611
2023.5.14,7,20.807582,12.36366
2023.5.14,8,86.243232,5.432348
2023.5.14,9,168.040829,0.412629
2023.5.14,10,218.026228,1.210036
2023.5.14,11,235.160742,3.475331
2023.5.14,12,228.446215,2.773068
2023.5.14,13,266.542033,1.035152
2023.5.14,14,236.091222,4.683819
2023.5.14,15,200.086657,4.936761
2023.5.14,16,166.556474,3.262502
2023.5.14,17,128.332266,3.194533
2023.5.14,18,74.278728,0.961757
2023.5.14,19,26.48484,1.090304
2023.5.14,20,9.116861,3.564678
2023.5.14,21,8.098673,7.028114
2023.5.14,22,5.371436,8.506697
2023.5.14,23,2.276226,11.454139
2023.5.14,24,0.5472,11.544845
2023.5.15,1,0.14496,16.75081
2023.5.15,2,0.000576,9.666788
2023.5.15,3,7.20E-05,1.443163
2023.5.15,4,7.20E-05,2.13016
2023.5.15,5,0.000108,3.273283
2023.5.15,6,0.556061,12.797534
2023.5.15,7,17.928135,18.528041
2023.5.15,8,72.518214,8.431766
2023.5.15,9,144.042908,5.079087
2023.5.15,10,154.46097,2.752595
2023.5.15,11,51.921307,40.346998
2023.5.15,12,63.632977,41.597361
2023.5.15,13,113.878778,31.738325
2023.5.15,14,121.760106,110.616526
2023.5.15,15,216.690666,56.56154
2023.5.15,16,180.175472,41.132662
2023.5.15,17,156.506615,39.393891
2023.5.15,18,87.61774,40.823184
2023.5.15,19,31.748793,62.111198
2023.5.15,20,8.282934,65.559388
2023.5.15,21,6.342085,55.941152
2023.5.15,22,3.29217,33.320649
2023.5.15,23,1.283348,14.637487
2023.5.15,24,0.025992,8.287833
2023.5.16,1,0,5.155991
2023.5.16,2,0.000492,4.407007
2023.5.16,3,7.20E-05,2.464352
2023.5.16,4,0,2.83662
2023.5.16,5,0,2.520572
2023.5.16,6,0.894284,4.666756
2023.5.16,7,22.092141,4.249715
2023.5.16,8,85.636227,3.478375
2023.5.16,9,168.944313,3.213027
2023.5.16,10,240.648235,3.94884
2023.5.16,11,284.260432,3.738807
2023.5.16,12,313.673077,4.572282
2023.5.16,13,319.776484,2.255032
2023.5.16,14,312.73264,13.404248
2023.5.16,15,292.506738,21.451454
2023.5.16,16,242.799697,20.711041
2023.5.16,17,168.174788,16.656752
2023.5.16,18,85.219418,14.742151
2023.5.16,19,25.589189,22.221199
2023.5.16,20,8.844748,28.383291
2023.5.16,21,7.804634,36.734516
2023.5.16,22,5.592349,52.902512
2023.5.16,23,2.372815,65.839101
2023.5.16,24,0.71116,63.383963
2023.5.17,1,0.175744,54.978267
2023.5.17,2,0.001364,49.966767
2023.5.17,3,0.000796,61.222382
2023.5.17,4,0.000464,81.281111
2023.5.17,5,0.000432,84.751863
2023.5.17,6,2.093935,98.456847
2023.5.17,7,29.48493,95.419348
2023.5.17,8,60.137637,104.013154
2023.5.17,9,125.146877,107.379343
2023.5.17,10,162.802739,130.261315
2023.5.17,11,194.618249,120.943312
2023.5.17,12,253.265516,79.415447
2023.5.17,13,235.450296,88.33046
2023.5.17,14,219.024216,108.972367
2023.5.17,15,175.162804,100.465223
2023.5.17,16,132.192341,99.56823
2023.5.17,17,89.185731,73.580162
2023.5.17,18,39.65772,65.04826
2023.5.17,19,13.95743,90.284988
2023.5.17,20,8.046614,79.921691
2023.5.17,21,7.65874,70.079761
2023.5.17,22,4.959065,73.97844
2023.5.17,23,2.019794,80.20941
2023.5.17,24,0.501768,97.247748
2023.5.18,1,0.14824,100.684854
2023.5.18,2,0.000972,108.340841
2023.5.18,3,0.000444,88.60258
2023.5.18,4,0.0004,66.038868
2023.5.18,5,0.00052,34.345279
2023.5.18,6,0.014056,49.089617
2023.5.18,7,0.374051,55.957873
2023.5.18,8,5.981434,61.59258
2023.5.18,9,25.612976,100.638397
2023.5.18,10,41.623792,119.119808
2023.5.18,11,76.435877,126.310002
2023.5.18,12,120.770368,141.661921
2023.5.18,13,124.503125,122.182297
2023.5.18,14,129.755151,150.636804
2023.5.18,15,109.101232,132.48366
2023.5.18,16,80.845907,113.690964
2023.5.18,17,39.325925,98.307265
2023.5.18,18,21.160123,113.113103
2023.5.18,19,10.134219,150.16586
2023.5.18,20,7.682507,182.15177
2023.5.18,21,6.608478,200.111382
2023.5.18,22,4.328098,193.677826
2023.5.18,23,1.77125,170.619647
2023.5.18,24,0.06086,147.75988
2023.5.19,1,0.000432,142.052922
2023.5.19,2,0.000772,137.114012
2023.5.19,3,0.000592,133.695975
2023.5.19,4,0.000432,117.785447
2023.5.19,5,0.000432,103.525521
2023.5.19,6,0.385071,102.143055
2023.5.19,7,10.966168,80.372478
2023.5.19,8,32.855813,84.504332
2023.5.19,9,67.567867,69.447446
2023.5.19,10,117.167463,57.928038
2023.5.19,11,146.151574,55.101219
2023.5.19,12,191.138448,40.529192
2023.5.19,13,207.446186,31.612765
2023.5.19,14,210.067786,41.461855
2023.5.19,15,242.617757,35.396549
2023.5.19,16,237.78341,35.003709
2023.5.19,17,172.10559,30.696825
2023.5.19,18,87.51458,14.706647
2023.5.19,19,28.516603,10.43775
2023.5.19,20,8.996364,14.525752
2023.5.19,21,7.31692,13.75368
2023.5.19,22,5.46226,6.44112
2023.5.19,23,2.375547,2.638565
2023.5.19,24,0.6666,3.048346
2023.5.20,1,0.148096,6.510749
2023.5.20,2,0.001844,4.877466
2023.5.20,3,0.000552,6.93021
2023.5.20,4,0.00064,3.788288
2023.5.20,5,0.000432,1.057442
2023.5.20,6,0.843497,3.854307
2023.5.20,7,15.887715,3.903498
2023.5.20,8,63.348727,2.59163
2023.5.20,9,117.178933,5.061598
2023.5.20,10,193.334127,2.456783
2023.5.20,11,257.225696,1.38843
2023.5.20,12,282.817678,1.774791
2023.5.20,13,250.683118,3.345146
2023.5.20,14,229.379401,1.849919
2023.5.20,15,228.074041,0.854904
2023.5.20,16,189.612523,1.137628
2023.5.20,17,91.307049,0.694607
2023.5.20,18,60.865914,0.39108
2023.5.20,19,31.078686,5.890038
2023.5.20,20,10.22452,17.61628
2023.5.20,21,7.365256,8.138212
2023.5.20,22,4.494517,8.656003
2023.5.20,23,1.378044,9.626253
2023.5.20,24,0.372896,13.611732
2023.5.21,1,0.132888,19.649219
2023.5.21,2,0.001268,12.712539
2023.5.21,3,0.00046,9.603679
2023.5.21,4,0.000464,4.32283
2023.5.21,5,0.000444,5.906888
2023.5.21,6,0.641811,5.252267
2023.5.21,7,12.658115,4.018493
2023.5.21,8,51.017001,11.420739
2023.5.21,9,110.721443,18.764789
2023.5.21,10,175.961118,8.860618
2023.5.21,11,253.215244,3.641764
2023.5.21,12,238.654413,13.368062
2023.5.21,13,265.508011,11.027919
2023.5.21,14,252.240644,7.562988
2023.5.21,15,206.544631,17.656304
2023.5.21,16,150.948264,29.141793
2023.5.21,17,117.588497,25.470635
2023.5.21,18,91.064933,22.850311
2023.5.21,19,30.241835,22.027636
2023.5.21,20,9.795414,12.529539
2023.5.21,21,7.84934,16.230194
2023.5.21,22,5.698477,20.580398
2023.5.21,23,2.380295,15.218445
2023.5.21,24,0.429332,14.838983
2023.5.22,1,0.151056,11.74131
2023.5.22,2,0.001348,17.061756
2023.5.22,3,0.0005,19.177719
2023.5.22,4,0.000496,39.380361
2023.5.22,5,0.000604,87.771998
2023.5.22,6,0.900147,95.180282
2023.5.22,7,21.283398,77.295869
2023.5.22,8,62.43577,90.647803
2023.5.22,9,95.116957,128.967258
2023.5.22,10,62.635951,133.282898
2023.5.22,11,64.17468,108.66315
2023.5.22,12,68.487438,74.665484
2023.5.22,13,46.433491,88.649469
2023.5.22,14,68.346442,72.00983
2023.5.22,15,107.600515,37.75891
2023.5.22,16,93.383264,16.472567
2023.5.22,17,72.564729,9.754267
2023.5.22,18,55.382924,22.600953
2023.5.22,19,36.029877,72.369003
2023.5.22,20,6.311619,108.651854
2023.5.22,21,2.315175,92.953724
2023.5.22,22,0.206184,81.947544
2023.5.22,23,0.00398,64.174849
2023.5.22,24,0.00052,66.745737
2023.5.23,1,0.000432,74.171198
2023.5.23,2,0.000432,78.835964
2023.5.23,3,0.000448,90.863857
2023.5.23,4,0.000456,92.114765
2023.5.23,5,0.000464,78.497971
2023.5.23,6,1.347801,103.437031
2023.5.23,7,25.501721,96.494513
2023.5.23,8,87.35902,56.938439
2023.5.23,9,171.026541,36.141511
2023.5.23,10,245.555473,26.675254
2023.5.23,11,293.188592,19.678297
2023.5.23,12,321.113768,5.809356
2023.5.23,13,318.610345,7.956789
2023.5.23,14,314.950789,13.092506
2023.5.23,15,298.046365,25.415816
2023.5.23,16,251.934504,36.016219
2023.5.23,17,180.53813,34.151561
2023.5.23,18,97.656061,34.090682
2023.5.23,19,31.462523,26.226114
2023.5.23,20,10.266271,18.080772
2023.5.23,21,8.228317,17.508442
2023.5.23,22,6.065748,15.806105
2023.5.23,23,2.510473,7.986797
2023.5.23,24,0.299448,7.420874
2023.5.24,1,0.000288,3.285208
2023.5.24,2,0.001444,4.922851
2023.5.24,3,0.000552,3.029028
2023.5.24,4,0.000564,0.218428
2023.5.24,5,0.000408,0.101223
2023.5.24,6,1.212157,1.603099
2023.5.24,7,31.59651,1.374524
2023.5.24,8,83.486812,1.345648
2023.5.24,9,142.449141,0.34114
2023.5.24,10,208.734665,1.578623
2023.5.24,11,263.40787,6.854823
2023.5.24,12,270.864534,8.897464
2023.5.24,13,144.765734,7.052911
2023.5.24,14,87.778725,2.792716
2023.5.24,15,62.36298,1.066424
2023.5.24,16,47.158137,3.447229
2023.5.24,17,45.254553,2.187861
2023.5.24,18,31.886841,2.229404
2023.5.24,19,15.284958,3.012918
2023.5.24,20,7.684264,3.040346
2023.5.24,21,4.780541,0.073865
2023.5.24,22,2.75162,0.2712
2023.5.24,23,0.432019,0.167192
2023.5.24,24,0.000424,1.38336
2023.5.25,1,0.000408,0.97272
2023.5.25,2,0.000392,0.62274
2023.5.25,3,0.000376,0.421023
2023.5.25,4,0.0004,3.112726
2023.5.25,5,0.00036,3.206449
2023.5.25,6,0.861805,2.737356
2023.5.25,7,18.971914,2.633667
2023.5.25,8,82.389223,2.139192
2023.5.25,9,174.683409,7.666764
2023.5.25,10,247.742988,8.64173
2023.5.25,11,288.322477,21.423356
2023.5.25,12,312.514574,10.333023
2023.5.25,13,306.737978,8.424257
2023.5.25,14,308.956031,8.598795
2023.5.25,15,293.639702,22.391214
2023.5.25,16,220.799339,35.428601
2023.5.25,17,148.068121,23.398174
2023.5.25,18,76.860144,31.177594
2023.5.25,19,35.167525,29.49097
2023.5.25,20,9.364972,28.893252
2023.5.25,21,8.673794,42.41424
2023.5.25,22,6.169524,42.83492
2023.5.25,23,2.545295,26.67781
2023.5.25,24,0.29486,43.480361
2023.5.26,1,0.000272,44.68231
2023.5.26,2,0.001532,43.509495
2023.5.26,3,0.000464,44.386955
2023.5.26,4,0.00032,26.706136
2023.5.26,5,0.000356,8.814668
2023.5.26,6,0.142575,14.612754
2023.5.26,7,9.08137,15.476766
2023.5.26,8,28.849072,8.372367
2023.5.26,9,51.330854,1.643703
2023.5.26,10,118.941591,0.863706
2023.5.26,11,208.939535,1.852389
2023.5.26,12,253.191276,5.390483
2023.5.26,13,294.664198,21.33903
2023.5.26,14,294.111238,40.320521
2023.5.26,15,239.863809,66.43996
2023.5.26,16,191.198183,61.974084
2023.5.26,17,125.450497,40.143404
2023.5.26,18,44.01385,25.461861
2023.5.26,19,16.555664,38.286174
2023.5.26,20,9.240187,57.74774
2023.5.26,21,8.667553,51.747791
2023.5.26,22,5.964775,56.635356
2023.5.26,23,2.355257,48.325491
2023.5.26,24,0.304128,60.060391
2023.5.27,1,0.000368,76.233156
2023.5.27,2,0.001124,93.309391
2023.5.27,3,0.000476,74.485764
2023.5.27,4,0.000476,56.204307
2023.5.27,5,0.000436,67.357904
2023.5.27,6,0.351419,102.891694
2023.5.27,7,10.649623,100.905244
2023.5.27,8,24.074093,87.311157
2023.5.27,9,65.240971,109.324871
2023.5.27,10,95.724863,108.799692
2023.5.27,11,99.569231,104.337748
2023.5.27,12,97.534366,122.990361
2023.5.27,13,110.227197,148.110634
2023.5.27,14,117.393851,153.335669
2023.5.27,15,84.21157,175.742756
2023.5.27,16,53.942429,148.567286
2023.5.27,17,38.337529,126.201736
2023.5.27,18,18.681345,147.868008
2023.5.27,19,9.924432,168.60002
2023.5.27,20,6.768266,165.220586
2023.5.27,21,4.024789,168.114085
2023.5.27,22,1.707827,158.408541
2023.5.27,23,0.06684,174.868211
2023.5.27,24,0.000608,189.031772
2023.5.28,1,0.000416,169.819618
2023.5.28,2,0.000608,142.192524
2023.5.28,3,0.000488,160.699607
2023.5.28,4,0.000408,128.674686
2023.5.28,5,0.000408,136.612175
2023.5.28,6,0.198548,142.129836
2023.5.28,7,5.467463,153.312336
2023.5.28,8,32.147057,155.263856
2023.5.28,9,55.505714,133.779902
2023.5.28,10,82.850145,100.015644
2023.5.28,11,88.964866,112.156866
2023.5.28,12,114.033889,115.326707
2023.5.28,13,141.615059,128.859556
2023.5.28,14,155.763714,134.873273
2023.5.28,15,127.220458,103.917644
2023.5.28,16,115.752351,92.315748
2023.5.28,17,83.83651,65.966648
2023.5.28,18,53.532116,61.458621
2023.5.28,19,18.6895,73.689517
2023.5.28,20,7.35179,90.487755
2023.5.28,21,5.842558,105.962268
2023.5.28,22,3.597244,130.535323
2023.5.28,23,1.502928,117.697607
2023.5.28,24,0.088128,111.155236
2023.5.29,1,0.006768,82.793938
2023.5.29,2,0.0004,97.227903
2023.5.29,3,0.0004,103.843669
2023.5.29,4,0.000392,88.888253
2023.5.29,5,0.000456,83.699787
2023.5.29,6,0.166927,90.582878
2023.5.29,7,4.814239,96.720157
2023.5.29,8,22.420929,79.891446
2023.5.29,9,44.866593,59.832067
2023.5.29,10,57.567425,59.976492
2023.5.29,11,61.413985,70.798237
2023.5.29,12,134.178153,44.285688
2023.5.29,13,167.99824,20.176247
2023.5.29,14,165.784378,11.999061
2023.5.29,15,141.026525,9.371418
2023.5.29,16,92.756246,14.459585
2023.5.29,17,51.87752,24.595808
2023.5.29,18,33.206928,25.645368
2023.5.29,19,11.850525,26.018967
2023.5.29,20,6.538762,29.441507
2023.5.29,21,4.691833,16.777202
2023.5.29,22,2.561115,29.204608
2023.5.29,23,0.717692,60.501252
2023.5.29,24,0.000576,65.936752
2023.5.30,1,0.000584,21.071958
2023.5.30,2,0.000844,4.874352
2023.5.30,3,0.00048,12.648472
2023.5.30,4,0.000448,15.124817
2023.5.30,5,0.000424,8.098738
2023.5.30,6,0.232817,14.096842
2023.5.30,7,3.229485,2.9088
2023.5.30,8,12.566323,0.0096
2023.5.30,9,30.370631,0.1656
2023.5.30,10,41.08692,0.00054
2023.5.30,11,53.451519,0.00384
2023.5.30,12,79.744377,0.04152
2023.5.30,13,75.165966,0.776192
2023.5.30,14,55.838829,2.622026
2023.5.30,15,49.922438,8.363266
2023.5.30,16,24.851758,13.548844
2023.5.30,17,20.60668,19.591816
2023.5.30,18,13.179936,38.919803
2023.5.30,19,3.822104,48.206086
2023.5.30,20,4.891983,58.124001
2023.5.30,21,1.806184,68.724104
2023.5.30,22,0.71796,40.895134
2023.5.30,23,0.0004,34.815756
2023.5.30,24,0.000432,48.583432
2023.5.31,1,0.000368,31.37635
2023.5.31,2,0.000384,33.46638
2023.5.31,3,0.000376,44.927208
2023.5.31,4,0.000272,40.714126
2023.5.31,5,0.000192,44.527018
2023.5.31,6,0.078721,62.047208
2023.5.31,7,4.773442,48.074041
2023.5.31,8,29.163714,28.724567
2023.5.31,9,44.330272,25.268137
2023.5.31,10,60.503714,30.736181
2023.5.31,11,79.609728,41.129742
2023.5.31,12,189.214919,45.784078
2023.5.31,13,197.330862,43.518903
2023.5.31,14,227.206489,40.495915
2023.5.31,15,225.870607,33.798585
2023.5.31,16,194.719306,35.182861
2023.5.31,17,150.169754,33.77278
2023.5.31,18,86.599208,31.264124
2023.5.31,19,28.911532,31.513866
2023.5.31,20,10.143868,33.503567
2023.5.31,21,8.470666,29.981897
2023.5.31,22,6.287126,17.038424
2023.5.31,23,2.517756,6.498814
2023.5.31,24,0.22164,8.219982
2023.6.1,1,0.000448,6.593374
2023.6.1,2,0.000764,7.956616
2023.6.1,3,0.000696,8.90405
2023.6.1,4,0.00486,7.150812
2023.6.1,5,0.00044,5.699594
2023.6.1,6,0.398645,11.020183
2023.6.1,7,12.875585,11.838961
2023.6.1,8,41.162067,9.346845
2023.6.1,9,59.249014,7.824284
2023.6.1,10,97.130213,9.080549
2023.6.1,11,63.517742,7.871569
2023.6.1,12,51.099283,8.868372
2023.6.1,13,38.578143,7.343285
2023.6.1,14,31.097848,7.247122
2023.6.1,15,28.665609,4.594509
2023.6.1,16,28.680021,2.247339
2023.6.1,17,38.462334,6.061546
2023.6.1,18,20.190468,19.241275
2023.6.1,19,4.723037,12.433843
2023.6.1,20,3.049714,3.382875
2023.6.1,21,1.768469,2.096456
2023.6.1,22,0.152201,13.124423
2023.6.1,23,0.000448,7.747971
2023.6.1,24,0.00048,7.233585
2023.6.2,1,0.000464,12.416512
2023.6.2,2,0.127032,15.437123
2023.6.2,3,0.017248,4.280754
2023.6.2,4,0.000496,2.900786
2023.6.2,5,0.022392,9.180693
2023.6.2,6,0.627194,23.336707
2023.6.2,7,14.202144,65.373452
2023.6.2,8,39.525287,99.352127
2023.6.2,9,78.380049,99.896998
2023.6.2,10,168.244799,91.307363
2023.6.2,11,233.000024,114.782719
2023.6.2,12,268.881796,109.575738
2023.6.2,13,319.446822,61.460053
2023.6.2,14,331.848416,39.16008
2023.6.2,15,287.558031,64.606658
2023.6.2,16,230.957184,108.319218
2023.6.2,17,179.643173,128.521303
2023.6.2,18,104.268209,124.972202
2023.6.2,19,36.083082,114.489444
2023.6.2,20,11.45336,136.936567
2023.6.2,21,8.457264,138.963778
2023.6.2,22,5.720536,153.055698
2023.6.2,23,1.974071,137.061742
2023.6.2,24,0.313312,145.899006
2023.6.3,1,0.00032,92.651943
2023.6.3,2,0.320908,98.672315
2023.6.3,3,0.3729,99.46363
2023.6.3,4,0.372704,104.339689
2023.6.3,5,0.235648,114.03395
2023.6.3,6,1.39972,139.722263
2023.6.3,7,24.614839,131.035427
2023.6.3,8,87.747721,99.628562
2023.6.3,9,172.621423,69.745187
2023.6.3,10,250.979308,62.883996
2023.6.3,11,303.073405,33.754874
2023.6.3,12,327.372814,7.585817
2023.6.3,13,324.581605,7.721427
2023.6.3,14,318.687304,9.119948
2023.6.3,15,304.584289,16.5159
2023.6.3,16,258.651676,17.606512
2023.6.3,17,187.508234,14.243416
2023.6.3,18,102.959106,16.439384
2023.6.3,19,32.463117,29.224458
2023.6.3,20,10.946073,56.703966
2023.6.3,21,8.43443,75.006737
2023.6.3,22,5.891279,73.316903
2023.6.3,23,2.080171,57.666655
2023.6.3,24,0.323164,51.772133
2023.6.4,1,0.000376,36.691183
2023.6.4,2,0.32178,29.77225
2023.6.4,3,0.373092,36.35582
2023.6.4,4,0.37334,49.653425
2023.6.4,5,0.236176,58.95495
2023.6.4,6,0.325963,78.164754
2023.6.4,7,9.220031,83.18785
2023.6.4,8,29.112246,76.80392
2023.6.4,9,58.533431,57.027258
2023.6.4,10,131.668556,38.989654
2023.6.4,11,171.086546,29.664323
2023.6.4,12,194.710113,21.681716
2023.6.4,13,205.548602,17.946083
2023.6.4,14,213.289999,24.567989
2023.6.4,15,237.761788,23.743925
2023.6.4,16,211.357446,30.44571
2023.6.4,17,156.93605,32.16391
2023.6.4,18,76.926494,29.811698
2023.6.4,19,26.973725,35.150428
2023.6.4,20,9.840992,33.222843
2023.6.4,21,7.720586,25.201675
2023.6.4,22,4.81292,26.33185
2023.6.4,23,1.364003,41.998063
2023.6.4,24,0.0436,42.852394
2023.6.5,1,0.00052,28.30595
2023.6.5,2,0.12736,52.744286
2023.6.5,3,0.136952,71.114609
2023.6.5,4,0.13692,101.919148
2023.6.5,5,0.06568,120.529123
2023.6.5,6,0.187315,127.129115
2023.6.5,7,6.448035,109.843731
2023.6.5,8,25.307126,112.281347
2023.6.5,9,51.091997,75.782666
2023.6.5,10,61.365799,82.984391
2023.6.5,11,75.720138,26.551723
2023.6.5,12,63.104771,14.454916
2023.6.5,13,53.3573,11.012712
2023.6.5,14,52.846055,10.146643
2023.6.5,15,51.409126,16.936731
2023.6.5,16,42.325755,5.809448
2023.6.5,17,26.395824,3.687727
2023.6.5,18,11.320324,6.480198
2023.6.5,19,4.395749,11.094157
2023.6.5,20,4.135979,23.913541
2023.6.5,21,0.516187,24.158775
2023.6.5,22,0.109724,19.557206
2023.6.5,23,0.000416,21.05193
2023.6.5,24,0.000416,10.578148
2023.6.6,1,0.000464,7.55724
2023.6.6,2,0.053036,9.758666
2023.6.6,3,0.000448,8.074633
2023.6.6,4,0.000448,8.542993
2023.6.6,5,0.008616,9.955787
2023.6.6,6,0.036937,13.129314
2023.6.6,7,1.517122,12.073264
2023.6.6,8,10.390713,12.456137
2023.6.6,9,17.997734,13.532518
2023.6.6,10,57.250373,19.337679
2023.6.6,11,49.504956,29.393349
2023.6.6,12,54.051026,36.656982
2023.6.6,13,96.018702,41.311389
2023.6.6,14,125.493762,28.853163
2023.6.6,15,146.887332,22.801265
2023.6.6,16,170.323225,15.098912
2023.6.6,17,157.869573,11.857636
2023.6.6,18,102.333058,7.537139
2023.6.6,19,32.774634,4.021902
2023.6.6,20,8.72479,16.841751
2023.6.6,21,3.547765,27.203591
2023.6.6,22,2.152248,24.473626
2023.6.6,23,1.066808,24.535929
2023.6.6,24,0.089032,24.900518
2023.6.7,1,0.000312,22.917311
2023.6.7,2,0.060188,13.453021
2023.6.7,3,0.00046,14.082745
2023.6.7,4,0.000296,13.781238
2023.6.7,5,0.022332,11.503952
2023.6.7,6,2.24936,6.250867
2023.6.7,7,26.17409,5.869671
2023.6.7,8,80.280884,2.797172
2023.6.7,9,157.149558,0.908679
2023.6.7,10,170.757554,0.627694
2023.6.7,11,203.449433,2.255472
2023.6.7,12,260.201732,3.882354
2023.6.7,13,291.610715,4.835718
2023.6.7,14,314.953451,20.787833
2023.6.7,15,267.820352,33.166908
2023.6.7,16,238.450453,29.382004
2023.6.7,17,159.272374,19.367137
2023.6.7,18,83.647687,22.868154
2023.6.7,19,33.139979,25.813576
2023.6.7,20,10.394816,22.761571
2023.6.7,21,7.379591,14.04234
2023.6.7,22,4.889589,9.134082
2023.6.7,23,1.939882,15.228413
2023.6.7,24,0.322388,17.917863
2023.6.8,1,0.000488,24.639672
2023.6.8,2,0.063364,32.911905
2023.6.8,3,0.000648,28.304566
2023.6.8,4,0.000604,18.16941
2023.6.8,5,0.022352,15.328496
2023.6.8,6,0.282774,13.626951
2023.6.8,7,5.678525,25.912012
2023.6.8,8,26.25593,20.032479
2023.6.8,9,38.385934,1.037046
2023.6.8,10,50.056007,0.017024
2023.6.8,11,54.912556,0.629416
2023.6.8,12,91.451159,2.313397
2023.6.8,13,181.307429,1.620228
2023.6.8,14,184.246314,21.933199
2023.6.8,15,176.455705,14.425213
2023.6.8,16,159.916249,7.976575
2023.6.8,17,106.156815,4.840709
2023.6.8,18,71.824585,7.706913
2023.6.8,19,30.666728,2.765171
2023.6.8,20,9.905093,2.869211
2023.6.8,21,6.73114,0.737367
2023.6.8,22,4.455237,0.071895
2023.6.8,23,0.773633,1.963095
2023.6.8,24,0.031976,7.372733
2023.6.9,1,0.000536,9.433594
2023.6.9,2,0.001268,13.369636
2023.6.9,3,0.000652,15.38782
2023.6.9,4,0.171876,11.564332
2023.6.9,5,0.022444,5.453957
2023.6.9,6,1.655123,5.435736
2023.6.9,7,23.44927,5.195508
2023.6.9,8,75.419744,0.36032
2023.6.9,9,125.622329,3.74532
2023.6.9,10,193.821773,2.781836
2023.6.9,11,242.896998,1.6311
2023.6.9,12,269.937562,1.642124
2023.6.9,13,277.984217,2.85134
2023.6.9,14,244.004127,16.210883
2023.6.9,15,215.199894,22.71841
2023.6.9,16,215.162721,20.030409
2023.6.9,17,171.011713,13.61948
2023.6.9,18,97.243914,13.104784
2023.6.9,19,35.823139,16.683375
2023.6.9,20,10.679925,28.469345
2023.6.9,21,7.033072,41.629645
2023.6.9,22,4.742822,65.328082
2023.6.9,23,2.107301,77.920698
2023.6.9,24,0.495732,71.436153
2023.6.10,1,0.000392,79.819849
2023.6.10,2,0.001352,99.596714
2023.6.10,3,0.00074,64.484516
2023.6.10,4,0.000556,32.349436
2023.6.10,5,0.022448,17.354572
2023.6.10,6,1.536985,7.348251
2023.6.10,7,17.464694,25.158101
2023.6.10,8,81.701895,5.860618
2023.6.10,9,154.228482,0.824545
2023.6.10,10,222.35135,3.230677
2023.6.10,11,276.640116,8.116993
2023.6.10,12,316.965434,27.302077
2023.6.10,13,328.419511,23.262029
2023.6.10,14,278.55209,47.585937
2023.6.10,15,202.214601,66.017732
2023.6.10,16,171.472942,40.308711
2023.6.10,17,136.244866,20.441188
2023.6.10,18,77.132978,13.783865
2023.6.10,19,20.567978,16.322233
2023.6.10,20,8.642906,41.641298
2023.6.10,21,7.062252,22.07197
2023.6.10,22,4.60361,1.806125
2023.6.10,23,2.287322,7.670339
2023.6.10,24,0.468752,23.282121
2023.6.11,1,0.0004,20.22916
2023.6.11,2,0.001368,21.126395
2023.6.11,3,0.000716,17.947095
2023.6.11,4,0.000488,16.047319
2023.6.11,5,0.02244,10.537295
2023.6.11,6,1.444415,8.681568
2023.6.11,7,25.904814,4.227858
2023.6.11,8,51.019674,0.257889
2023.6.11,9,98.481698,0.101507
2023.6.11,10,162.269947,0.063511
2023.6.11,11,228.064642,2.18894
2023.6.11,12,222.192189,5.452815
2023.6.11,13,174.129977,4.161765
2023.6.11,14,202.355575,10.728463
2023.6.11,15,201.479904,12.866567
2023.6.11,16,136.247869,11.306803
2023.6.11,17,89.138869,9.847589
2023.6.11,18,48.030613,8.041739
2023.6.11,19,16.654919,2.627701
2023.6.11,20,9.195036,2.805341
2023.6.11,21,5.93808,1.75872
2023.6.11,22,3.836199,3.25734
2023.6.11,23,1.653337,7.268293
2023.6.11,24,0.067664,5.041516
2023.6.12,1,0.000448,4.557812
2023.6.12,2,0.037544,4.488431
2023.6.12,3,0.000644,1.567704
2023.6.12,4,0.00052,0.03384
2023.6.12,5,0.022408,0.0096
2023.6.12,6,1.938894,0.01014
2023.6.12,7,21.42232,0
2023.6.12,8,56.298455,0.02664
2023.6.12,9,89.772515,0.4392
2023.6.12,10,157.003947,2.121
2023.6.12,11,201.710255,3.739923
2023.6.12,12,180.323003,8.098684
2023.6.12,13,168.352996,5.039371
2023.6.12,14,193.492717,5.553079
2023.6.12,15,179.125122,2.374788
2023.6.12,16,112.843134,3.308122
2023.6.12,17,63.588968,0.423376
2023.6.12,18,64.831237,0
2023.6.12,19,33.855821,0.11814
2023.6.12,20,11.453478,0.096
2023.6.12,21,6.041458,0.612888
2023.6.12,22,3.298262,2.269836
2023.6.12,23,1.218708,2.390388
2023.6.12,24,0.014648,4.582651
2023.6.13,1,0.000472,3.318476
2023.6.13,2,0.00128,0.540928
2023.6.13,3,0.00068,0.43968
2023.6.13,4,0.000628,0.63762
2023.6.13,5,0.022272,3.565111
2023.6.13,6,0.922005,6.822971
2023.6.13,7,16.378288,8.349059
2023.6.13,8,60.113097,5.219471
2023.6.13,9,101.657144,1.621334
2023.6.13,10,159.650405,0.709612
2023.6.13,11,221.888553,0.97775
2023.6.13,12,213.757184,1.412609
2023.6.13,13,178.95546,0.589804
2023.6.13,14,205.576631,5.261031
2023.6.13,15,185.083017,2.324828
2023.6.13,16,152.625868,0.606336
2023.6.13,17,85.355397,0.450272
2023.6.13,18,48.166358,0.00096
2023.6.13,19,25.205781,0.11364
2023.6.13,20,9.024274,0.588405
2023.6.13,21,6.057845,0.722476
2023.6.13,22,4.172942,0.460527
2023.6.13,23,1.515954,1.676481
2023.6.13,24,0.017048,7.013917
2023.6.14,1,0.000456,13.206991
2023.6.14,2,0.000944,20.295177
2023.6.14,3,0.000536,16.109793
2023.6.14,4,0.00062,23.310513
2023.6.14,5,0.022344,20.289573
2023.6.14,6,0.456929,13.237197
2023.6.14,7,10.012841,21.731937
2023.6.14,8,34.3657,15.779483
2023.6.14,9,77.030795,5.44411
2023.6.14,10,126.669113,3.643221
2023.6.14,11,223.333068,4.195708
2023.6.14,12,294.915666,3.42749
2023.6.14,13,282.914201,1.954865
2023.6.14,14,300.829945,13.47674
2023.6.14,15,241.284471,11.117847
2023.6.14,16,205.900884,1.371983
2023.6.14,17,168.350078,0.292304
2023.6.14,18,93.923692,1.195204
2023.6.14,19,40.979059,0.554785
2023.6.14,20,12.039449,3.298871
2023.6.14,21,6.354456,2.380772
2023.6.14,22,4.399698,0.587403
2023.6.14,23,2.003689,1.414112
2023.6.14,24,0.431296,13.370632
2023.6.15,1,0.000448,13.209335
2023.6.15,2,0.001488,14.774802
2023.6.15,3,0.00064,11.201777
2023.6.15,4,0.000528,10.934326
2023.6.15,5,0.022592,10.912395
2023.6.15,6,1.818877,18.107928
2023.6.15,7,25.272055,13.691696
2023.6.15,8,75.197432,11.916528
2023.6.15,9,149.630256,8.504994
2023.6.15,10,216.192065,6.51955
2023.6.15,11,271.545017,7.556213
2023.6.15,12,287.890761,4.520409
2023.6.15,13,292.903921,2.835732
2023.6.15,14,282.661015,20.249538
2023.6.15,15,254.039912,18.617896
2023.6.15,16,218.091144,5.245755
2023.6.15,17,167.999762,3.943954
2023.6.15,18,96.202348,2.826864
2023.6.15,19,34.958648,4.033811
2023.6.15,20,10.54885,10.614975
2023.6.15,21,6.358297,13.383425
2023.6.15,22,4.145058,14.310834
2023.6.15,23,1.83456,5.59959
2023.6.15,24,0.426276,1.308433
2023.6.16,1,0.00044,3.54912
2023.6.16,2,0.001316,0.904252
2023.6.16,3,0.0007,0.351974
2023.6.16,4,0.170494,0.444779
2023.6.16,5,0.022296,0.08544
2023.6.16,6,1.658791,0.987396
2023.6.16,7,23.582226,1.641551
2023.6.16,8,90.199936,0.659502
2023.6.16,9,174.036312,0.191046
2023.6.16,10,201.462209,0.133014
2023.6.16,11,258.132579,0.105122
2023.6.16,12,303.226425,0.74742
2023.6.16,13,309.36401,1.021076
2023.6.16,14,286.367293,1.481304
2023.6.16,15,236.892789,2.207445
2023.6.16,16,182.948513,2.709818
2023.6.16,17,113.270023,3.426308
2023.6.16,18,61.482555,2.914012
2023.6.16,19,28.595328,1.485091
2023.6.16,20,12.55823,3.265634
2023.6.16,21,6.749061,6.225415
2023.6.16,22,4.79485,7.5725
2023.6.16,23,1.785662,5.745327
2023.6.16,24,0.421376,1.718439
2023.6.17,1,0.000616,0.773281
2023.6.17,2,0.001584,0.07314
2023.6.17,3,0.04736,0
2023.6.17,4,0.050144,0.166547
2023.6.17,5,0.006928,0.072947
2023.6.17,6,2.567969,0
2023.6.17,7,32.302806,0.01932
2023.6.17,8,62.316138,0
2023.6.17,9,150.970448,0.0036
2023.6.17,10,238.343284,0.563327
2023.6.17,11,275.02313,1.238625
2023.6.17,12,283.671045,1.85754
2023.6.17,13,280.502651,1.871274
2023.6.17,14,278.124034,1.844086
2023.6.17,15,281.28381,2.178642
2023.6.17,16,227.993787,7.287897
2023.6.17,17,132.724572,9.816843
2023.6.17,18,53.673734,3.700056
2023.6.17,19,20.664891,0.621632
2023.6.17,20,8.853473,1.98381
2023.6.17,21,6.893009,0.12
2023.6.17,22,4.602323,0.4536
2023.6.17,23,1.830097,1.0254
2023.6.17,24,0.42384,1.986225
2023.6.18,1,0.000432,3.142362
2023.6.18,2,0.112408,1.132778
2023.6.18,3,0.128496,0.255351
2023.6.18,4,0.023896,0.445551
2023.6.18,5,0.00052,0.330234
2023.6.18,6,0.178219,0.518663
2023.6.18,7,7.442017,0.17446
2023.6.18,8,25.07483,1.816104
2023.6.18,9,56.026277,0.689277
2023.6.18,10,103.315837,0.045241
2023.6.18,11,177.637021,0.322983
2023.6.18,12,224.056599,1.591079
2023.6.18,13,210.596033,1.098549
2023.6.18,14,142.594672,3.057115
2023.6.18,15,114.327462,1.082159
2023.6.18,16,88.185603,0.510017
2023.6.18,17,64.160297,0.679849
2023.6.18,18,46.505291,0.783659
2023.6.18,19,22.921568,0.695521
2023.6.18,20,9.374733,0.397059
2023.6.18,21,5.486865,2.673677
2023.6.18,22,2.866471,5.66822
2023.6.18,23,0.369291,7.525082
2023.6.18,24,0.009444,11.513741
2023.6.19,1,0.000448,9.592126
2023.6.19,2,0.111636,8.941877
2023.6.19,3,0.119784,8.946362
2023.6.19,4,0.000472,10.906006
2023.6.19,5,0.000376,15.732756
2023.6.19,6,1.771668,8.589553
2023.6.19,7,23.109005,7.914652
2023.6.19,8,86.153863,2.350627
2023.6.19,9,169.535223,0.788376
2023.6.19,10,239.571371,3.213245
2023.6.19,11,282.753111,12.38718
2023.6.19,12,294.115692,29.09885
2023.6.19,13,284.0479,26.057319
2023.6.19,14,281.819124,28.078987
2023.6.19,15,243.694199,32.172672
2023.6.19,16,180.336092,20.442422
2023.6.19,17,131.865603,6.722951
2023.6.19,18,84.481201,3.767242
2023.6.19,19,35.604027,4.321954
2023.6.19,20,10.674439,7.484907
2023.6.19,21,7.033464,7.413286
2023.6.19,22,4.772623,7.654148
2023.6.19,23,1.973082,12.732868
2023.6.19,24,0.42064,20.542079
2023.6.20,1,0.000496,23.20579
2023.6.20,2,0.112248,51.393042
2023.6.20,3,0.134968,41.247501
2023.6.20,4,0.049912,37.50074
2023.6.20,5,0.006176,64.605323
2023.6.20,6,1.888187,32.495283
2023.6.20,7,23.000619,27.787045
2023.6.20,8,57.283095,37.940104
2023.6.20,9,73.316337,52.10246
2023.6.20,10,60.753835,49.794701
2023.6.20,11,57.274204,45.143811
2023.6.20,12,57.150053,36.171331
2023.6.20,13,51.56242,40.781874
2023.6.20,14,44.25089,79.456737
2023.6.20,15,48.639486,90.137834
2023.6.20,16,35.909587,72.796148
2023.6.20,17,19.405401,62.390089
2023.6.20,18,12.971834,44.66364
2023.6.20,19,7.355637,43.040251
2023.6.20,20,4.710377,42.591247
2023.6.20,21,0.974125,27.970187
2023.6.20,22,0.313697,14.332842
2023.6.20,23,0.000592,11.46458
2023.6.20,24,0.0006,13.005109
2023.6.21,1,0.000608,6.764695
2023.6.21,2,0.000568,9.255421
2023.6.21,3,0.040448,14.92199
2023.6.21,4,0.000464,18.783236
2023.6.21,5,0.000456,24.444708
2023.6.21,6,0.456326,30.016238
2023.6.21,7,7.656869,27.645608
2023.6.21,8,24.296454,29.579185
2023.6.21,9,45.270801,25.238777
2023.6.21,10,117.70459,14.347649
2023.6.21,11,90.365953,18.753724
2023.6.21,12,83.1242,16.52449
2023.6.21,13,94.188352,14.091149
2023.6.21,14,95.938884,25.350646
2023.6.21,15,81.641354,39.718745
2023.6.21,16,72.779419,46.562942
2023.6.21,17,82.467418,60.324157
2023.6.21,18,49.70015,72.818389
2023.6.21,19,20.652137,61.302979
2023.6.21,20,7.560725,66.432708
2023.6.21,21,1.566665,76.891944
2023.6.21,22,0.027552,63.918571
2023.6.21,23,0.000464,54.544341
2023.6.21,24,0.00048,44.90047
2023.6.22,1,0.000496,40.205416
2023.6.22,2,0.000424,40.83984
2023.6.22,3,0.00048,39.025578
2023.6.22,4,0.000488,39.14717
2023.6.22,5,0.00048,30.1586
2023.6.22,6,0.979286,45.574465
2023.6.22,7,16.735213,49.279882
2023.6.22,8,67.595388,47.633796
2023.6.22,9,143.111949,42.577796
2023.6.22,10,219.783591,39.431636
2023.6.22,11,283.25789,38.279434
2023.6.22,12,303.595288,31.603108
2023.6.22,13,296.681782,43.266321
2023.6.22,14,256.132138,59.471448
2023.6.22,15,207.158767,57.614426
2023.6.22,16,140.671656,28.907402
2023.6.22,17,107.761798,17.892878
2023.6.22,18,63.565868,16.949504
2023.6.22,19,32.404064,22.333951
2023.6.22,20,15.393088,30.301601
2023.6.22,21,7.600355,32.967304
2023.6.22,22,5.176623,26.500914
2023.6.22,23,2.034598,11.342776
2023.6.22,24,0.292772,6.359387
2023.6.23,1,0.000472,11.592766
2023.6.23,2,0.001484,20.15569
2023.6.23,3,0.047144,19.957819
2023.6.23,4,0.218448,19.204889
2023.6.23,5,0.006272,20.793152
2023.6.23,6,1.40375,12.556717
2023.6.23,7,25.197953,14.16108
2023.6.23,8,81.602737,9.233903
2023.6.23,9,160.754239,2.078441
2023.6.23,10,232.271825,2.010259
2023.6.23,11,262.374678,0.768572
2023.6.23,12,312.300388,1.933072
2023.6.23,13,317.854477,1.663782
2023.6.23,14,308.270515,12.075148
2023.6.23,15,280.377473,8.388152
2023.6.23,16,221.746098,3.243368
2023.6.23,17,161.916794,3.596592
2023.6.23,18,92.755626,2.951112
2023.6.23,19,34.043556,2.426594
2023.6.23,20,11.236152,8.619194
2023.6.23,21,7.145207,11.334948
2023.6.23,22,4.843916,13.485481
2023.6.23,23,2.299629,5.504757
2023.6.23,24,0.544156,4.201277
2023.6.24,1,0.000608,4.176343
2023.6.24,2,0.001476,6.046837
2023.6.24,3,0.047348,4.157565
2023.6.24,4,0.05,3.542562
2023.6.24,5,0.006384,3.522612
2023.6.24,6,0.751696,4.535612
2023.6.24,7,14.303212,7.620424
2023.6.24,8,47.534392,16.968603
2023.6.24,9,93.621205,24.768763
2023.6.24,10,159.419977,34.265984
2023.6.24,11,205.528212,36.407983
2023.6.24,12,209.465164,30.062774
2023.6.24,13,243.692182,32.387678
2023.6.24,14,261.695585,53.709533
2023.6.24,15,197.428809,51.243968
2023.6.24,16,101.862655,55.274593
2023.6.24,17,59.510047,32.910198
2023.6.24,18,33.774183,34.89247
2023.6.24,19,13.471941,42.902063
2023.6.24,20,8.502685,53.350529
2023.6.24,21,7.018987,32.272852
2023.6.24,22,4.525445,31.425105
2023.6.24,23,2.066663,30.033037
2023.6.24,24,0.52102,19.32884
2023.6.25,1,0.000464,9.836512
2023.6.25,2,0.0015,10.03255
2023.6.25,3,0.042784,17.295175
2023.6.25,4,0.00066,23.325438
2023.6.25,5,0.000528,34.119517
2023.6.25,6,0.028064,47.470571
2023.6.25,7,1.270617,69.569001
2023.6.25,8,4.363041,71.500336
2023.6.25,9,14.214404,120.468154
2023.6.25,10,26.028596,133.332637
2023.6.25,11,19.858717,146.264538
2023.6.25,12,18.692633,132.196981
2023.6.25,13,23.255577,94.378468
2023.6.25,14,29.098223,105.814112
2023.6.25,15,19.291854,53.221943
2023.6.25,16,24.684149,12.272779
2023.6.25,17,25.286241,3.722299
2023.6.25,18,10.69979,0.177981
2023.6.25,19,2.327052,0.62939
2023.6.25,20,1.93051,13.451239
2023.6.25,21,0.052864,25.92697
2023.6.25,22,0.000456,65.443019
2023.6.25,23,0.000496,76.478497
2023.6.25,24,0.000448,94.468162
2023.6.26,1,0.00048,114.722475
2023.6.26,2,0.000464,127.409813
2023.6.26,3,0.000568,123.047899
2023.6.26,4,0.00044,128.099063
2023.6.26,5,0.000416,110.888067
2023.6.26,6,0.187138,109.291528
2023.6.26,7,4.458705,126.079982
2023.6.26,8,14.119739,121.784718
2023.6.26,9,28.101748,120.690164
2023.6.26,10,48.644264,116.923242
2023.6.26,11,58.453173,113.771477
2023.6.26,12,53.346178,113.843804
2023.6.26,13,62.694979,113.39579
2023.6.26,14,65.049455,147.107687
2023.6.26,15,59.884865,151.813762
2023.6.26,16,45.154817,133.571712
2023.6.26,17,32.580095,128.1408
2023.6.26,18,20.896942,141.042812
2023.6.26,19,8.325586,155.067065
2023.6.26,20,4.104064,169.598044
2023.6.26,21,1.188815,154.70536
2023.6.26,22,0.679784,146.95676
2023.6.26,23,0.058168,127.431584
2023.6.26,24,0.000416,95.127216
2023.6.27,1,0.000424,108.783634
2023.6.27,2,0.000448,118.832552
2023.6.27,3,0.047008,120.533523
2023.6.27,4,0.0498,116.339637
2023.6.27,5,0.005752,101.376727
2023.6.27,6,0.36214,87.02096
2023.6.27,7,8.273832,79.984083
2023.6.27,8,23.796225,74.993461
2023.6.27,9,35.61957,70.975892
2023.6.27,10,40.729556,76.587919
2023.6.27,11,37.088492,81.755004
2023.6.27,12,34.436567,93.244678
2023.6.27,13,34.503268,77.407943
2023.6.27,14,36.653737,90.133283
2023.6.27,15,37.539965,96.065148
2023.6.27,16,36.172706,78.927092
2023.6.27,17,34.823273,80.94077
2023.6.27,18,19.894306,85.068536
2023.6.27,19,6.166691,97.921076
2023.6.27,20,3.411606,123.157182
2023.6.27,21,1.006461,171.475866
2023.6.27,22,0.017208,165.168132
2023.6.27,23,0.095945,166.08953
2023.6.27,24,0.00048,162.118615
2023.6.28,1,0.000448,140.650068
2023.6.28,2,0.000432,129.647954
2023.6.28,3,0.029136,119.471206
2023.6.28,4,0.000464,130.089602
2023.6.28,5,0.000456,111.144216
2023.6.28,6,0.436598,99.879203
2023.6.28,7,11.230339,88.661086
2023.6.28,8,22.021056,81.250458
2023.6.28,9,49.900718,66.411053
2023.6.28,10,92.566895,62.171138
2023.6.28,11,131.928676,70.082394
2023.6.28,12,144.488449,88.73079
2023.6.28,13,161.370206,95.106333
2023.6.28,14,164.308972,124.753417
2023.6.28,15,168.900616,113.024066
2023.6.28,16,135.892569,105.78577
2023.6.28,17,84.396889,75.037094
2023.6.28,18,51.098649,63.248886
2023.6.28,19,22.226116,54.183283
2023.6.28,20,6.87604,59.880488
2023.6.28,21,3.165442,58.594499
2023.6.28,22,1.462779,62.647191
2023.6.28,23,0.153464,65.482116
2023.6.28,24,0.015448,80.187979
2023.6.29,1,0.000488,105.101384
2023.6.29,2,0.000648,114.339847
2023.6.29,3,0.047248,133.467652
2023.6.29,4,0.050016,119.399571
2023.6.29,5,0.006008,103.644336
2023.6.29,6,0.266384,103.030457
2023.6.29,7,8.270285,108.233894
2023.6.29,8,23.086941,129.136345
2023.6.29,9,46.560979,121.097157
2023.6.29,10,60.783389,121.131572
2023.6.29,11,66.998169,136.339947
2023.6.29,12,61.916373,154.663852
2023.6.29,13,58.573101,161.739228
2023.6.29,14,92.160663,170.602467
2023.6.29,15,85.219306,186.599392
2023.6.29,16,67.861809,180.878334
2023.6.29,17,53.4133,145.499127
2023.6.29,18,31.159589,132.135118
2023.6.29,19,14.238755,133.690972
2023.6.29,20,5.80767,124.277642
2023.6.29,21,3.064974,125.012539
2023.6.29,22,1.387407,114.909202
2023.6.29,23,0.062464,111.937961
2023.6.29,24,0.002408,101.461457
2023.6.30,1,0.000424,37.110914
2023.6.30,2,0.000456,52.971947
2023.6.30,3,0.04296,92.093398
2023.6.30,4,0.049912,98.615361
2023.6.30,5,0.010424,79.831512
2023.6.30,6,0.015646,65.342593
2023.6.30,7,0.055946,55.793075
2023.6.30,8,0.330511,64.394532
2023.6.30,9,3.375578,18.806125
2023.6.30,10,14.816111,23.198247
2023.6.30,11,16.533868,25.875162
2023.6.30,12,15.417231,18.576205
2023.6.30,13,19.744179,25.405279
2023.6.30,14,14.338646,51.029769
2023.6.30,15,22.338673,62.398436
2023.6.30,16,22.046724,60.299353
2023.6.30,17,28.056359,64.007516
2023.6.30,18,23.906695,77.115272
2023.6.30,19,14.704278,67.588837
2023.6.30,20,2.406582,78.2272
2023.6.30,21,0,59.103549
2023.6.30,22,0.012,41.913548
2023.6.30,23,0,18.001578
2023.6.30,24,0,7.637649
2023.7.1,1,0,4.025207
2023.7.1,2,0,8.952148
2023.7.1,3,0,9.038937
2023.7.1,4,0,12.400074
2023.7.1,5,0,2.955409
2023.7.1,6,0.032421,1.845631
2023.7.1,7,2.293281,0.318391
2023.7.1,8,18.056988,0.10752
2023.7.1,9,42.7687,0
2023.7.1,10,58.931349,0
2023.7.1,11,74.848425,0.00216
2023.7.1,12,101.758728,0.009
2023.7.1,13,77.383298,0.00702
2023.7.1,14,60.738902,4.182502
2023.7.1,15,89.833973,3.31926
2023.7.1,16,155.882197,0.01242
2023.7.1,17,118.771976,0.03522
2023.7.1,18,81.702932,0.296463
2023.7.1,19,27.934727,2.526739
2023.7.1,20,6.893459,3.000527
2023.7.1,21,3.630472,2.527779
2023.7.1,22,1.912884,2.218053
2023.7.1,23,0.465984,1.709989
2023.7.1,24,0.004664,1.878013
2023.7.2,1,0.00054,1.253841
2023.7.2,2,0.000904,2.000471
2023.7.2,3,0.029592,1.957704
2023.7.2,4,0.000496,0.702809
2023.7.2,5,0.000496,1.607065
2023.7.2,6,0.878719,1.191126
2023.7.2,7,13.615126,3.779182
2023.7.2,8,45.299396,2.211002
2023.7.2,9,85.856858,1.31669
2023.7.2,10,149.021129,1.745288
2023.7.2,11,137.665386,2.422187
2023.7.2,12,148.247216,4.008427
2023.7.2,13,139.518903,3.354292
2023.7.2,14,128.07719,6.044028
2023.7.2,15,141.244749,9.632038
2023.7.2,16,130.757984,13.784922
2023.7.2,17,87.414041,15.729863
2023.7.2,18,33.549512,11.894853
2023.7.2,19,13.744845,19.749137
2023.7.2,20,6.760439,41.745945
2023.7.2,21,4.787086,28.197703
2023.7.2,22,2.849737,27.402446
2023.7.2,23,0.511516,18.826535
2023.7.2,24,0.000256,26.973157
2023.7.3,1,0.000272,50.864186
2023.7.3,2,0.000296,47.778647
2023.7.3,3,0.047,23.372691
2023.7.3,4,0.001656,5.86863
2023.7.3,5,0.000328,2.605532
2023.7.3,6,0.013728,2.412887
2023.7.3,7,0.342442,2.142044
2023.7.3,8,3.255938,0.491194
2023.7.3,9,19.554019,2.806677
2023.7.3,10,57.451251,0.349396
2023.7.3,11,76.048248,0.50748
2023.7.3,12,60.6476,0.1416
2023.7.3,13,33.999738,1.381156
2023.7.3,14,30.439771,11.851614
2023.7.3,15,39.407852,5.854014
2023.7.3,16,34.966618,6.28512
2023.7.3,17,24.309389,4.130962
2023.7.3,18,13.453128,0.515763
2023.7.3,19,7.927331,0.1128
2023.7.3,20,3.62783,0.629128
2023.7.3,21,0.036416,0
2023.7.3,22,0.004464,0
2023.7.3,23,0.000432,0
2023.7.3,24,0.0004,0.304632
2023.7.4,1,0.000448,3.419912
2023.7.4,2,0.000488,4.213861
2023.7.4,3,0.020424,3.866723
2023.7.4,4,0.000384,11.163975
2023.7.4,5,0.000328,15.553923
2023.7.4,6,0.060504,14.66144
2023.7.4,7,3.351394,13.246888
2023.7.4,8,26.946086,7.625622
2023.7.4,9,44.993253,3.746446
2023.7.4,10,72.197553,8.234769
2023.7.4,11,89.264116,18.665879
2023.7.4,12,101.42896,26.479063
2023.7.4,13,126.019592,33.179401
2023.7.4,14,112.348094,42.044728
2023.7.4,15,108.509224,39.16225
2023.7.4,16,103.838764,31.697787
2023.7.4,17,63.460962,27.296639
2023.7.4,18,53.379595,26.471944
2023.7.4,19,26.544307,36.35398
2023.7.4,20,9.984856,46.362097
2023.7.4,21,5.880607,56.803646
2023.7.4,22,3.013063,34.73932
2023.7.4,23,0.590659,26.542262
2023.7.4,24,0.000432,36.110621
2023.7.5,1,0.000472,44.362493
2023.7.5,2,0.000496,51.588731
2023.7.5,3,0.047048,76.94418
2023.7.5,4,0.04988,95.316928
2023.7.5,5,0.00608,91.250668
2023.7.5,6,0.016038,63.953839
2023.7.5,7,0.85769,72.55684
2023.7.5,8,13.241651,78.758056
2023.7.5,9,36.08235,47.467589
2023.7.5,10,83.11493,22.284474
2023.7.5,11,145.600306,39.546286
2023.7.5,12,225.737083,37.831176
2023.7.5,13,261.990742,27.170964
2023.7.5,14,279.050779,34.103938
2023.7.5,15,280.462662,51.873691
2023.7.5,16,252.16568,42.970826
2023.7.5,17,191.348666,29.229909
2023.7.5,18,110.759804,17.80149
2023.7.5,19,40.284265,15.534644
2023.7.5,20,14.769826,13.896512
2023.7.5,21,7.162065,7.669472
2023.7.5,22,4.833829,2.497391
2023.7.5,23,2.03292,1.380489
2023.7.5,24,0.522824,1.850493
2023.7.6,1,0.003504,1.787327
2023.7.6,2,0.00052,4.028386
2023.7.6,3,0.047452,2.988916
2023.7.6,4,0.050024,0.81498
2023.7.6,5,0.006496,0.659644
2023.7.6,6,0.823227,10.632475
2023.7.6,7,18.171618,16.43153
2023.7.6,8,74.230009,8.673954
2023.7.6,9,160.740271,3.853162
2023.7.6,10,197.493002,3.211135
2023.7.6,11,254.282921,6.073077
2023.7.6,12,284.279177,9.524854
2023.7.6,13,302.072372,12.865513
2023.7.6,14,306.140827,28.265567
2023.7.6,15,276.605232,21.090301
2023.7.6,16,253.085092,7.144861
2023.7.6,17,164.046415,12.553912
2023.7.6,18,88.03774,13.751181
2023.7.6,19,36.373696,9.184044
2023.7.6,20,12.140041,10.130727
2023.7.6,21,7.103857,15.498109
2023.7.6,22,4.623212,16.114403
2023.7.6,23,2.082384,20.929035
2023.7.6,24,0.54742,20.343253
2023.7.7,1,0.003472,24.01367
2023.7.7,2,0.000456,38.807238
2023.7.7,3,0.047416,44.662112
2023.7.7,4,0.049984,33.317688
2023.7.7,5,0.006512,37.582402
2023.7.7,6,0.039846,29.418463
2023.7.7,7,3.110534,28.895829
2023.7.7,8,15.680304,20.252581
2023.7.7,9,26.9172,21.561694
2023.7.7,10,45.05995,38.156442
2023.7.7,11,46.88084,66.444596
2023.7.7,12,37.132994,72.001545
2023.7.7,13,50.374858,84.616364
2023.7.7,14,50.92096,73.526832
2023.7.7,15,50.934222,56.595647
2023.7.7,16,38.7048,45.717211
2023.7.7,17,27.595465,35.999391
2023.7.7,18,28.696954,24.434554
2023.7.7,19,15.254102,21.047044
2023.7.7,20,5.628255,43.606043
2023.7.7,21,1.142928,41.538099
2023.7.7,22,0.191097,27.821329
2023.7.7,23,0.000304,37.670778
2023.7.7,24,0.000456,28.693782
2023.7.8,1,0.00048,26.016653
2023.7.8,2,0.006984,31.851354
2023.7.8,3,0.047112,53.419046
2023.7.8,4,0.00856,61.741185
2023.7.8,5,0.000496,43.163854
2023.7.8,6,0.02212,46.823059
2023.7.8,7,0.075791,65.093884
2023.7.8,8,0.419852,33.706096
2023.7.8,9,4.211644,22.417325
2023.7.8,10,11.395609,31.137151
2023.7.8,11,11.636326,40.735573
2023.7.8,12,19.36255,35.376903
2023.7.8,13,36.601552,46.1412
2023.7.8,14,20.590087,60.675443
2023.7.8,15,12.235635,53.575277
2023.7.8,16,16.870506,28.31192
2023.7.8,17,58.187529,28.497004
2023.7.8,18,46.199797,29.720977
2023.7.8,19,12.032021,43.376001
2023.7.8,20,3.599083,49.414048
2023.7.8,21,0.000472,41.315772
2023.7.8,22,0.003752,24.53592
2023.7.8,23,0.000432,27.184516
2023.7.8,24,0.000464,32.851273
2023.7.9,1,0.000504,27.210661
2023.7.9,2,0.000504,29.588879
2023.7.9,3,0.00048,34.094609
2023.7.9,4,0.00048,37.088124
2023.7.9,5,0.000464,17.463072
2023.7.9,6,0.277616,21.657333
2023.7.9,7,6.876334,35.761267
2023.7.9,8,21.483688,37.414223
2023.7.9,9,42.897263,38.31156
2023.7.9,10,85.633538,52.411406
2023.7.9,11,87.860239,64.595755
2023.7.9,12,149.976326,28.663823
2023.7.9,13,171.172044,18.846389
2023.7.9,14,81.188774,46.290028
2023.7.9,15,102.081467,25.800987
2023.7.9,16,93.025352,45.089212
2023.7.9,17,32.020751,45.989534
2023.7.9,18,14.692529,18.216832
2023.7.9,19,13.070965,36.336137
2023.7.9,20,7.870719,54.745662
2023.7.9,21,4.105237,60.629497
2023.7.9,22,1.175254,46.223384
2023.7.9,23,0.058261,53.889779
2023.7.9,24,0.000392,39.454245
2023.7.10,1,0.000432,46.118699
2023.7.10,2,0.00044,69.428769
2023.7.10,3,0.017808,83.622162
2023.7.10,4,0.000456,82.926577
2023.7.10,5,0.000448,65.401194
2023.7.10,6,0.460467,32.415184
2023.7.10,7,13.437821,28.342411
2023.7.10,8,40.167329,13.405495
2023.7.10,9,57.115564,14.357606
2023.7.10,10,95.171199,27.161665
2023.7.10,11,137.256313,18.247447
2023.7.10,12,137.258764,92.705458
2023.7.10,13,136.16403,163.469646
2023.7.10,14,183.103473,163.619387
2023.7.10,15,233.576202,178.902594
2023.7.10,16,157.378191,144.518356
2023.7.10,17,94.143476,123.077024
2023.7.10,18,48.753128,95.441092
2023.7.10,19,15.651068,65.705577
2023.7.10,20,6.67066,68.794962
2023.7.10,21,5.088073,59.5578
2023.7.10,22,3.318482,38.862639
2023.7.10,23,0.314194,36.820003
2023.7.10,24,0.01632,36.031364
2023.7.11,1,0.00052,39.285816
2023.7.11,2,0.052352,50.259534
2023.7.11,3,0.047256,45.598486
2023.7.11,4,0.050136,58.651148
2023.7.11,5,0.006536,76.422745
2023.7.11,6,0.059215,89.875612
2023.7.11,7,3.228823,83.121044
2023.7.11,8,26.445305,91.582928
2023.7.11,9,56.588689,97.984604
2023.7.11,10,104.463754,88.187056
2023.7.11,11,139.526341,87.218396
2023.7.11,12,159.90633,91.689154
2023.7.11,13,154.914529,106.990187
2023.7.11,14,159.612842,143.921492
2023.7.11,15,155.300653,121.620769
2023.7.11,16,123.805273,92.739946
2023.7.11,17,82.958125,91.047215
2023.7.11,18,46.018383,89.561105
2023.7.11,19,15.356726,83.216181
2023.7.11,20,6.89719,108.540966
2023.7.11,21,4.594754,108.6529
2023.7.11,22,2.162167,105.617731
2023.7.11,23,0.205017,130.449426
2023.7.11,24,0.015008,148.114509
2023.7.12,1,0.000488,112.03773
2023.7.12,2,0.042352,127.454699
2023.7.12,3,0.047104,119.272739
2023.7.12,4,0.049944,109.980288
2023.7.12,5,0.006472,109.866188
2023.7.12,6,0.338367,86.462202
2023.7.12,7,13.505607,93.710518
2023.7.12,8,41.154219,91.049789
2023.7.12,9,96.339216,104.41327
2023.7.12,10,132.299139,104.029465
2023.7.12,11,141.861907,102.170777
2023.7.12,12,167.001428,111.524143
2023.7.12,13,194.363669,115.158073
2023.7.12,14,201.981301,122.068017
2023.7.12,15,182.888118,109.403335
2023.7.12,16,143.708791,94.050135
2023.7.12,17,111.554531,78.184891
2023.7.12,18,63.90181,85.981382
2023.7.12,19,27.055436,89.498603
2023.7.12,20,8.172661,109.262111
2023.7.12,21,3.244328,117.934441
2023.7.12,22,1.829484,100.956539
2023.7.12,23,0.21173,92.333913
2023.7.12,24,0.016352,86.237457
2023.7.13,1,0.000456,98.856348
2023.7.13,2,0.020512,99.932493
2023.7.13,3,0.04716,94.00612
2023.7.13,4,0.049968,96.18216
2023.7.13,5,0.006448,102.581314
2023.7.13,6,0.196581,114.258351
2023.7.13,7,10.955399,106.009412
2023.7.13,8,28.431597,108.738921
2023.7.13,9,67.418448,108.293977
2023.7.13,10,85.706983,110.684556
2023.7.13,11,104.859344,119.725162
2023.7.13,12,128.52936,129.849027
2023.7.13,13,122.604858,145.022342
2023.7.13,14,93.493686,188.745515
2023.7.13,15,69.450892,153.88492
2023.7.13,16,57.212071,133.039396
2023.7.13,17,43.289912,132.127092
2023.7.13,18,24.439637,146.317233
2023.7.13,19,13.743619,161.508297
2023.7.13,20,5.635005,175.11945
2023.7.13,21,3.339009,164.970686
2023.7.13,22,1.042937,146.082146
2023.7.13,23,0.09036,154.49548
2023.7.13,24,0.000472,180.332018
2023.7.14,1,0.00048,163.743343
2023.7.14,2,0.015072,154.345432
2023.7.14,3,0.047016,156.847247
2023.7.14,4,0.04992,168.696836
2023.7.14,5,0.003864,156.686424
2023.7.14,6,0.020045,166.692724
2023.7.14,7,1.926975,183.649434
2023.7.14,8,11.512723,168.990407
2023.7.14,9,26.95443,170.003582
2023.7.14,10,54.980875,159.522834
2023.7.14,11,84.669264,152.8767
2023.7.14,12,95.913251,155.048141
2023.7.14,13,114.217125,164.499225
2023.7.14,14,103.181341,182.817471
2023.7.14,15,96.026726,181.844246
2023.7.14,16,90.68983,164.220939
2023.7.14,17,96.785791,150.713297
2023.7.14,18,57.330584,163.604352
2023.7.14,19,29.257084,154.489775
2023.7.14,20,9.864913,171.567775
2023.7.14,21,5.47397,185.954593
2023.7.14,22,2.45278,187.043805
2023.7.14,23,0.38411,172.64411
2023.7.14,24,0.000508,160.854825
2023.7.15,1,0.00044,150.724173
2023.7.15,2,0.000472,152.289382
2023.7.15,3,0.047184,156.869473
2023.7.15,4,0.049944,161.918041
2023.7.15,5,0.006464,172.755389
2023.7.15,6,0.351637,156.592087
2023.7.15,7,11.573138,127.524363
2023.7.15,8,39.257803,118.553916
2023.7.15,9,85.090428,132.156945
2023.7.15,10,113.903528,134.547673
2023.7.15,11,134.32962,157.032074
2023.7.15,12,150.159106,153.61009
2023.7.15,13,152.903735,152.298275
2023.7.15,14,159.444713,153.306252
2023.7.15,15,135.166987,153.823912
2023.7.15,16,97.601722,131.729637
2023.7.15,17,80.614162,115.102952
2023.7.15,18,52.921356,124.491741
2023.7.15,19,23.547224,131.616868
2023.7.15,20,8.696541,141.541867
2023.7.15,21,6.095269,130.563253
2023.7.15,22,4.24002,91.149902
2023.7.15,23,1.414591,86.017008
2023.7.15,24,0.017144,114.614414
2023.7.16,1,0.000352,118.045731
2023.7.16,2,0.022512,115.145649
2023.7.16,3,0.046984,120.935345
2023.7.16,4,0.002268,133.109725
2023.7.16,5,0.000464,130.396912
2023.7.16,6,0.20177,137.197169
2023.7.16,7,8.208257,125.504673
2023.7.16,8,34.96393,128.503437
2023.7.16,9,70.563214,121.132534
2023.7.16,10,91.454294,95.916728
2023.7.16,11,122.553864,105.329693
2023.7.16,12,141.119471,92.496204
2023.7.16,13,153.994648,93.610939
2023.7.16,14,144.109017,94.994594
2023.7.16,15,120.840648,91.431511
2023.7.16,16,114.592096,77.135772
2023.7.16,17,99.815588,46.362989
2023.7.16,18,64.042368,38.627283
2023.7.16,19,28.4861,56.290701
2023.7.16,20,10.841094,99.197575
2023.7.16,21,6.171537,107.295212
2023.7.16,22,3.4712,96.008557
2023.7.16,23,1.33732,100.440207
2023.7.16,24,0.000416,106.482647
2023.7.17,1,0.000472,88.02475
2023.7.17,2,0.02338,111.501995
2023.7.17,3,0.031888,110.889077
2023.7.17,4,0.000512,115.914775
2023.7.17,5,0.000456,113.135886
2023.7.17,6,0.53193,105.373542
2023.7.17,7,19.661897,90.440444
2023.7.17,8,39.024707,75.883146
2023.7.17,9,91.377764,66.806165
2023.7.17,10,153.958195,60.796655
2023.7.17,11,154.954582,49.827515
2023.7.17,12,118.543692,54.273361
2023.7.17,13,131.587774,48.72966
2023.7.17,14,154.301085,76.080192
2023.7.17,15,123.809625,83.816642
2023.7.17,16,101.459765,15.709828
2023.7.17,17,56.169963,2.560635
2023.7.17,18,26.594232,3.354313
2023.7.17,19,9.704078,4.523228
2023.7.17,20,7.523756,13.541995
2023.7.17,21,5.184962,15.208847
2023.7.17,22,2.827611,14.331341
2023.7.17,23,0.413824,26.928094
2023.7.17,24,0.000512,44.258295
2023.7.18,1,0.00052,66.005448
2023.7.18,2,0.059648,66.884374
2023.7.18,3,0.108152,103.752237
2023.7.18,4,0.018464,86.258722
2023.7.18,5,0.000352,131.269709
2023.7.18,6,0.065291,132.06689
2023.7.18,7,5.850382,115.715429
2023.7.18,8,15.635228,143.010621
2023.7.18,9,37.243908,171.802936
2023.7.18,10,71.432258,168.937768
2023.7.18,11,110.57031,175.709552
2023.7.18,12,121.78565,160.540869
2023.7.18,13,106.794862,144.325175
2023.7.18,14,111.770406,154.088513
2023.7.18,15,108.479571,154.726164
2023.7.18,16,48.74485,120.221597
2023.7.18,17,26.894298,91.107587
2023.7.18,18,21.027596,73.421597
2023.7.18,19,11.100342,69.815753
2023.7.18,20,8.398396,80.527681
2023.7.18,21,4.547884,75.247043
2023.7.18,22,1.926672,56.909417
2023.7.18,23,0.136462,51.433036
2023.7.18,24,0.000488,29.517509
2023.7.19,1,0.00052,7.98578
2023.7.19,2,0.059584,14.959988
2023.7.19,3,0.076904,25.168561
2023.7.19,4,0.04864,35.985591
2023.7.19,5,0.000552,42.334908
2023.7.19,6,0.419346,64.503123
2023.7.19,7,8.436785,66.810171
2023.7.19,8,38.952988,78.723743
2023.7.19,9,76.696333,55.011378
2023.7.19,10,98.214092,47.914885
2023.7.19,11,120.550768,46.401694
2023.7.19,12,159.442506,36.357637
2023.7.19,13,176.304538,30.604516
2023.7.19,14,177.59004,39.438467
2023.7.19,15,149.494982,35.717597
2023.7.19,16,136.207218,20.149046
2023.7.19,17,87.355849,14.724749
2023.7.19,18,63.461367,8.793977
2023.7.19,19,33.77517,4.75071
2023.7.19,20,9.345011,12.802272
2023.7.19,21,4.984569,11.023244
2023.7.19,22,2.33041,2.081793
2023.7.19,23,0.509344,0.21096
2023.7.19,24,0.019376,0.03612
2023.7.20,1,0.000416,0.016464
2023.7.20,2,0.05944,0.168
2023.7.20,3,0.108208,0.297888
2023.7.20,4,0.066712,0.222104
2023.7.20,5,0.02832,1.918544
2023.7.20,6,0.068261,1.754672
2023.7.20,7,6.630074,2.716664
2023.7.20,8,25.170415,2.32559
2023.7.20,9,61.831152,1.741692
2023.7.20,10,76.848146,1.660856
2023.7.20,11,74.778959,0.0018
2023.7.20,12,80.964595,0.0042
2023.7.20,13,94.201992,0.202485
2023.7.20,14,114.327206,2.808113
2023.7.20,15,75.696966,0.7071
2023.7.20,16,74.791944,0.348571
2023.7.20,17,71.310296,0.264102
2023.7.20,18,46.680363,0.187785
2023.7.20,19,21.776853,0.935984
2023.7.20,20,6.544341,0.295515
2023.7.20,21,2.828805,0.051427
2023.7.20,22,0.169625,0.301778
2023.7.20,23,0.041392,0.133337
2023.7.20,24,0.000488,0.157634
2023.7.21,1,0.00048,0.133949
2023.7.21,2,0.059496,0.148172
2023.7.21,3,0.047904,1.271685
2023.7.21,4,0.005528,3.186234
2023.7.21,5,0.000504,5.495176
2023.7.21,6,0.225074,3.717643
2023.7.21,7,10.338198,5.310947
2023.7.21,8,34.781201,7.361437
2023.7.21,9,73.095183,16.991984
2023.7.21,10,157.877411,22.555887
2023.7.21,11,190.549088,29.292669
2023.7.21,12,140.310984,29.037199
2023.7.21,13,95.814754,40.75432
2023.7.21,14,83.418709,41.232414
2023.7.21,15,96.59812,38.927638
2023.7.21,16,100.139572,28.236855
2023.7.21,17,96.524449,26.483688
2023.7.21,18,61.882313,27.474963
2023.7.21,19,27.968777,33.148049
2023.7.21,20,10.584526,47.924855
2023.7.21,21,4.781519,50.367302
2023.7.21,22,1.733472,38.745755
2023.7.21,23,0.062592,28.069084
2023.7.21,24,0.00048,43.450956
2023.7.22,1,0.00048,44.57496
2023.7.22,2,0.059432,39.423904
2023.7.22,3,0.084896,51.884667
2023.7.22,4,0.016392,99.717726
2023.7.22,5,0.000512,181.409808
2023.7.22,6,0.010689,153.29223
2023.7.22,7,0.953019,154.072981
2023.7.22,8,5.524678,177.598081
2023.7.22,9,11.331103,167.573393
2023.7.22,10,30.329934,110.373511
2023.7.22,11,60.647821,105.060229
2023.7.22,12,65.651479,109.409275
2023.7.22,13,66.074116,117.991944
2023.7.22,14,69.987188,139.528838
2023.7.22,15,45.574261,142.096612
2023.7.22,16,57.58719,118.213437
2023.7.22,17,62.214707,115.694499
2023.7.22,18,43.386705,120.091844
2023.7.22,19,17.684565,121.196679
2023.7.22,20,5.506692,144.352627
2023.7.22,21,1.472587,149.777717
2023.7.22,22,0.09804,139.904639
2023.7.22,23,0.000496,138.780272
2023.7.22,24,0.000464,137.527496
2023.7.23,1,0.00048,130.714503
2023.7.23,2,0.015576,118.118606
2023.7.23,3,0.000472,124.049153
2023.7.23,4,0.000464,126.896713
2023.7.23,5,0.000528,120.789135
2023.7.23,6,0.063841,128.533364
2023.7.23,7,5.13428,126.576386
2023.7.23,8,19.321643,119.957749
2023.7.23,9,47.348043,124.072041
2023.7.23,10,58.350975,129.33817
2023.7.23,11,58.660662,117.296878
2023.7.23,12,83.112171,116.973318
2023.7.23,13,139.392079,113.476504
2023.7.23,14,131.656801,124.884925
2023.7.23,15,89.255603,111.630931
2023.7.23,16,54.715914,87.477179
2023.7.23,17,42.184827,83.178304
2023.7.23,18,28.730357,92.423502
2023.7.23,19,11.786965,82.55189
2023.7.23,20,6.334899,89.955026
2023.7.23,21,3.816598,110.914238
2023.7.23,22,0.551391,103.604705
2023.7.23,23,0.009608,108.936174
2023.7.23,24,0.000472,126.543583
2023.7.24,1,0.000448,131.245856
2023.7.24,2,0.000432,115.455746
2023.7.24,3,0.001888,93.259411
2023.7.24,4,0.00052,103.494211
2023.7.24,5,0.00048,106.215104
2023.7.24,6,0.370626,116.212641
2023.7.24,7,9.738131,105.646037
2023.7.24,8,28.19494,85.278914
2023.7.24,9,47.583487,55.019399
2023.7.24,10,48.39473,38.084751
2023.7.24,11,94.053257,31.095694
2023.7.24,12,110.058887,27.306103
2023.7.24,13,80.662066,32.321261
2023.7.24,14,45.584944,59.906296
2023.7.24,15,21.126127,108.823571
2023.7.24,16,37.7178,80.63703
2023.7.24,17,48.097748,50.564913
2023.7.24,18,45.265774,12.416392
2023.7.24,19,18.722825,5.953737
2023.7.24,20,5.685372,27.631497
2023.7.24,21,0.889388,39.905022
2023.7.24,22,0.001976,41.928131
2023.7.24,23,0.000416,30.934535
2023.7.24,24,0.000416,28.785602
2023.7.25,1,0.00044,22.842858
2023.7.25,2,0.000456,32.108267
2023.7.25,3,0.003528,32.804544
2023.7.25,4,0.000456,35.71371
2023.7.25,5,0.000472,57.709344
2023.7.25,6,0.012209,40.246904
2023.7.25,7,2.265554,45.653323
2023.7.25,8,9.943704,65.541071
2023.7.25,9,16.973212,50.085823
2023.7.25,10,48.027658,51.417415
2023.7.25,11,135.033215,22.958591
2023.7.25,12,112.010091,19.490232
2023.7.25,13,93.706324,12.269066
2023.7.25,14,126.775235,27.950567
2023.7.25,15,84.840761,35.601724
2023.7.25,16,95.626016,30.354766
2023.7.25,17,101.577268,24.377884
2023.7.25,18,59.065806,19.567368
2023.7.25,19,23.316728,19.092969
2023.7.25,20,7.130389,28.755433
2023.7.25,21,3.090305,26.466862
2023.7.25,22,0.248252,29.37137
2023.7.25,23,0.000464,31.62846
2023.7.25,24,0.000472,46.044733
2023.7.26,1,0.00048,44.517451
2023.7.26,2,0.05952,39.331078
2023.7.26,3,0.070816,33.381154
2023.7.26,4,0.016968,32.283979
2023.7.26,5,0.00048,25.038476
2023.7.26,6,0.126262,24.97065
2023.7.26,7,13.594493,21.913992
2023.7.26,8,56.029999,17.967791
2023.7.26,9,116.038919,17.029153
2023.7.26,10,155.713647,23.180774
2023.7.26,11,191.641491,28.455327
2023.7.26,12,213.511962,30.491293
2023.7.26,13,223.076297,32.705018
2023.7.26,14,207.358906,60.295802
2023.7.26,15,203.448081,51.805473
2023.7.26,16,200.873897,32.242485
2023.7.26,17,150.454057,25.962599
2023.7.26,18,85.404093,19.58005
2023.7.26,19,31.882051,27.977415
2023.7.26,20,11.946386,30.381699
2023.7.26,21,6.921937,13.589889
2023.7.26,22,4.314276,16.315156
2023.7.26,23,1.899358,17.977926
2023.7.26,24,0.458512,8.180999
2023.7.27,1,0.000536,15.003421
2023.7.27,2,0.059424,19.11819
2023.7.27,3,0.108312,18.058367
2023.7.27,4,0.111088,27.557666
2023.7.27,5,0.034544,21.996627
2023.7.27,6,0.183963,24.448194
2023.7.27,7,8.500386,29.704491
2023.7.27,8,48.016956,32.559753
2023.7.27,9,112.675488,32.457878
2023.7.27,10,172.153167,42.245679
2023.7.27,11,203.500197,55.371043
2023.7.27,12,238.315631,70.228634
2023.7.27,13,271.919507,68.244362
2023.7.27,14,253.414748,80.576093
2023.7.27,15,169.368379,79.342248
2023.7.27,16,150.842344,47.466464
2023.7.27,17,128.381841,40.319902
2023.7.27,18,71.632478,43.169486
2023.7.27,19,27.524075,39.588947
2023.7.27,20,9.609003,53.634093
2023.7.27,21,7.253277,34.924374
2023.7.27,22,4.654658,27.780406
2023.7.27,23,2.00492,38.097144
2023.7.27,24,0.416088,45.254365
2023.7.28,1,0.00048,41.988744
2023.7.28,2,0.059328,35.693956
2023.7.28,3,0.10832,37.364404
2023.7.28,4,0.111564,28.199933
2023.7.28,5,0.034512,31.040996
2023.7.28,6,0.127175,28.70467
2023.7.28,7,12.018576,26.847888
2023.7.28,8,45.743021,35.926305
2023.7.28,9,78.808832,41.196107
2023.7.28,10,118.622712,59.822543
2023.7.28,11,132.976587,76.982493
2023.7.28,12,160.73618,87.358298
2023.7.28,13,131.845041,71.731741
2023.7.28,14,78.383368,63.54551
2023.7.28,15,28.554291,81.330192
2023.7.28,16,29.711866,33.499125
2023.7.28,17,51.891865,10.91705
2023.7.28,18,44.145776,11.671074
2023.7.28,19,23.891507,9.332921
2023.7.28,20,6.759002,18.595959
2023.7.28,21,2.894864,20.958725
2023.7.28,22,0.678392,20.726508
2023.7.28,23,0.040496,21.266796
2023.7.28,24,0.000528,20.591613
2023.7.29,1,0.000504,19.10124
2023.7.29,2,0.05936,17.302447
2023.7.29,3,0.06296,19.278184
2023.7.29,4,0.046216,29.151509
2023.7.29,5,0.000528,34.355687
2023.7.29,6,0.087554,28.727395
2023.7.29,7,7.958793,32.130121
2023.7.29,8,34.703666,31.295872
2023.7.29,9,71.084109,39.319892
2023.7.29,10,111.844422,43.14886
2023.7.29,11,142.200705,51.948061
2023.7.29,12,169.890004,54.491332
2023.7.29,13,221.060316,58.969367
2023.7.29,14,230.065644,71.124464
2023.7.29,15,228.602164,62.917077
2023.7.29,16,207.808471,49.240879
2023.7.29,17,162.130061,34.253279
2023.7.29,18,96.146082,29.28541
2023.7.29,19,31.857218,23.994296
2023.7.29,20,8.801596,22.582786
2023.7.29,21,5.865814,21.401533
2023.7.29,22,3.960155,20.608209
2023.7.29,23,1.450274,15.921671
2023.7.29,24,0.000488,12.204125
2023.7.30,1,0.000496,18.869154
2023.7.30,2,0.059408,24.480403
2023.7.30,3,0.047392,19.840498
2023.7.30,4,0.002808,18.06723
2023.7.30,5,0.0006,19.131319
2023.7.30,6,0.169075,16.883988
2023.7.30,7,11.172367,15.208248
2023.7.30,8,63.546917,13.406544
2023.7.30,9,129.558343,23.52139
2023.7.30,10,186.199679,34.441189
2023.7.30,11,240.536502,38.1451
2023.7.30,12,263.75287,33.122406
2023.7.30,13,291.770337,35.483733
2023.7.30,14,270.267401,59.456233
2023.7.30,15,230.740296,60.748286
2023.7.30,16,178.37842,31.212657
2023.7.30,17,126.028799,21.014978
2023.7.30,18,63.631488,22.427132
2023.7.30,19,22.679119,14.551657
2023.7.30,20,9.584576,20.861615
2023.7.30,21,7.279791,26.184439
2023.7.30,22,4.872158,13.185932
2023.7.30,23,1.932483,10.046871
2023.7.30,24,0.46898,11.962869
2023.7.31,1,0.000456,6.466134
2023.7.31,2,0.059752,10.130127
2023.7.31,3,0.06012,5.576856
2023.7.31,4,0.002968,4.582153
2023.7.31,5,0.00054,7.667397
2023.7.31,6,0.107299,7.222396
2023.7.31,7,10.331173,3.172654
2023.7.31,8,38.585252,3.524175
2023.7.31,9,78.603986,9.083287
2023.7.31,10,164.353419,10.25366
2023.7.31,11,185.689807,3.879746
2023.7.31,12,230.70208,6.632962
2023.7.31,13,252.097655,9.649514
2023.7.31,14,231.742485,15.121914
2023.7.31,15,205.293198,18.212377
2023.7.31,16,198.138023,14.719068
2023.7.31,17,143.027685,11.133047
2023.7.31,18,88.415759,5.64066
2023.7.31,19,28.707343,4.76597
2023.7.31,20,9.06502,9.446671
2023.7.31,21,6.507498,6.57147
2023.7.31,22,4.169292,1.054444
2023.7.31,23,1.751867,0.699614
2023.7.31,24,0.32366,1.343922
2023.8.1,1,0.000464,1.544032
2023.8.1,2,0.060208,2.272966
2023.8.1,3,0.108308,0.48208
2023.8.1,4,0.110864,1.709064
2023.8.1,5,0.035128,6.2986
2023.8.1,6,0.162273,7.918494
2023.8.1,7,13.60122,10.170784
2023.8.1,8,59.80713,8.993605
2023.8.1,9,128.49987,5.582855
2023.8.1,10,182.942681,6.602644
2023.8.1,11,220.166054,16.292957
2023.8.1,12,252.468366,20.422054
2023.8.1,13,267.005399,25.322258
2023.8.1,14,260.770735,30.89907
2023.8.1,15,241.477888,26.445213
2023.8.1,16,202.389602,18.599549
2023.8.1,17,151.803968,12.173871
2023.8.1,18,90.920486,10.836328
2023.8.1,19,30.938488,6.642685
2023.8.1,20,11.144763,7.562914
2023.8.1,21,6.825922,7.689338
2023.8.1,22,4.699575,8.498671
2023.8.1,23,2.00752,5.974406
2023.8.1,24,0.461144,2.557208
2023.8.2,1,0.00036,1.777723
2023.8.2,2,0.06092,3.140415
2023.8.2,3,0.108388,3.064835
2023.8.2,4,0.11088,3.653365
2023.8.2,5,0.034856,5.327346
2023.8.2,6,0.105302,4.580167
2023.8.2,7,9.004351,4.785063
2023.8.2,8,56.21763,2.692865
2023.8.2,9,130.167389,1.549894
2023.8.2,10,201.051691,4.850204
2023.8.2,11,240.618025,9.456477
2023.8.2,12,265.470197,14.119791
2023.8.2,13,267.656491,24.136587
2023.8.2,14,260.238148,34.548718
2023.8.2,15,262.755742,24.914988
2023.8.2,16,224.742615,17.124828
2023.8.2,17,151.783502,6.953077
2023.8.2,18,89.978668,8.763901
2023.8.2,19,29.162141,20.637895
2023.8.2,20,9.035771,11.129785
2023.8.2,21,6.91528,7.432259
2023.8.2,22,4.887507,12.216974
2023.8.2,23,2.037266,6.927868
2023.8.2,24,0.46416,7.348857
2023.8.3,1,0,6.47919
2023.8.3,2,0.060252,7.5634
2023.8.3,3,0.107776,16.62405
2023.8.3,4,0.110448,21.016311
2023.8.3,5,0.03416,13.952398
2023.8.3,6,0.122792,6.52055
2023.8.3,7,11.728714,7.834263
2023.8.3,8,61.987216,5.567065
2023.8.3,9,131.650723,21.434834
2023.8.3,10,188.684886,38.427654
2023.8.3,11,222.604986,46.997182
2023.8.3,12,244.630637,35.569332
2023.8.3,13,256.16161,47.147799
2023.8.3,14,254.883876,73.267276
2023.8.3,15,214.373009,91.242042
2023.8.3,16,189.148105,63.879127
2023.8.3,17,140.430594,33.604936
2023.8.3,18,84.569969,40.903719
2023.8.3,19,25.758478,42.237015
2023.8.3,20,8.933819,30.546582
2023.8.3,21,7.195164,22.783735
2023.8.3,22,4.885143,21.484922
2023.8.3,23,2.106591,25.557043
2023.8.3,24,0.462644,25.737125
2023.8.4,1,0.000408,19.539281
2023.8.4,2,0.060656,30.459994
2023.8.4,3,0.108304,24.578198
2023.8.4,4,0.11094,20.595149
2023.8.4,5,0.03464,27.733111
2023.8.4,6,0.155264,33.036123
2023.8.4,7,10.991513,25.404393
2023.8.4,8,55.787112,15.182388
2023.8.4,9,111.829784,31.923375
2023.8.4,10,148.587478,47.347191
2023.8.4,11,172.432162,39.243351
2023.8.4,12,216.53578,41.141884
2023.8.4,13,209.850471,53.023041
2023.8.4,14,208.303016,85.549218
2023.8.4,15,191.530019,84.233079
2023.8.4,16,166.556148,58.033074
2023.8.4,17,117.721161,37.744773
2023.8.4,18,75.797874,24.046622
2023.8.4,19,26.22492,23.886579
2023.8.4,20,8.802981,26.852928
2023.8.4,21,7.202945,19.893709
2023.8.4,22,4.941038,9.933947
2023.8.4,23,2.053899,11.311375
2023.8.4,24,0.468536,14.418427
2023.8.5,1,0.000392,12.116522
2023.8.5,2,0.06052,17.187527
2023.8.5,3,0.10818,15.928151
2023.8.5,4,0.110832,9.039462
2023.8.5,5,0.034832,5.09177
2023.8.5,6,0.112337,1.798298
2023.8.5,7,9.052288,2.446402
2023.8.5,8,54.165605,8.452349
2023.8.5,9,116.71773,19.246765
2023.8.5,10,177.126651,24.913262
2023.8.5,11,207.820001,29.756612
2023.8.5,12,220.400978,31.860837
2023.8.5,13,250.235494,34.930898
2023.8.5,14,283.919738,47.074741
2023.8.5,15,262.448657,49.232674
2023.8.5,16,205.864567,21.87995
2023.8.5,17,171.982322,28.728452
2023.8.5,18,98.74723,36.89816
2023.8.5,19,27.642686,32.959347
2023.8.5,20,8.553526,35.92693
2023.8.5,21,7.146097,44.445348
2023.8.5,22,4.63781,39.977475
2023.8.5,23,1.596982,27.22839
2023.8.5,24,0.122852,27.362029
2023.8.6,1,0.000424,37.514497
2023.8.6,2,0.060156,49.094656
2023.8.6,3,0.077244,48.618647
2023.8.6,4,0.01382,52.528745
2023.8.6,5,0.000628,55.865502
2023.8.6,6,0.120154,44.287017
2023.8.6,7,11.026048,42.548308
2023.8.6,8,57.690064,39.055927
2023.8.6,9,122.470144,44.440634
2023.8.6,10,183.804091,49.977592
2023.8.6,11,224.716016,53.086215
2023.8.6,12,236.257,60.422467
2023.8.6,13,237.902179,70.615812
2023.8.6,14,197.763057,84.597608
2023.8.6,15,225.97507,80.325405
2023.8.6,16,192.313239,68.176364
2023.8.6,17,151.936155,55.795793
2023.8.6,18,81.157161,44.678441
2023.8.6,19,25.355415,45.038952
2023.8.6,20,8.551943,46.997701
2023.8.6,21,6.406831,42.972503
2023.8.6,22,3.639744,40.521084
2023.8.6,23,1.917556,39.454389
2023.8.6,24,0.460988,48.950908
2023.8.7,1,0.000544,43.100071
2023.8.7,2,0.060396,42.661231
2023.8.7,3,0.069788,39.172879
2023.8.7,4,0.000532,44.644928
2023.8.7,5,0.000676,51.872864
2023.8.7,6,0.044684,48.507396
2023.8.7,7,6.663362,53.556716
2023.8.7,8,48.649721,45.1913
2023.8.7,9,120.954491,48.019717
2023.8.7,10,175.241965,51.624866
2023.8.7,11,220.116068,49.302664
2023.8.7,12,244.339771,45.005682
2023.8.7,13,270.530222,52.8288
2023.8.7,14,247.390259,68.039808
2023.8.7,15,231.643674,63.661848
2023.8.7,16,218.517739,53.497919
2023.8.7,17,157.496715,42.857307
2023.8.7,18,83.445535,36.662898
2023.8.7,19,27.504406,33.648149
2023.8.7,20,8.883716,47.807489
2023.8.7,21,7.219734,55.330025
2023.8.7,22,4.166131,52.022406
2023.8.7,23,1.965535,48.075047
2023.8.7,24,0.456884,62.870897
2023.8.8,1,0.0004,59.976891
2023.8.8,2,0.06024,73.583887
2023.8.8,3,0.107816,79.877159
2023.8.8,4,0.11076,82.122467
2023.8.8,5,0.034828,75.727315
2023.8.8,6,0.03551,57.361356
2023.8.8,7,5.022068,75.315135
2023.8.8,8,30.235812,74.285813
2023.8.8,9,71.828765,68.941466
2023.8.8,10,129.542716,59.325744
2023.8.8,11,176.604116,73.597864
2023.8.8,12,200.338774,86.767055
2023.8.8,13,199.89469,96.676449
2023.8.8,14,184.776939,110.319881
2023.8.8,15,200.078367,125.719411
2023.8.8,16,194.46838,132.940777
2023.8.8,17,153.917609,123.894745
2023.8.8,18,75.021199,112.654266
2023.8.8,19,24.055665,118.832828
2023.8.8,20,8.143091,133.423964
2023.8.8,21,5.159337,119.490045
2023.8.8,22,3.5193,86.206479
2023.8.8,23,1.827068,79.781751
2023.8.8,24,0.400812,91.378391
2023.8.9,1,0.000384,112.456367
2023.8.9,2,0.060248,120.661393
2023.8.9,3,0.10786,108.584326
2023.8.9,4,0.109748,108.801376
2023.8.9,5,0.028928,115.990755
2023.8.9,6,0.011792,120.408182
2023.8.9,7,1.901787,132.316681
2023.8.9,8,7.259437,163.704857
2023.8.9,9,23.710098,183.35152
2023.8.9,10,31.422335,185.502379
2023.8.9,11,30.330407,190.796914
2023.8.9,12,32.656299,185.025097
2023.8.9,13,34.283564,192.082907
2023.8.9,14,40.561339,205.425545
2023.8.9,15,37.384769,198.112338
2023.8.9,16,23.875052,174.822069
2023.8.9,17,15.238417,171.578974
2023.8.9,18,8.02838,174.958575
2023.8.9,19,2.453296,184.387829
2023.8.9,20,2.647712,195.862537
2023.8.9,21,0.803724,196.784869
2023.8.9,22,0.000424,162.09184
2023.8.9,23,0.000448,160.66041
2023.8.9,24,0.000392,168.313675
2023.8.10,1,0.000432,168.998024
2023.8.10,2,0.030128,170.218001
2023.8.10,3,0.0004,162.128788
2023.8.10,4,0.000416,167.916172
2023.8.10,5,0.000424,170.869129
2023.8.10,6,0.031891,176.212483
2023.8.10,7,2.837662,195.430764
2023.8.10,8,11.515323,200.732943
2023.8.10,9,45.499628,191.303244
2023.8.10,10,118.717106,192.658606
2023.8.10,11,185.933669,186.206197
2023.8.10,12,220.282308,171.294463
2023.8.10,13,244.651746,165.265172
2023.8.10,14,272.150331,204.5765
2023.8.10,15,278.933631,153.020112
2023.8.10,16,243.434979,120.251552
2023.8.10,17,183.159817,109.850443
2023.8.10,18,94.854859,101.732904
2023.8.10,19,26.865815,102.647983
2023.8.10,20,8.48881,102.838732
2023.8.10,21,5.915097,49.51501
2023.8.10,22,3.779701,46.50059
2023.8.10,23,1.904528,12.379215
2023.8.10,24,0.5396,5.397584
2023.8.11,1,0.000512,0.676297
2023.8.11,2,0.06054,1.475339
2023.8.11,3,0.108192,4.112025
2023.8.11,4,0.110884,7.494565
2023.8.11,5,0.034772,4.70003
2023.8.11,6,0.069087,4.476194
2023.8.11,7,10.593382,4.263453
2023.8.11,8,62.224985,2.390375
2023.8.11,9,140.712116,1.861963
2023.8.11,10,201.482945,3.617793
2023.8.11,11,234.271196,9.86787
2023.8.11,12,240.766016,24.623069
2023.8.11,13,262.726993,38.151499
2023.8.11,14,271.62131,50.33605
2023.8.11,15,250.212065,43.317856
2023.8.11,16,214.243946,32.41202
2023.8.11,17,149.088906,13.019374
2023.8.11,18,70.063922,7.976235
2023.8.11,19,21.035749,6.156009
2023.8.11,20,8.274271,14.607267
2023.8.11,21,7.13551,6.012496
2023.8.11,22,4.586738,7.146787
2023.8.11,23,1.978821,4.299309
2023.8.11,24,0.545388,10.20989
2023.8.12,1,0.000472,14.900308
2023.8.12,2,0.0606,10.240294
2023.8.12,3,0.108096,6.556276
2023.8.12,4,0.1108,5.58946
2023.8.12,5,0.034856,5.420149
2023.8.12,6,0.076133,4.524253
2023.8.12,7,12.087769,3.527955
2023.8.12,8,60.656029,1.742966
2023.8.12,9,133.982748,0.22908
2023.8.12,10,203.7478,0.3051
2023.8.12,11,226.321697,1.39848
2023.8.12,12,229.473737,1.51434
2023.8.12,13,231.125046,2.385676
2023.8.12,14,208.93836,7.989068
2023.8.12,15,194.931003,2.876132
2023.8.12,16,175.542732,1.659252
2023.8.12,17,115.304707,1.157959
2023.8.12,18,67.044297,0.508263
2023.8.12,19,24.687788,0.03354
2023.8.12,20,8.832666,2.2176
2023.8.12,21,7.100105,0.5472
2023.8.12,22,4.716167,0
2023.8.12,23,2.040982,0.00354
2023.8.12,24,0.511244,0.3897
2023.8.13,1,0.000552,1.50336
2023.8.13,2,0.06084,2.822375
2023.8.13,3,0.074336,1.70318
2023.8.13,4,0.01388,0.659824
2023.8.13,5,0.000544,0.39948
2023.8.13,6,0.067073,0.03444
2023.8.13,7,10.523096,0.067536
2023.8.13,8,55.374794,0.034504
2023.8.13,9,119.430841,0.00096
2023.8.13,10,180.915556,0.065276
2023.8.13,11,233.433894,2.894362
2023.8.13,12,250.75886,5.824296
2023.8.13,13,255.085596,6.303718
2023.8.13,14,232.258182,8.180808
2023.8.13,15,203.613844,4.487907
2023.8.13,16,167.383608,3.064164
2023.8.13,17,133.365883,4.38367
2023.8.13,18,72.861126,5.315798
2023.8.13,19,24.177966,3.072285
2023.8.13,20,8.222974,4.405082
2023.8.13,21,6.38993,1.59384
2023.8.13,22,4.227055,1.126342
2023.8.13,23,1.788848,0.675196
2023.8.13,24,0.544492,0.512248
2023.8.14,1,0.000568,1.092771
2023.8.14,2,0.054296,1.746399
2023.8.14,3,0.04728,3.473589
2023.8.14,4,0.001044,0.584155
2023.8.14,5,0.000528,0.4224
2023.8.14,6,0.062366,0.10134
2023.8.14,7,9.651359,0.64272
2023.8.14,8,59.361165,0.2064
2023.8.14,9,133.576503,1.765792
2023.8.14,10,198.566233,4.582504
2023.8.14,11,221.468279,9.855162
2023.8.14,12,225.175805,15.872664
2023.8.14,13,193.421808,18.976794
2023.8.14,14,187.431883,22.900281
2023.8.14,15,202.600379,20.479899
2023.8.14,16,183.926046,13.88918
2023.8.14,17,141.919351,9.988197
2023.8.14,18,82.353237,7.57055
2023.8.14,19,25.011263,5.430402
2023.8.14,20,8.298243,8.82595
2023.8.14,21,6.709069,4.38678
2023.8.14,22,4.328327,3.198597
2023.8.14,23,1.292062,1.988602
2023.8.14,24,0.093056,6.534023
2023.8.15,1,0.000448,17.402693
2023.8.15,2,0.060168,12.323231
2023.8.15,3,0.108004,15.51219
2023.8.15,4,0.11086,14.501685
2023.8.15,5,0.03452,7.322217
2023.8.15,6,0.049965,6.204694
2023.8.15,7,8.730782,6.512223
2023.8.15,8,47.187399,2.880153
2023.8.15,9,108.264669,3.014067
2023.8.15,10,143.848661,4.237343
2023.8.15,11,172.690891,6.032606
2023.8.15,12,192.545326,6.830312
2023.8.15,13,209.884224,7.762501
2023.8.15,14,226.464721,11.2208
2023.8.15,15,211.961286,14.353954
2023.8.15,16,193.314748,8.251582
2023.8.15,17,146.66006,2.605716
2023.8.15,18,71.450892,0.63474
2023.8.15,19,23.750088,0.3489
2023.8.15,20,7.068365,1.65498
2023.8.15,21,4.896364,1.22796
2023.8.15,22,2.767264,3.0039
2023.8.15,23,0.351945,3.627388
2023.8.15,24,0.000504,6.768346
2023.8.16,1,0.000488,6.904185
2023.8.16,2,0.060076,5.364838
2023.8.16,3,0.107776,7.674268
2023.8.16,4,0.110712,9.455035
2023.8.16,5,0.034824,8.863101
2023.8.16,6,0.047494,9.354741
2023.8.16,7,6.418576,11.535311
2023.8.16,8,42.375193,7.808471
2023.8.16,9,55.90467,9.141494
2023.8.16,10,94.541577,9.743012
2023.8.16,11,144.064028,8.131071
2023.8.16,12,241.656079,2.828832
2023.8.16,13,274.984263,2.332739
2023.8.16,14,263.829689,9.25677
2023.8.16,15,220.946084,8.637392
2023.8.16,16,174.901855,6.840526
2023.8.16,17,122.10435,3.007332
2023.8.16,18,83.455056,2.714129
2023.8.16,19,24.167844,0.955389
2023.8.16,20,7.906923,3.233116
2023.8.16,21,7.128873,0.204291
2023.8.16,22,4.598669,2.020906
2023.8.16,23,2.011567,13.447457
2023.8.16,24,0.5151,15.58812
2023.8.17,1,0.000496,10.776861
2023.8.17,2,0.060204,9.046232
2023.8.17,3,0.1079,7.376569
2023.8.17,4,0.110728,5.936659
2023.8.17,5,0.035028,2.866552
2023.8.17,6,0.046823,0.572284
2023.8.17,7,6.658774,0.270824
2023.8.17,8,43.73229,0
2023.8.17,9,116.308018,0
2023.8.17,10,170.208436,0.0096
2023.8.17,11,199.878284,0.839416
2023.8.17,12,177.967864,3.465961
2023.8.17,13,155.105162,6.716039
2023.8.17,14,111.08673,22.218338
2023.8.17,15,78.989487,23.426158
2023.8.17,16,106.636095,6.46233
2023.8.17,17,79.641839,4.673422
2023.8.17,18,58.408981,3.374889
2023.8.17,19,21.42862,3.077124
2023.8.17,20,7.811553,4.121893
2023.8.17,21,5.86886,0.585359
2023.8.17,22,3.16252,0.765562
2023.8.17,23,1.40888,1.014437
2023.8.17,24,0.245712,0.384594
2023.8.18,1,0.000536,1.107813
2023.8.18,2,0.059772,1.925832
2023.8.18,3,0.107944,1.81707
2023.8.18,4,0.096032,6.026733
2023.8.18,5,0.006792,9.142577
2023.8.18,6,0.058095,8.343756
2023.8.18,7,7.632476,9.077549
2023.8.18,8,54.919618,11.098921
2023.8.18,9,119.558349,19.014777
2023.8.18,10,187.036185,23.949084
2023.8.18,11,187.890824,28.389714
2023.8.18,12,212.710596,27.643581
2023.8.18,13,234.258321,30.273575
2023.8.18,14,202.490104,47.308129
2023.8.18,15,153.60659,52.516552
2023.8.18,16,151.932742,27.872184
2023.8.18,17,121.336821,21.12675
2023.8.18,18,57.307666,18.730811
2023.8.18,19,22.916348,14.789723
2023.8.18,20,7.125078,16.983382
2023.8.18,21,4.796914,9.166612
2023.8.18,22,2.378566,7.525054
2023.8.18,23,0.754282,6.667748
2023.8.18,24,0.0188,5.19437
2023.8.19,1,0.00044,6.039435
2023.8.19,2,0.059216,6.031162
2023.8.19,3,0.107576,2.326015
2023.8.19,4,0.110736,1.96811
2023.8.19,5,0.034948,4.354179
2023.8.19,6,0.013172,2.214792
2023.8.19,7,5.108702,0.351692
2023.8.19,8,38.936009,0.094716
2023.8.19,9,85.382988,0.118287
2023.8.19,10,133.676885,0.405076
2023.8.19,11,197.26704,0.251751
2023.8.19,12,210.922197,0.708393
2023.8.19,13,219.487927,1.552227
2023.8.19,14,190.427381,7.078862
2023.8.19,15,154.219639,3.165957
2023.8.19,16,136.221361,0.0579
2023.8.19,17,112.681588,0.112864
2023.8.19,18,69.788051,0.878506
2023.8.19,19,20.693965,1.538241
2023.8.19,20,7.550077,2.769815
2023.8.19,21,6.724079,3.551981
2023.8.19,22,3.635203,3.067172
2023.8.19,23,1.301827,3.390548
2023.8.19,24,0.131332,4.253558
2023.8.20,1,0.000456,6.076507
2023.8.20,2,0.059304,6.329984
2023.8.20,3,0.076728,3.477879
2023.8.20,4,0.017776,1.36908
2023.8.20,5,0.000432,0.687979
2023.8.20,6,0.055873,0.346232
2023.8.20,7,8.672011,0
2023.8.20,8,59.160893,0
2023.8.20,9,135.153672,0.372606
2023.8.20,10,194.950498,2.374463
2023.8.20,11,236.871479,5.4418
2023.8.20,12,250.364826,7.8098
2023.8.20,13,256.425347,13.909709
2023.8.20,14,242.441329,16.044786
2023.8.20,15,227.274178,11.348783
2023.8.20,16,193.575569,6.105501
2023.8.20,17,135.15255,3.221519
2023.8.20,18,73.533734,2.88876
2023.8.20,19,20.064588,2.531544
2023.8.20,20,7.346602,1.048946
2023.8.20,21,6.792228,0.497007
2023.8.20,22,4.523259,0.705455
2023.8.20,23,1.780746,0.747126
2023.8.20,24,0.37902,3.972147
2023.8.21,1,0.00044,15.595862
2023.8.21,2,0.059352,18.409199
2023.8.21,3,0.07464,19.063482
2023.8.21,4,0.0072,22.691595
2023.8.21,5,0.000448,24.148599
2023.8.21,6,0.069975,33.50357
2023.8.21,7,8.877074,32.45885
2023.8.21,8,52.281626,25.533062
2023.8.21,9,125.52307,32.708837
2023.8.21,10,175.43069,35.821449
2023.8.21,11,229.00728,48.450879
2023.8.21,12,242.265474,60.822543
2023.8.21,13,238.715811,68.97243
2023.8.21,14,216.039088,77.341737
2023.8.21,15,201.86039,74.202589
2023.8.21,16,162.277339,61.900479
2023.8.21,17,108.007286,59.70993
2023.8.21,18,58.464406,64.782754
2023.8.21,19,18.116106,51.856493
2023.8.21,20,7.857449,55.049506
2023.8.21,21,6.931269,40.719211
2023.8.21,22,4.585222,31.701033
2023.8.21,23,1.72304,29.937701
2023.8.21,24,0.189916,35.935432
2023.8.22,1,0.000424,51.50612
2023.8.22,2,0.059856,63.695365
2023.8.22,3,0.107576,62.934522
2023.8.22,4,0.110664,72.456703
2023.8.22,5,0.034952,89.112235
2023.8.22,6,0.158594,81.474394
2023.8.22,7,15.012607,62.958638
2023.8.22,8,48.921827,55.140851
2023.8.22,9,72.084756,41.832952
2023.8.22,10,77.03532,43.553599
2023.8.22,11,128.462206,55.890456
2023.8.22,12,190.860032,71.161418
2023.8.22,13,204.089757,67.085748
2023.8.22,14,218.860275,91.055955
2023.8.22,15,184.927843,85.981457
2023.8.22,16,153.971922,72.248494
2023.8.22,17,105.99248,63.575965
2023.8.22,18,53.256878,61.686914
2023.8.22,19,15.904672,49.004331
2023.8.22,20,7.521322,76.61364
2023.8.22,21,6.226761,105.978985
2023.8.22,22,3.227028,99.589542
2023.8.22,23,1.118343,98.418531
2023.8.22,24,0.072696,83.795143
2023.8.23,1,0.000392,58.748594
2023.8.23,2,0.059408,53.946741
2023.8.23,3,0.107824,61.46868
2023.8.23,4,0.098056,55.19302
2023.8.23,5,0.006696,65.852873
2023.8.23,6,0.121339,58.600389
2023.8.23,7,11.322769,46.453922
2023.8.23,8,31.649492,37.845208
2023.8.23,9,70.899332,40.349644
2023.8.23,10,68.069592,54.811842
2023.8.23,11,80.208292,102.276481
2023.8.23,12,48.057405,97.313168
2023.8.23,13,49.822477,95.531253
2023.8.23,14,47.990683,108.60204
2023.8.23,15,23.849426,77.420835
2023.8.23,16,8.767499,58.265207
2023.8.23,17,13.869076,31.459533
2023.8.23,18,14.165947,43.691222
2023.8.23,19,2.990017,40.83321
2023.8.23,20,2.093435,65.444031
2023.8.23,21,0.1564,57.902408
2023.8.23,22,0.03564,51.008715
2023.8.23,23,0,39.223004
2023.8.23,24,0,31.872015
2023.8.24,1,0,40.282146
2023.8.24,2,0.0154,42.314371
2023.8.24,3,0,31.557733
2023.8.24,4,0,15.136641
2023.8.24,5,0,13.726101
2023.8.24,6,0.017293,16.805183
2023.8.24,7,1.583549,7.875668
2023.8.24,8,11.063281,10.750335
2023.8.24,9,13.6353,8.633675
2023.8.24,10,16.00696,3.23059
2023.8.24,11,33.643154,2.165088
2023.8.24,12,87.119875,7.394708
2023.8.24,13,106.911839,12.4235
2023.8.24,14,135.733251,26.939145
2023.8.24,15,135.660724,26.985489
2023.8.24,16,151.607506,18.783648
2023.8.24,17,122.55124,32.329677
2023.8.24,18,78.589401,32.311141
2023.8.24,19,26.003738,22.746959
2023.8.24,20,5.508609,24.700027
2023.8.24,21,3.47186,22.64177
2023.8.24,22,1.5153,14.968308
2023.8.24,23,0.018292,9.583794
2023.8.24,24,0.0007,13.152949
2023.8.25,1,0.000384,9.825997
2023.8.25,2,0.05928,5.77444
2023.8.25,3,0.107872,5.30134
2023.8.25,4,0.006928,3.739538
2023.8.25,5,0.000456,3.853144
2023.8.25,6,0.030394,9.334743
2023.8.25,7,4.033393,16.137517
2023.8.25,8,54.088091,11.873644
2023.8.25,9,142.962631,3.899268
2023.8.25,10,212.303433,5.125092
2023.8.25,11,249.788122,7.423905
2023.8.25,12,259.897519,8.403832
2023.8.25,13,250.817645,4.19801
2023.8.25,14,236.215609,9.845092
2023.8.25,15,211.496734,5.528421
2023.8.25,16,171.904297,1.906267
2023.8.25,17,119.381265,1.164039
2023.8.25,18,64.07785,0.332118
2023.8.25,19,17.368822,1.435384
2023.8.25,20,6.47751,4.166795
2023.8.25,21,5.750057,2.263808
2023.8.25,22,4.127498,2.379959
2023.8.25,23,1.963507,2.180142
2023.8.25,24,0.535956,5.519068
2023.8.26,1,0.000392,8.509578
2023.8.26,2,0.05954,8.457003
2023.8.26,3,0.108008,8.017662
2023.8.26,4,0.110816,8.184828
2023.8.26,5,0.035176,16.236499
2023.8.26,6,0.04604,16.790417
2023.8.26,7,7.25467,21.939219
2023.8.26,8,61.180245,19.713229
2023.8.26,9,148.051278,11.419553
2023.8.26,10,223.573473,2.51982
2023.8.26,11,270.947579,2.334584
2023.8.26,12,296.290198,1.581679
2023.8.26,13,299.344694,0.892288
2023.8.26,14,273.875798,16.047188
2023.8.26,15,233.326993,13.430729
2023.8.26,16,200.803564,1.179291
2023.8.26,17,150.933064,0.502307
2023.8.26,18,75.932322,0.442367
2023.8.26,19,17.506905,0.519817
2023.8.26,20,7.338186,2.302219
2023.8.26,21,6.780313,1.545363
2023.8.26,22,4.120534,1.048572
2023.8.26,23,1.730826,0.408
2023.8.26,24,0.120044,0.4207
2023.8.27,1,0.000488,0.406652
2023.8.27,2,0.059504,0.045176
2023.8.27,3,0.070068,0.213876
2023.8.27,4,0.016624,1.107204
2023.8.27,5,0.00052,1.419556
2023.8.27,6,0.065865,1.99492
2023.8.27,7,9.580321,1.0872
2023.8.27,8,56.451444,0.137856
2023.8.27,9,132.599982,0.02694
2023.8.27,10,194.810348,0.345156
2023.8.27,11,229.680836,0.903441
2023.8.27,12,254.426085,3.394362
2023.8.27,13,258.240733,5.33554
2023.8.27,14,236.965589,13.881791
2023.8.27,15,225.833883,16.321487
2023.8.27,16,187.496594,18.052732
2023.8.27,17,133.301427,17.312842
2023.8.27,18,64.838288,12.726171
2023.8.27,19,14.866622,7.76351
2023.8.27,20,7.13082,10.02818
2023.8.27,21,6.245242,7.468483
2023.8.27,22,3.657702,9.881468
2023.8.27,23,1.750768,13.249554
2023.8.27,24,0.526468,19.111147
2023.8.28,1,0.000424,27.771186
2023.8.28,2,0.059392,39.310652
2023.8.28,3,0.074052,35.749252
2023.8.28,4,0.000488,38.303395
2023.8.28,5,0.00044,21.32552
2023.8.28,6,0.038345,34.250787
2023.8.28,7,6.640967,54.312524
2023.8.28,8,44.712805,58.603312
2023.8.28,9,101.515309,72.028073
2023.8.28,10,160.685945,92.384479
2023.8.28,11,218.919494,99.205068
2023.8.28,12,220.480435,100.522931
2023.8.28,13,199.596892,107.975267
2023.8.28,14,188.368686,128.498805
2023.8.28,15,189.995659,146.366328
2023.8.28,16,138.505852,145.917122
2023.8.28,17,85.979942,123.751156
2023.8.28,18,42.394625,127.583992
2023.8.28,19,10.961064,117.611305
2023.8.28,20,7.169598,137.087786
2023.8.28,21,6.373604,141.644691
2023.8.28,22,3.864227,141.266342
2023.8.28,23,1.242861,135.638471
2023.8.28,24,0.000424,132.558848
2023.8.29,1,0.000456,117.518835
2023.8.29,2,0.059312,93.198991
2023.8.29,3,0.107888,67.902288
2023.8.29,4,0.108152,83.533811
2023.8.29,5,0.00604,51.203719
2023.8.29,6,0.015537,39.337747
2023.8.29,7,1.560155,33.085205
2023.8.29,8,20.423813,46.757322
2023.8.29,9,85.435394,55.223586
2023.8.29,10,130.485651,37.610736
2023.8.29,11,169.813559,47.039794
2023.8.29,12,203.41706,43.931638
2023.8.29,13,186.393919,65.294461
2023.8.29,14,184.871345,74.011009
2023.8.29,15,116.013555,76.070529
2023.8.29,16,73.673782,39.62937
2023.8.29,17,43.917377,21.900954
2023.8.29,18,41.935598,9.00328
2023.8.29,19,17.533597,4.0638
2023.8.29,20,6.893312,15.615147
2023.8.29,21,5.875672,13.310069
2023.8.29,22,3.462216,13.813859
2023.8.29,23,1.002696,16.895195
2023.8.29,24,0.000432,12.447838
2023.8.30,1,0.000424,14.700812
2023.8.30,2,0.059684,20.638999
2023.8.30,3,0.107788,18.504438
2023.8.30,4,0.058072,31.800464
2023.8.30,5,0.00628,40.841974
2023.8.30,6,0.006994,19.405512
2023.8.30,7,0.032468,31.051616
2023.8.30,8,0.550435,35.515041
2023.8.30,9,1.809679,21.043661
2023.8.30,10,6.10487,7.364946
2023.8.30,11,12.017643,12.30903
2023.8.30,12,23.943486,19.322384
2023.8.30,13,32.950445,29.26712
2023.8.30,14,60.320857,37.633675
2023.8.30,15,116.538537,29.225313
2023.8.30,16,87.671552,15.117956
2023.8.30,17,56.060598,27.272016
2023.8.30,18,17.868605,44.339844
2023.8.30,19,7.558319,86.67134
2023.8.30,20,2.512924,112.511353
2023.8.30,21,1.20326,60.128417
2023.8.30,22,0.013176,17.529438
2023.8.30,23,0.000456,2.362084
2023.8.30,24,0.000472,8.783118
2023.8.31,1,0.000472,32.794911
2023.8.31,2,0.059104,47.730882
2023.8.31,3,0.001176,43.017718
2023.8.31,4,0.000472,67.076657
2023.8.31,5,0.000464,58.551113
2023.8.31,6,0.010132,45.448507
2023.8.31,7,1.93311,36.160691
2023.8.31,8,26.747216,30.348504
2023.8.31,9,75.291294,41.36298
2023.8.31,10,141.242364,36.316714
2023.8.31,11,181.185594,32.870435
2023.8.31,12,215.043064,52.099514
2023.8.31,13,259.61721,54.20573
2023.8.31,14,240.623896,55.458262
2023.8.31,15,204.899322,50.891214
2023.8.31,16,141.080953,32.495862
2023.8.31,17,104.171383,24.081916
2023.8.31,18,76.609793,30.017276
2023.8.31,19,15.33515,26.098022
2023.8.31,20,7.682123,32.528677
2023.8.31,21,7.009688,34.643985
2023.8.31,22,4.052494,24.6682
2023.8.31,23,1.756679,29.273403
2023.8.31,24,0.418124,18.796571
2023.9.1,1,0.000472,14.667427
2023.9.1,2,0.001264,19.900375
2023.9.1,3,0.000516,15.365992
2023.9.1,4,0.000612,15.67878
2023.9.1,5,0.000684,12.974852
2023.9.1,6,0.021993,8.657629
2023.9.1,7,3.334937,23.244873
2023.9.1,8,14.511273,27.688729
2023.9.1,9,44.372042,32.53639
2023.9.1,10,108.797952,25.779397
2023.9.1,11,111.36905,27.338982
2023.9.1,12,105.055038,31.852125
2023.9.1,13,135.541153,36.856192
2023.9.1,14,96.438099,47.127767
2023.9.1,15,71.27947,52.991855
2023.9.1,16,70.953515,24.613185
2023.9.1,17,55.66918,13.020513
2023.9.1,18,34.211223,15.186242
2023.9.1,19,19.887831,12.312698
2023.9.1,20,4.708692,47.300991
2023.9.1,21,2.464104,48.98742
2023.9.1,22,0.861088,30.258386
2023.9.1,23,0.055824,23.699948
2023.9.1,24,0.000488,42.335988
2023.9.2,1,0.000432,45.718866
2023.9.2,2,0.000424,43.781515
2023.9.2,3,0.000472,31.262266
2023.9.2,4,0.000448,27.019459
2023.9.2,5,0.000488,61.214439
2023.9.2,6,0.033933,86.81112
2023.9.2,7,3.400776,83.011253
2023.9.2,8,38.983478,74.868058
2023.9.2,9,80.887576,38.707477
2023.9.2,10,127.166561,21.796984
2023.9.2,11,207.12499,22.443942
2023.9.2,12,200.381136,36.409006
2023.9.2,13,234.774413,22.510813
2023.9.2,14,258.801988,36.998619
2023.9.2,15,232.783583,38.333609
2023.9.2,16,217.348991,19.669076
2023.9.2,17,154.791044,15.394988
2023.9.2,18,61.510067,20.914754
2023.9.2,19,12.098823,20.798984
2023.9.2,20,7.723287,19.244474
2023.9.2,21,6.925641,27.880316
2023.9.2,22,4.07331,35.412245
2023.9.2,23,1.876196,22.695975
2023.9.2,24,0.285636,17.181323
2023.9.3,1,0.000408,11.487332
2023.9.3,2,0.001072,16.180226
2023.9.3,3,0.000476,24.340303
2023.9.3,4,0.000664,25.03395
2023.9.3,5,0.000456,26.615265
2023.9.3,6,0.01986,37.766197
2023.9.3,7,3.971949,31.266994
2023.9.3,8,34.687765,15.281583
2023.9.3,9,101.100134,13.011572
2023.9.3,10,144.685065,18.756151
2023.9.3,11,189.204414,31.656758
2023.9.3,12,232.737641,41.420071
2023.9.3,13,245.31756,53.403118
2023.9.3,14,245.824611,52.788785
2023.9.3,15,234.234448,37.116623
2023.9.3,16,189.952138,15.354745
2023.9.3,17,123.905183,10.812505
2023.9.3,18,62.511785,11.311423
2023.9.3,19,14.441742,7.7697
2023.9.3,20,7.555011,10.395638
2023.9.3,21,7.041638,5.77374
2023.9.3,22,4.488683,2.162883
2023.9.3,23,1.931839,2.519584
2023.9.3,24,0.503296,1.223065
2023.9.4,1,0.00048,0.678159
2023.9.4,2,0.00138,1.841429
2023.9.4,3,0.000408,0.555894
2023.9.4,4,0.000496,0.44708
2023.9.4,5,0.000656,3.957622
2023.9.4,6,0.034137,8.955009
2023.9.4,7,5.141247,10.993021
2023.9.4,8,51.018008,7.908543
2023.9.4,9,121.967551,9.509152
2023.9.4,10,184.83382,19.02719
2023.9.4,11,217.952589,26.250031
2023.9.4,12,251.381984,19.576123
2023.9.4,13,260.043571,26.351729
2023.9.4,14,244.524855,46.677828
2023.9.4,15,222.217664,43.224768
2023.9.4,16,193.330626,27.65794
2023.9.4,17,137.455136,18.126053
2023.9.4,18,64.345146,16.650464
2023.9.4,19,12.500473,13.164429
2023.9.4,20,7.656411,20.685264
2023.9.4,21,7.029006,26.544332
2023.9.4,22,4.321122,28.858608
2023.9.4,23,1.880022,30.091028
2023.9.4,24,0.136108,21.074428
2023.9.5,1,0.000416,17.380866
2023.9.5,2,0.001108,17.258156
2023.9.5,3,0.000532,22.733464
2023.9.5,4,0.000312,22.783055
2023.9.5,5,0.00044,26.612888
2023.9.5,6,0.04585,23.669913
2023.9.5,7,7.056975,19.508134
2023.9.5,8,25.743972,26.171103
2023.9.5,9,107.244438,24.757132
2023.9.5,10,188.995109,30.749873
2023.9.5,11,238.057024,33.642601
2023.9.5,12,272.534387,35.279307
2023.9.5,13,244.117093,37.402107
2023.9.5,14,241.446169,50.760264
2023.9.5,15,256.406026,44.887556
2023.9.5,16,212.200521,23.01496
2023.9.5,17,146.421434,14.846601
2023.9.5,18,52.163765,8.874931
2023.9.5,19,9.597868,4.943172
2023.9.5,20,7.701693,14.278058
2023.9.5,21,7.013313,13.227183
2023.9.5,22,4.348907,16.706092
2023.9.5,23,1.831516,16.57
2023.9.5,24,0.052556,25.845052
2023.9.6,1,0.000496,12.573373
2023.9.6,2,0.00104,14.537328
2023.9.6,3,0.000624,14.125422
2023.9.6,4,0.00044,19.612666
2023.9.6,5,0.000472,32.288717
2023.9.6,6,0.032379,44.417596
2023.9.6,7,4.957687,30.662577
2023.9.6,8,54.876204,17.863524
2023.9.6,9,142.351106,16.97595
2023.9.6,10,222.273239,15.990672
2023.9.6,11,274.444442,15.529327
2023.9.6,12,305.590101,27.075827
2023.9.6,13,316.301887,34.610599
2023.9.6,14,307.961996,40.246165
2023.9.6,15,282.575437,35.317042
2023.9.6,16,227.758285,22.759404
2023.9.6,17,152.26828,13.366297
2023.9.6,18,68.822375,5.565252
2023.9.6,19,12.51533,1.305522
2023.9.6,20,7.686764,7.765587
2023.9.6,21,7.175202,4.618048
2023.9.6,22,4.592199,3.597288
2023.9.6,23,2.021328,3.791896
2023.9.6,24,0.528404,7.547847
2023.9.7,1,0.000456,21.079249
2023.9.7,2,0.0014,29.375784
2023.9.7,3,0.000476,28.111711
2023.9.7,4,0.000376,27.444162
2023.9.7,5,0.0006,31.995902
2023.9.7,6,0.040724,23.135705
2023.9.7,7,4.80417,29.206666
2023.9.7,8,46.835257,27.932176
2023.9.7,9,136.738868,25.344049
2023.9.7,10,210.618907,31.506068
2023.9.7,11,254.790491,40.934002
2023.9.7,12,284.509773,40.472441
2023.9.7,13,291.231896,35.960051
2023.9.7,14,287.132691,53.159159
2023.9.7,15,269.552582,52.611463
2023.9.7,16,232.887018,29.581172
2023.9.7,17,157.820786,32.013957
2023.9.7,18,68.221556,25.803386
2023.9.7,19,11.847216,20.446576
2023.9.7,20,7.761911,38.040654
2023.9.7,21,7.204545,33.484737
2023.9.7,22,4.558099,37.184751
2023.9.7,23,2.056752,31.486669
2023.9.7,24,0.485172,41.979505
2023.9.8,1,0.000464,46.11826
2023.9.8,2,0.001316,36.262339
2023.9.8,3,0.000784,24.652146
2023.9.8,4,0.000488,29.222461
2023.9.8,5,0.000464,26.568055
2023.9.8,6,0.039372,27.463928
2023.9.8,7,6.235061,26.505417
2023.9.8,8,56.738446,15.783895
2023.9.8,9,142.935961,21.883587
2023.9.8,10,206.882123,24.420495
2023.9.8,11,261.440314,24.777189
2023.9.8,12,288.249002,29.77284
2023.9.8,13,307.627913,38.396055
2023.9.8,14,299.968886,55.53153
2023.9.8,15,264.811799,53.49669
2023.9.8,16,216.623013,34.700454
2023.9.8,17,152.294999,23.10522
2023.9.8,18,69.87831,15.95036
2023.9.8,19,11.814294,14.76954
2023.9.8,20,7.714479,18.195732
2023.9.8,21,7.174328,8.900298
2023.9.8,22,4.568134,3.25348
2023.9.8,23,2.069636,2.350108
2023.9.8,24,0.54862,2.932614
2023.9.9,1,0.000464,2.230652
2023.9.9,2,0.001808,2.558732
2023.9.9,3,0.000508,3.137931
2023.9.9,4,0.000556,2.859128
2023.9.9,5,0.000688,2.842323
2023.9.9,6,0.033216,2.635535
2023.9.9,7,5.502277,1.630797
2023.9.9,8,53.723791,1.64386
2023.9.9,9,131.325748,1.924475
2023.9.9,10,186.383628,2.250307
2023.9.9,11,226.393256,3.245198
2023.9.9,12,256.548873,6.18991
2023.9.9,13,265.578541,8.399895
2023.9.9,14,245.68028,15.694571
2023.9.9,15,214.609695,11.880539
2023.9.9,16,174.815653,7.022976
2023.9.9,17,119.943676,5.100993
2023.9.9,18,57.340394,3.207933
2023.9.9,19,8.538734,0.790955
2023.9.9,20,7.334717,1.78536
2023.9.9,21,5.509806,0.78
2023.9.9,22,3.142578,0.2472
2023.9.9,23,0.833825,0.2616
2023.9.9,24,0.049564,0.4056
2023.9.10,1,0.000576,0.702063
2023.9.10,2,0.001168,0.633907
2023.9.10,3,0.000704,0.99996
2023.9.10,4,0.000624,2.47464
2023.9.10,5,0.0009,3.571456
2023.9.10,6,0.032716,5.605536
2023.9.10,7,4.2173,7.656172
2023.9.10,8,33.995655,4.448328
2023.9.10,9,104.397892,2.28296
2023.9.10,10,153.516574,3.538003
2023.9.10,11,173.004607,10.19792
2023.9.10,12,189.502311,10.228956
2023.9.10,13,186.61221,6.892447
2023.9.10,14,214.904539,7.567254
2023.9.10,15,212.679176,5.240719
2023.9.10,16,180.771237,4.669848
2023.9.10,17,111.295265,5.572886
2023.9.10,18,52.497891,4.379852
2023.9.10,19,13.79261,2.229468
2023.9.10,20,7.567806,1.891849
2023.9.10,21,6.548493,0.149453
2023.9.10,22,4.14271,0.002591
2023.9.10,23,1.59179,0
2023.9.10,24,0.096036,0
2023.9.11,1,0.000352,0
2023.9.11,2,0.000824,0
2023.9.11,3,0.000408,0.000672
2023.9.11,4,0.000448,0.04116
2023.9.11,5,0.000448,0.255956
2023.9.11,6,0.014351,1.404736
2023.9.11,7,2.901465,5.363777
2023.9.11,8,53.174537,4.176245
2023.9.11,9,141.856175,1.214737
2023.9.11,10,200.38827,1.892548
2023.9.11,11,233.289151,3.571984
2023.9.11,12,255.30275,5.414668
2023.9.11,13,259.554631,4.832048
2023.9.11,14,223.973188,9.028659
2023.9.11,15,187.278792,7.227613
2023.9.11,16,146.927648,4.993931
2023.9.11,17,81.005498,3.387084
2023.9.11,18,34.405974,0.363619
2023.9.11,19,8.205618,0.012032
2023.9.11,20,7.616373,0
2023.9.11,21,6.810438,0
2023.9.11,22,4.381986,0
2023.9.11,23,1.725941,0.02688
2023.9.11,24,0.095976,0
2023.9.12,1,0.000456,0
2023.9.12,2,0.000744,0
2023.9.12,3,0.000668,0
2023.9.12,4,0.0004,0
2023.9.12,5,0.000448,0.0024
2023.9.12,6,0.036227,0
2023.9.12,7,4.554694,0.00096
2023.9.12,8,39.61705,0.195131
2023.9.12,9,105.412828,0.2844
2023.9.12,10,165.223396,0.27576
2023.9.12,11,171.863846,0.640404
2023.9.12,12,153.494871,4.927903
2023.9.12,13,155.346587,7.907714
2023.9.12,14,143.829634,8.065948
2023.9.12,15,113.486268,7.509497
2023.9.12,16,76.057663,13.913315
2023.9.12,17,54.620313,3.218185
2023.9.12,18,37.479371,0.377846
2023.9.12,19,8.607459,0.756475
2023.9.12,20,6.623524,1.530034
2023.9.12,21,5.846444,3.18238
2023.9.12,22,2.777778,5.429784
2023.9.12,23,0.429172,4.03274
2023.9.12,24,0.054984,8.413523
2023.9.13,1,0.000432,11.139041
2023.9.13,2,0.0005,5.229075
2023.9.13,3,0.000416,6.50411
2023.9.13,4,0.000424,8.44516
2023.9.13,5,0.000448,11.599195
2023.9.13,6,0.036959,11.189405
2023.9.13,7,5.915786,9.405828
2023.9.13,8,46.834298,5.118521
2023.9.13,9,94.902575,3.04682
2023.9.13,10,150.764339,5.473729
2023.9.13,11,181.178204,7.518761
2023.9.13,12,204.522521,10.307561
2023.9.13,13,186.488145,12.525791
2023.9.13,14,207.215899,18.081041
2023.9.13,15,194.700733,26.957467
2023.9.13,16,101.040469,40.189839
2023.9.13,17,49.167899,20.199899
2023.9.13,18,26.695459,8.705228
2023.9.13,19,4.727574,9.856386
2023.9.13,20,7.209891,14.404948
2023.9.13,21,5.975142,10.908859
2023.9.13,22,3.82176,11.092618
2023.9.13,23,0.770897,27.315932
2023.9.13,24,0.000496,20.18781
2023.9.14,1,0.000512,18.991825
2023.9.14,2,0.00048,9.943573
2023.9.14,3,0.000496,13.883304
2023.9.14,4,0.00044,25.007099
2023.9.14,5,0.000448,28.958989
2023.9.14,6,0.005056,27.938935
2023.9.14,7,0.66733,23.539399
2023.9.14,8,13.038381,20.620065
2023.9.14,9,36.12988,16.735114
2023.9.14,10,34.320096,10.257474
2023.9.14,11,26.406014,17.687601
2023.9.14,12,38.969247,18.219433
2023.9.14,13,36.235685,12.450436
2023.9.14,14,61.950742,30.796725
2023.9.14,15,46.179206,29.124213
2023.9.14,16,65.901576,25.482813
2023.9.14,17,33.133206,29.877447
2023.9.14,18,9.799055,21.666682
2023.9.14,19,1.718414,24.626851
2023.9.14,20,2.987336,29.869331
2023.9.14,21,0.211008,27.057741
2023.9.14,22,0.017096,30.316356
2023.9.14,23,0.00028,18.917019
2023.9.14,24,0.000256,13.690421
2023.9.15,1,0.000432,17.710442
2023.9.15,2,0.000392,18.126411
2023.9.15,3,0.000456,21.511377
2023.9.15,4,0.000456,21.762456
2023.9.15,5,0.00044,17.50336
2023.9.15,6,0.013707,13.916697
2023.9.15,7,3.727723,7.239243
2023.9.15,8,44.583433,2.487974
2023.9.15,9,115.136561,0.810812
2023.9.15,10,183.055563,0.17346
2023.9.15,11,222.147413,1.648592
2023.9.15,12,260.205089,9.088325
2023.9.15,13,286.295561,16.834023
2023.9.15,14,279.420893,33.227618
2023.9.15,15,239.10442,32.021683
2023.9.15,16,193.383101,24.863693
2023.9.15,17,129.444815,19.984963
2023.9.15,18,54.654969,17.720827
2023.9.15,19,7.768661,17.378597
2023.9.15,20,7.304621,30.48924
2023.9.15,21,6.756016,27.566752
2023.9.15,22,4.242583,18.029773
2023.9.15,23,1.910924,13.061094
2023.9.15,24,0.475208,14.614519
2023.9.16,1,0.000416,8.187045
2023.9.16,2,0.000668,8.758336
2023.9.16,3,0.00044,4.313072
2023.9.16,4,0.00044,5.262678
2023.9.16,5,0.000536,9.502584
2023.9.16,6,0.057036,5.028799
2023.9.16,7,6.307376,6.999362
2023.9.16,8,37.544147,6.502432
2023.9.16,9,73.91579,9.290833
2023.9.16,10,92.217835,14.196044
2023.9.16,11,113.420316,38.57736
2023.9.16,12,144.804291,92.046611
2023.9.16,13,52.572053,95.313885
2023.9.16,14,43.020213,78.842718
2023.9.16,15,63.844051,58.650461
2023.9.16,16,158.262466,10.941297
2023.9.16,17,104.522301,1.55998
2023.9.16,18,43.567511,0.806746
2023.9.16,19,6.724828,4.870167
2023.9.16,20,4.180022,19.058628
2023.9.16,21,2.05208,29.994345
2023.9.16,22,0.107416,33.229454
2023.9.16,23,0.003856,29.137414
2023.9.16,24,0.0004,33.027271
2023.9.17,1,0.00044,16.216838
2023.9.17,2,0.164916,11.679881
2023.9.17,3,0.000408,12.353053
2023.9.17,4,0.000344,13.481253
2023.9.17,5,0.000432,9.252029
2023.9.17,6,0.025158,11.563339
2023.9.17,7,4.035558,5.253512
2023.9.17,8,37.386655,6.768072
2023.9.17,9,31.768823,4.008499
2023.9.17,10,55.439728,7.614306
2023.9.17,11,92.00358,0.377075
2023.9.17,12,147.796032,0.02532
2023.9.17,13,130.549573,0.00288
2023.9.17,14,159.649732,10.359641
2023.9.17,15,135.957472,9.340011
2023.9.17,16,78.670948,8.707588
2023.9.17,17,50.67693,9.007666
2023.9.17,18,20.811775,19.940152
2023.9.17,19,5.505764,14.78597
2023.9.17,20,4.986766,19.212272
2023.9.17,21,2.686518,19.555279
2023.9.17,22,1.574124,26.04005
2023.9.17,23,0.032052,28.642871
2023.9.17,24,0.000416,17.69037
2023.9.18,1,0.000416,16.614331
2023.9.18,2,0.000512,11.047509
2023.9.18,3,0.000416,1.784292
2023.9.18,4,0.000296,0.0768
2023.9.18,5,0.000336,1.542932
2023.9.18,6,0.019381,4.458566
2023.9.18,7,3.099399,3.98301
2023.9.18,8,49.581438,4.514201
2023.9.18,9,114.458636,2.095486
2023.9.18,10,150.851684,3.777282
2023.9.18,11,176.777943,2.21253
2023.9.18,12,199.163318,2.706831
2023.9.18,13,217.200062,2.813222
2023.9.18,14,215.004175,8.273376
2023.9.18,15,176.457524,3.879077
2023.9.18,16,136.660696,0.577431
2023.9.18,17,91.92492,0.047836
2023.9.18,18,35.914777,0.048632
2023.9.18,19,6.28558,0
2023.9.18,20,5.860758,0.0576
2023.9.18,21,4.1808,0
2023.9.18,22,2.748792,0
2023.9.18,23,1.775684,0
2023.9.18,24,0.244136,0.029282
2023.9.19,1,0.00044,0.0192
2023.9.19,2,0.001276,0.0912
2023.9.19,3,0.00054,0.52822
2023.9.19,4,0.000544,2.771931
2023.9.19,5,0.000616,1.734972
2023.9.19,6,0.020557,1.45751
2023.9.19,7,3.683044,1.390268
2023.9.19,8,47.777326,2.388173
2023.9.19,9,131.374129,2.049499
2023.9.19,10,204.107357,0.151015
2023.9.19,11,214.954726,0.201055
2023.9.19,12,240.805167,0.161727
2023.9.19,13,230.232177,0.470504
2023.9.19,14,186.112179,2.046852
2023.9.19,15,126.605952,0.987209
2023.9.19,16,142.688654,2.27393
2023.9.19,17,107.169344,0.509153
2023.9.19,18,38.42622,0.080227
2023.9.19,19,5.933959,0.191982
2023.9.19,20,7.670556,0.210264
2023.9.19,21,6.637423,0.306463
2023.9.19,22,3.311327,5.861586
2023.9.19,23,1.869012,12.039193
2023.9.19,24,0.516428,16.09668
2023.9.20,1,0.000392,28.810426
2023.9.20,2,0.001104,33.055961
2023.9.20,3,0.000552,41.025966
2023.9.20,4,0.000456,31.793274
2023.9.20,5,0.000544,30.219201
2023.9.20,6,0.015545,34.259804
2023.9.20,7,1.803875,34.280141
2023.9.20,8,18.532288,36.711847
2023.9.20,9,40.192238,48.044874
2023.9.20,10,55.524626,65.069103
2023.9.20,11,102.533871,80.308768
2023.9.20,12,117.102544,103.733868
2023.9.20,13,134.283351,122.862741
2023.9.20,14,110.471934,141.709264
2023.9.20,15,81.01931,153.101398
2023.9.20,16,40.793516,128.686318
2023.9.20,17,24.012462,139.529977
2023.9.20,18,12.594756,157.468285
2023.9.20,19,3.204314,169.621192
2023.9.20,20,6.075343,188.595477
2023.9.20,21,4.404765,177.418577
2023.9.20,22,1.175917,132.633557
2023.9.20,23,0.030488,109.88092
2023.9.20,24,0.000704,118.676838
2023.9.21,1,0.000576,121.115616
2023.9.21,2,0.000564,108.489275
2023.9.21,3,0.000424,156.796806
2023.9.21,4,0.000392,173.348805
2023.9.21,5,0.000296,185.042643
2023.9.21,6,0.014636,179.191484
2023.9.21,7,3.000534,179.657024
2023.9.21,8,38.827897,155.543829
2023.9.21,9,97.79194,153.263369
2023.9.21,10,195.391839,162.325707
2023.9.21,11,244.044492,130.790863
2023.9.21,12,278.867339,78.471376
2023.9.21,13,239.118827,117.49102
2023.9.21,14,178.323261,133.995218
2023.9.21,15,174.798044,134.713219
2023.9.21,16,127.983728,133.958127
2023.9.21,17,75.536382,120.031154
2023.9.21,18,22.288915,100.598293
2023.9.21,19,3.868323,97.13432
2023.9.21,20,7.552332,86.092077
2023.9.21,21,6.62898,53.192995
2023.9.21,22,3.142077,43.179146
2023.9.21,23,1.593428,63.592746
2023.9.21,24,0.263568,50.836788
2023.9.22,1,0.000416,39.873092
2023.9.22,2,0.00066,46.631415
2023.9.22,3,0.000468,32.146843
2023.9.22,4,0.000448,34.949792
2023.9.22,5,0.000564,40.393916
2023.9.22,6,0.002997,55.005063
2023.9.22,7,0.369143,47.095105
2023.9.22,8,14.405599,34.235781
2023.9.22,9,40.702833,36.592162
2023.9.22,10,72.71137,30.339475
2023.9.22,11,110.94823,21.869675
2023.9.22,12,145.709233,21.684139
2023.9.22,13,166.612418,17.373388
2023.9.22,14,102.161418,10.412666
2023.9.22,15,82.88193,14.749591
2023.9.22,16,81.539323,15.931183
2023.9.22,17,61.00694,9.003257
2023.9.22,18,26.595056,9.754732
2023.9.22,19,4.668219,18.182116
2023.9.22,20,6.53056,14.09201
2023.9.22,21,3.79642,12.651509
2023.9.22,22,2.439768,4.667302
2023.9.22,23,1.02052,6.238859
2023.9.22,24,0.000448,9.997228
2023.9.23,1,0.000448,12.161309
2023.9.23,2,0.000532,17.838967
2023.9.23,3,0.000512,21.802466
2023.9.23,4,0.00044,25.763477
2023.9.23,5,0.000448,34.478817
2023.9.23,6,0.01206,47.700179
2023.9.23,7,2.953935,28.000489
2023.9.23,8,37.370606,17.746195
2023.9.23,9,125.40842,26.073599
2023.9.23,10,177.093306,41.102067
2023.9.23,11,229.084576,56.57214
2023.9.23,12,248.578534,37.043943
2023.9.23,13,173.087964,50.341093
2023.9.23,14,140.993459,66.471751
2023.9.23,15,146.901483,67.24199
2023.9.23,16,86.022389,71.505665
2023.9.23,17,52.451359,76.933323
2023.9.23,18,20.247497,84.618639
2023.9.23,19,4.026368,106.532127
2023.9.23,20,7.402289,103.186629
2023.9.23,21,5.619728,98.544305
2023.9.23,22,2.4536,95.165017
2023.9.23,23,0.35564,110.048023
2023.9.23,24,0.001784,98.649623
2023.9.24,1,0.00044,79.295577
2023.9.24,2,0.000408,71.81684
2023.9.24,3,0.000496,78.687726
2023.9.24,4,0.000472,87.780491
2023.9.24,5,0.00044,79.052413
2023.9.24,6,0.005179,95.291012
2023.9.24,7,0.920547,94.688156
2023.9.24,8,24.771038,84.123066
2023.9.24,9,63.359112,78.187521
2023.9.24,10,145.154706,96.849626
2023.9.24,11,200.224697,102.245015
2023.9.24,12,211.136273,107.379163
2023.9.24,13,225.775015,119.497066
2023.9.24,14,214.949725,154.099743
2023.9.24,15,154.540779,135.173679
2023.9.24,16,107.861285,123.036384
2023.9.24,17,53.871982,119.057591
2023.9.24,18,19.980163,110.595638
2023.9.24,19,4.278675,109.344246
2023.9.24,20,7.522433,111.175654
2023.9.24,21,5.62992,88.811828
2023.9.24,22,2.831912,64.537678
2023.9.24,23,1.297116,57.142798
2023.9.24,24,0.116856,54.959075
2023.9.25,1,0.000496,48.99817
2023.9.25,2,0.00062,34.478596
2023.9.25,3,0.000592,36.211005
2023.9.25,4,0.00052,42.036072
2023.9.25,5,0.000536,36.135472
2023.9.25,6,0.012543,50.023185
2023.9.25,7,2.290777,38.270119
2023.9.25,8,26.586478,38.653997
2023.9.25,9,93.206722,30.777883
2023.9.25,10,132.023392,32.468599
2023.9.25,11,168.539662,30.41583
2023.9.25,12,200.714656,26.48623
2023.9.25,13,191.682897,21.584858
2023.9.25,14,145.090294,26.402281
2023.9.25,15,77.658139,25.071954
2023.9.25,16,77.696896,24.046671
2023.9.25,17,62.311337,20.513112
2023.9.25,18,18.493435,17.449407
2023.9.25,19,3.89386,14.571197
2023.9.25,20,6.82623,6.572285
2023.9.25,21,5.707107,7.462859
2023.9.25,22,3.004241,8.251006
2023.9.25,23,0.519527,9.592581
2023.9.25,24,0.035224,7.939506
2023.9.26,1,0.00048,4.540236
2023.9.26,2,0.000472,4.705338
2023.9.26,3,0.00052,1.743733
2023.9.26,4,0.000448,3.705374
2023.9.26,5,0.000472,1.247724
2023.9.26,6,0.002518,2.075352
2023.9.26,7,2.040113,2.448926
2023.9.26,8,44.403883,1.410499
2023.9.26,9,116.74333,0.01566
2023.9.26,10,146.920779,3.296208
2023.9.26,11,169.3483,6.885845
2023.9.26,12,203.264477,5.173588
2023.9.26,13,210.831165,4.603033
2023.9.26,14,194.666181,4.161327
2023.9.26,15,140.097488,6.774355
2023.9.26,16,103.076604,8.210618
2023.9.26,17,88.015712,8.232557
2023.9.26,18,31.099431,14.711848
2023.9.26,19,4.241315,29.985908
2023.9.26,20,7.307987,36.546746
2023.9.26,21,6.529287,31.009098
2023.9.26,22,4.148504,25.391495
2023.9.26,23,2.084535,14.72534
2023.9.26,24,0.25648,5.812167
2023.9.27,1,0.00044,5.889155
2023.9.27,2,0.000844,6.18563
2023.9.27,3,0.000472,7.576981
2023.9.27,4,0.0004,10.182646
2023.9.27,5,0.000464,12.252394
2023.9.27,6,0.015039,16.28044
2023.9.27,7,2.27921,24.926394
2023.9.27,8,40.807091,22.318453
2023.9.27,9,113.783559,21.166615
2023.9.27,10,181.026031,10.537124
2023.9.27,11,245.719675,8.082068
2023.9.27,12,279.170649,9.432057
2023.9.27,13,261.639328,16.396466
2023.9.27,14,248.771714,19.868311
2023.9.27,15,199.498579,22.953117
2023.9.27,16,141.914792,27.630867
2023.9.27,17,93.8786,26.843624
2023.9.27,18,36.647275,17.58328
2023.9.27,19,4.334224,31.304992
2023.9.27,20,7.602798,30.443536
2023.9.27,21,6.879378,28.871401
2023.9.27,22,4.155031,22.657835
2023.9.27,23,1.740139,10.906965
2023.9.27,24,0.112712,5.810725
2023.9.28,1,0.000512,5.586408
2023.9.28,2,0.000884,7.04521
2023.9.28,3,0.000424,6.645897
2023.9.28,4,0.000592,10.512802
2023.9.28,5,0.000464,5.300795
2023.9.28,6,0.004376,15.894197
2023.9.28,7,0.845984,13.34754
2023.9.28,8,21.165472,12.754803
2023.9.28,9,62.990469,27.050896
2023.9.28,10,126.260661,29.170361
2023.9.28,11,103.628178,38.402862
2023.9.28,12,132.781056,28.365059
2023.9.28,13,239.695234,18.794195
2023.9.28,14,229.750611,30.451301
2023.9.28,15,224.16036,28.208265
2023.9.28,16,183.61236,23.520695
2023.9.28,17,110.379261,19.909196
2023.9.28,18,37.241305,22.264149
2023.9.28,19,4.205045,44.793936
2023.9.28,20,7.526729,45.042421
2023.9.28,21,6.559083,40.347142
2023.9.28,22,3.355676,54.424383
2023.9.28,23,1.52438,64.771779
2023.9.28,24,0.166444,56.454746
2023.9.29,1,0.0004,34.16255
2023.9.29,2,0.000912,34.067268
2023.9.29,3,0.00044,37.820708
2023.9.29,4,0.000556,34.73568
2023.9.29,5,0.000472,33.195197
2023.9.29,6,0.014543,51.081414
2023.9.29,7,2.154278,47.646438
2023.9.29,8,42.923526,31.343623
2023.9.29,9,128.86517,17.225106
2023.9.29,10,207.341158,12.782754
2023.9.29,11,262.017301,9.357248
2023.9.29,12,294.05848,6.913438
2023.9.29,13,297.547264,7.344189
2023.9.29,14,271.507957,6.822012
2023.9.29,15,231.622649,4.653463
2023.9.29,16,156.50316,4.315583
2023.9.29,17,100.750243,0.811494
2023.9.29,18,34.997157,0.770367
2023.9.29,19,4.041989,5.558141
2023.9.29,20,7.602458,1.274888
2023.9.29,21,6.898691,0.598745
2023.9.29,22,4.219656,1.829443
2023.9.29,23,1.962575,1.112291
2023.9.29,24,0.473632,0.6624
2023.9.30,1,0.00024,0.779028
2023.9.30,2,0.001124,2.295663
2023.9.30,3,0.000448,0.709401
2023.9.30,4,0.000448,8.644579
2023.9.30,5,0.000384,23.424666
2023.9.30,6,0.004324,46.179525
2023.9.30,7,0.45237,47.496779
2023.9.30,8,6.846616,61.488622
2023.9.30,9,10.980732,87.78382
2023.9.30,10,20.486857,41.887524
2023.9.30,11,24.478167,16.217402
2023.9.30,12,60.654437,5.602784
2023.9.30,13,82.099385,0.342157
2023.9.30,14,63.101823,1.901405
2023.9.30,15,61.71751,4.202421
2023.9.30,16,97.055546,7.663966
2023.9.30,17,71.583563,26.80805
2023.9.30,18,32.673633,56.386706
2023.9.30,19,1.670052,77.696727
2023.9.30,20,3.639603,83.229017
2023.9.30,21,0.744931,63.246876
2023.9.30,22,0.080256,82.314406
2023.9.30,23,0.025928,102.382242
2023.9.30,24,0.00044,80.894734
2023.10.1,1,0.0004,89.047733
2023.10.1,2,0.000416,97.83242
2023.10.1,3,0.0004,97.879213
2023.10.1,4,0.00044,95.589367
2023.10.1,5,0.000416,88.220827
2023.10.1,6,0.000416,99.708381
2023.10.1,7,1.200279,84.857959
2023.10.1,8,21.553136,97.204447
2023.10.1,9,80.645476,86.962683
2023.10.1,10,173.167536,85.436454
2023.10.1,11,240.322695,46.604644
2023.10.1,12,290.468951,17.074509
2023.10.1,13,303.686748,9.183888
2023.10.1,14,300.821909,10.463079
2023.10.1,15,275.28489,18.735986
2023.10.1,16,218.73074,76.023033
2023.10.1,17,134.213947,84.988911
2023.10.1,18,40.92031,102.004595
2023.10.1,19,3.394176,142.864467
2023.10.1,20,7.584908,135.159255
2023.10.1,21,6.863194,127.884452
2023.10.1,22,4.187802,123.33579
2023.10.1,23,1.916176,115.576467
2023.10.1,24,0.513668,106.183232
2023.10.2,1,0.000396,70.719584
2023.10.2,2,0.00166,51.73941
2023.10.2,3,0.000344,65.754118
2023.10.2,4,0.00044,59.5401
2023.10.2,5,0.000384,56.794489
2023.10.2,6,0.00048,98.698301
2023.10.2,7,1.170643,104.398962
2023.10.2,8,27.799174,74.565177
2023.10.2,9,109.387077,46.283554
2023.10.2,10,207.887606,64.215319
2023.10.2,11,286.98874,53.838063
2023.10.2,12,322.819332,17.790931
2023.10.2,13,331.214884,6.188806
2023.10.2,14,317.970043,9.664502
2023.10.2,15,267.072576,25.422882
2023.10.2,16,206.089013,20.051451
2023.10.2,17,112.931001,15.964152
2023.10.2,18,32.196464,7.556223
2023.10.2,19,3.355171,17.135266
2023.10.2,20,6.381213,16.315796
2023.10.2,21,5.610776,10.622216
2023.10.2,22,3.999973,3.885993
2023.10.2,23,1.953283,3.782088
2023.10.2,24,0.493548,6.224832
2023.10.3,1,0.000488,6.986231
2023.10.3,2,0.001572,5.997541
2023.10.3,3,0.000424,7.989766
2023.10.3,4,0.000616,11.981315
2023.10.3,5,0.000576,18.212241
2023.10.3,6,0.000432,30.118753
2023.10.3,7,0.452631,32.68208
2023.10.3,8,9.079207,30.929518
2023.10.3,9,38.301475,26.904744
2023.10.3,10,47.276711,27.236273
2023.10.3,11,53.652147,17.310406
2023.10.3,12,66.555665,14.296909
2023.10.3,13,73.882455,26.030645
2023.10.3,14,73.720292,34.564877
2023.10.3,15,50.869324,28.476874
2023.10.3,16,24.485519,28.427494
2023.10.3,17,14.324082,48.839633
2023.10.3,18,6.425331,51.278991
2023.10.3,19,0.601858,57.411028
2023.10.3,20,2.103219,40.893724
2023.10.3,21,0.3082,53.969409
2023.10.3,22,0.033072,44.367403
2023.10.3,23,0.000464,37.147645
2023.10.3,24,0.000416,26.638734
2023.10.4,1,0.000424,14.332641
2023.10.4,2,0.000432,10.26646
2023.10.4,3,0.000328,11.230535
2023.10.4,4,0.000376,14.544488
2023.10.4,5,0.000352,9.829277
2023.10.4,6,0.00036,22.55275
2023.10.4,7,1.098753,32.037068
2023.10.4,8,31.765277,32.310977
2023.10.4,9,118.936514,31.303595
2023.10.4,10,204.639118,33.002069
2023.10.4,11,261.457484,21.792908
2023.10.4,12,274.514355,31.044756
2023.10.4,13,305.434272,8.085122
2023.10.4,14,302.950945,4.141672
2023.10.4,15,275.37977,23.232521
2023.10.4,16,212.721065,68.767346
2023.10.4,17,126.897163,67.094764
2023.10.4,18,36.246349,81.299243
2023.10.4,19,3.057898,117.767484
2023.10.4,20,6.715637,105.519496
2023.10.4,21,6.000284,120.182086
2023.10.4,22,4.28098,156.290988
2023.10.4,23,1.931756,108.808698
2023.10.4,24,0.475956,66.368072
2023.10.5,1,0.000464,62.517773
2023.10.5,2,0.00178,87.600071
2023.10.5,3,0.000416,138.674479
2023.10.5,4,0.000656,154.897355
2023.10.5,5,0.000408,150.339446
2023.10.5,6,0.000564,186.883853
2023.10.5,7,0.266184,194.232206
2023.10.5,8,12.080325,190.746252
2023.10.5,9,74.329883,193.624697
2023.10.5,10,114.798308,170.893347
2023.10.5,11,238.347948,71.038815
2023.10.5,12,278.128182,21.224223
2023.10.5,13,267.485203,21.580621
2023.10.5,14,258.00598,20.864027
2023.10.5,15,246.127075,46.923989
2023.10.5,16,215.428385,98.653295
2023.10.5,17,128.621839,166.189356
2023.10.5,18,36.488714,187.910616
2023.10.5,19,3.487184,204.114056
2023.10.5,20,6.634256,217.607376
2023.10.5,21,5.64596,204.289049
2023.10.5,22,3.974201,175.401447
2023.10.5,23,1.946848,154.344493
2023.10.5,24,0.474344,151.979657
2023.10.6,1,0.000564,136.058649
2023.10.6,2,0.001636,129.615323
2023.10.6,3,0.000428,127.579496
2023.10.6,4,0.000732,116.448178
2023.10.6,5,0.000456,102.746512
2023.10.6,6,0.000448,108.235083
2023.10.6,7,1.789309,118.541017
2023.10.6,8,20.324186,135.739378
2023.10.6,9,95.958675,122.863001
2023.10.6,10,110.770718,90.01379
2023.10.6,11,236.376229,56.014024
2023.10.6,12,182.529951,64.549422
2023.10.6,13,207.57884,39.33558
2023.10.6,14,224.579813,28.077951
2023.10.6,15,103.491201,25.156205
2023.10.6,16,76.871652,22.428017
2023.10.6,17,57.24534,16.532195
2023.10.6,18,17.26126,30.439135
2023.10.6,19,3.220736,70.137935
2023.10.6,20,7.231302,84.936472
2023.10.6,21,5.27294,48.492476
2023.10.6,22,2.743717,69.336798
2023.10.6,23,0.27074,59.819852
2023.10.6,24,0.000656,48.388119
2023.10.7,1,0.000472,37.335081
2023.10.7,2,0.000904,37.740293
2023.10.7,3,0.000456,48.120315
2023.10.7,4,0.000664,42.216457
2023.10.7,5,0.000416,24.863058
2023.10.7,6,0.000408,22.762564
2023.10.7,7,0.330191,18.724421
2023.10.7,8,11.193031,17.534811
2023.10.7,9,26.709518,13.867342
2023.10.7,10,59.883764,15.668695
2023.10.7,11,58.944024,12.09557
2023.10.7,12,70.668537,14.587447
2023.10.7,13,73.757241,11.722577
2023.10.7,14,60.598109,11.621201
2023.10.7,15,26.423574,13.285348
2023.10.7,16,13.188517,21.248812
2023.10.7,17,7.961646,22.851467
2023.10.7,18,2.464164,16.94147
2023.10.7,19,0.905528,23.058202
2023.10.7,20,3.296725,44.954631
2023.10.7,21,0.498018,58.995752
2023.10.7,22,0.313937,57.809225
2023.10.7,23,0.000456,52.683004
2023.10.7,24,0.00044,60.671477
2023.10.8,1,0.000336,54.353967
2023.10.8,2,0.000376,78.542927
2023.10.8,3,0.000352,85.780293
2023.10.8,4,0.000272,73.579795
2023.10.8,5,0.000256,61.308485
2023.10.8,6,0.000272,91.736413
2023.10.8,7,0.158254,96.224357
2023.10.8,8,8.671442,96.955726
2023.10.8,9,33.363487,92.04919
2023.10.8,10,44.118925,75.083874
2023.10.8,11,76.751093,77.383785
2023.10.8,12,169.096797,83.329663
2023.10.8,13,181.759893,68.683107
2023.10.8,14,174.624223,86.160993
2023.10.8,15,149.119459,78.821756
2023.10.8,16,109.625401,77.730887
2023.10.8,17,43.67937,80.738782
2023.10.8,18,11.111134,91.371766
2023.10.8,19,3.085003,99.153895
2023.10.8,20,6.84347,88.007491
2023.10.8,21,3.699747,91.817335
2023.10.8,22,2.456168,78.625891
2023.10.8,23,1.206648,85.125096
2023.10.8,24,0.0006,71.658964
2023.10.9,1,0.000584,57.997009
2023.10.9,2,0.000848,49.728639
2023.10.9,3,0.000384,43.378748
2023.10.9,4,0.000416,37.845971
2023.10.9,5,0.000328,39.193848
2023.10.9,6,0.000296,50.026617
2023.10.9,7,1.071874,42.791584
2023.10.9,8,38.020063,34.579104
2023.10.9,9,100.525125,31.961269
2023.10.9,10,175.624741,34.224265
2023.10.9,11,215.166103,38.988754
2023.10.9,12,178.117845,24.640964
2023.10.9,13,150.318948,23.934687
2023.10.9,14,144.101832,36.878565
2023.10.9,15,182.610831,35.707125
2023.10.9,16,99.021543,34.646237
2023.10.9,17,32.792492,34.449401
2023.10.9,18,9.772879,38.140167
2023.10.9,19,3.165662,77.86898
2023.10.9,20,7.163474,69.859429
2023.10.9,21,4.965205,51.459876
2023.10.9,22,2.289348,43.935433
2023.10.9,23,0.485432,40.266178
2023.10.9,24,0.000456,73.152894
2023.10.10,1,0.000504,64.514837
2023.10.10,2,0.00072,47.65821
2023.10.10,3,0.00044,53.71197
2023.10.10,4,0.000464,89.352935
2023.10.10,5,0.000448,103.540479
2023.10.10,6,0.000432,123.226088
2023.10.10,7,1.117254,109.093971
2023.10.10,8,44.093282,107.539612
2023.10.10,9,129.570927,108.409982
2023.10.10,10,216.627822,79.490405
2023.10.10,11,283.872777,20.634122
2023.10.10,12,296.144777,16.67002
2023.10.10,13,289.403629,14.123794
2023.10.10,14,276.734584,25.652002
2023.10.10,15,199.576905,63.164914
2023.10.10,16,121.128899,72.348347
2023.10.10,17,59.217019,52.296545
2023.10.10,18,14.304105,55.154884
2023.10.10,19,3.144639,73.402836
2023.10.10,20,7.660226,60.497482
2023.10.10,21,6.635853,45.069068
2023.10.10,22,4.226489,26.787273
2023.10.10,23,1.83378,17.99392
2023.10.10,24,0.472124,14.203293
2023.10.11,1,0.000328,12.087885
2023.10.11,2,0.000968,9.597597
2023.10.11,3,0.000352,15.368322
2023.10.11,4,0.000504,17.93784
2023.10.11,5,0.000508,18.146177
2023.10.11,6,0.0004,40.147746
2023.10.11,7,0.374503,35.52408
2023.10.11,8,31.787244,31.637322
2023.10.11,9,113.966466,30.912136
2023.10.11,10,168.816662,49.015022
2023.10.11,11,225.986276,67.669363
2023.10.11,12,251.2179,32.195192
2023.10.11,13,235.915809,36.63597
2023.10.11,14,217.615755,59.167983
2023.10.11,15,187.128115,59.319236
2023.10.11,16,143.734665,60.096979
2023.10.11,17,90.718727,51.286996
2023.10.11,18,24.368878,38.786132
2023.10.11,19,3.224452,42.018024
2023.10.11,20,7.749969,32.469061
2023.10.11,21,6.460629,27.269144
2023.10.11,22,3.932699,21.22629
2023.10.11,23,1.617617,16.59972
2023.10.11,24,0.48192,16.852937
2023.10.12,1,0.000328,16.508212
2023.10.12,2,0.000464,13.902389
2023.10.12,3,0.000464,16.945884
2023.10.12,4,0.000528,22.616879
2023.10.12,5,0.000448,25.351587
2023.10.12,6,0.000416,29.891026
2023.10.12,7,1.102642,29.444986
2023.10.12,8,41.231664,29.081692
2023.10.12,9,137.131298,23.480801
2023.10.12,10,213.935845,30.271018
2023.10.12,11,253.728786,36.820878
2023.10.12,12,282.304026,31.56918
2023.10.12,13,296.82978,7.953794
2023.10.12,14,288.466302,19.276851
2023.10.12,15,256.145228,27.058242
2023.10.12,16,198.787582,35.022513
2023.10.12,17,114.17695,35.522465
2023.10.12,18,24.590143,27.298552
2023.10.12,19,3.186926,45.313289
2023.10.12,20,7.721476,41.504897
2023.10.12,21,6.633245,31.550573
2023.10.12,22,3.941436,24.254724
2023.10.12,23,1.679039,18.544458
2023.10.12,24,0.526888,20.015037
2023.10.13,1,0.0004,21.850272
2023.10.13,2,0.000556,25.229945
2023.10.13,3,0.000464,25.882097
2023.10.13,4,0.000528,25.179862
2023.10.13,5,0.00048,31.171317
2023.10.13,6,0.000424,53.082851
2023.10.13,7,0.493045,41.514592
2023.10.13,8,26.078576,40.511901
2023.10.13,9,79.664315,18.882961
2023.10.13,10,143.253403,22.034304
2023.10.13,11,167.529757,18.97482
2023.10.13,12,206.202341,15.272174
2023.10.13,13,238.02605,15.887645
2023.10.13,14,201.500245,15.104862
2023.10.13,15,173.688949,14.847258
2023.10.13,16,89.579582,14.479348
2023.10.13,17,39.62008,11.767099
2023.10.13,18,13.768783,10.052026
2023.10.13,19,3.16448,15.760751
2023.10.13,20,7.635253,11.314955
2023.10.13,21,6.040132,6.271981
2023.10.13,22,3.216055,3.715488
2023.10.13,23,0.665468,1.911334
2023.10.13,24,0.000416,0.838679
2023.10.14,1,0.000432,1.872767
2023.10.14,2,0.000616,2.79756
2023.10.14,3,0.000296,1.764718
2023.10.14,4,0.000336,1.19892
2023.10.14,5,0.000368,2.046402
2023.10.14,6,0.000544,5.747644
2023.10.14,7,0.724252,7.568084
2023.10.14,8,35.885187,7.358342
2023.10.14,9,129.54363,2.857947
2023.10.14,10,209.691494,6.80501
2023.10.14,11,253.807482,16.765616
2023.10.14,12,276.1157,9.342763
2023.10.14,13,232.064001,7.189576
2023.10.14,14,204.299193,17.201961
2023.10.14,15,201.446699,63.718577
2023.10.14,16,147.401828,79.359633
2023.10.14,17,80.96451,54.077028
2023.10.14,18,21.836897,34.609318
2023.10.14,19,3.165159,45.206549
2023.10.14,20,7.704734,54.865701
2023.10.14,21,6.564873,66.573282
2023.10.14,22,4.085109,74.218882
2023.10.14,23,1.615984,71.187303
2023.10.14,24,0.07648,84.938016
2023.10.15,1,0.000344,82.811334
2023.10.15,2,0.000904,83.29817
2023.10.15,3,0.000336,79.292309
2023.10.15,4,0.000564,68.057001
2023.10.15,5,0.000416,64.038901
2023.10.15,6,0.000264,87.097465
2023.10.15,7,0.67903,67.471738
2023.10.15,8,31.448414,51.15508
2023.10.15,9,111.543061,49.569657
2023.10.15,10,182.165539,55.781645
2023.10.15,11,230.199157,18.934515
2023.10.15,12,240.627886,11.074278
2023.10.15,13,231.006675,11.082455
2023.10.15,14,229.608756,12.998122
2023.10.15,15,209.628078,15.977124
2023.10.15,16,164.036225,69.644058
2023.10.15,17,89.654967,104.653426
2023.10.15,18,18.242485,88.365603
2023.10.15,19,3.043291,112.606047
2023.10.15,20,7.702699,107.344107
2023.10.15,21,6.629275,82.379488
2023.10.15,22,3.855786,52.815171
2023.10.15,23,1.717628,34.610741
2023.10.15,24,0.311,29.997033
2023.10.16,1,0.000392,28.906563
2023.10.16,2,0.001196,33.417535
2023.10.16,3,0.0005,33.071188
2023.10.16,4,0.000528,33.056075
2023.10.16,5,0.00044,52.388887
2023.10.16,6,0.000408,95.809931
2023.10.16,7,0.674618,106.51519
2023.10.16,8,34.729611,103.287802
2023.10.16,9,115.364919,59.334476
2023.10.16,10,185.903377,70.379937
2023.10.16,11,215.952877,80.721667
2023.10.16,12,245.669637,81.258124
2023.10.16,13,266.346434,38.23564
2023.10.16,14,268.954949,43.067642
2023.10.16,15,226.649888,95.865277
2023.10.16,16,169.383985,136.638334
2023.10.16,17,92.000881,149.342227
2023.10.16,18,19.322927,140.368253
2023.10.16,19,3.149033,159.842246
2023.10.16,20,7.62178,163.658278
2023.10.16,21,6.528168,154.566647
2023.10.16,22,4.031664,167.18341
2023.10.16,23,1.62995,164.230361
2023.10.16,24,0.081708,156.37125
2023.10.17,1,0.00036,132.961446
2023.10.17,2,0.000952,124.712851
2023.10.17,3,0.000432,134.129901
2023.10.17,4,0.000384,133.526172
2023.10.17,5,0.000372,124.838893
2023.10.17,6,0.000336,146.86218
2023.10.17,7,0.810682,124.039714
2023.10.17,8,40.337875,101.22209
2023.10.17,9,139.581807,135.208505
2023.10.17,10,228.017609,92.842134
2023.10.17,11,282.480356,26.72242
2023.10.17,12,299.968879,9.982906
2023.10.17,13,289.340803,6.816492
2023.10.17,14,282.877527,8.427932
2023.10.17,15,269.282447,22.245771
2023.10.17,16,203.985223,46.987689
2023.10.17,17,110.60107,46.054793
2023.10.17,18,21.745397,49.432657
2023.10.17,19,3.071092,60.539347
2023.10.17,20,7.48615,56.485511
2023.10.17,21,6.623833,43.576585
2023.10.17,22,4.03301,37.156034
2023.10.17,23,1.713471,27.736776
2023.10.17,24,0.362788,16.51681
2023.10.18,1,0.000376,13.537159
2023.10.18,2,0.0012,10.635143
2023.10.18,3,0.000532,8.205096
2023.10.18,4,0.000344,4.299533
2023.10.18,5,0.000424,9.943616
2023.10.18,6,0.000344,5.936609
2023.10.18,7,0.706387,7.265878
2023.10.18,8,34.929024,8.030879
2023.10.18,9,132.339079,3.229096
2023.10.18,10,214.168708,1.435628
2023.10.18,11,258.112541,2.036774
2023.10.18,12,288.61655,3.751761
2023.10.18,13,303.155301,2.59122
2023.10.18,14,291.718316,3.389663
2023.10.18,15,246.466541,2.540924
2023.10.18,16,157.404841,0.685638
2023.10.18,17,85.053078,1.03482
2023.10.18,18,18.574525,2.202359
2023.10.18,19,3.120045,4.780508
2023.10.18,20,7.806887,2.978496
2023.10.18,21,6.675309,7.521623
2023.10.18,22,4.168058,9.163525
2023.10.18,23,2.06249,4.53465
2023.10.18,24,0.469988,3.498688
2023.10.19,1,0.000348,1.1013
2023.10.19,2,0.000952,1.199231
2023.10.19,3,0.000456,1.262028
2023.10.19,4,0.000448,4.187352
2023.10.19,5,0.000392,4.99713
2023.10.19,6,0.000464,1.656932
2023.10.19,7,0.611048,0.214219
2023.10.19,8,30.018075,2.648316
2023.10.19,9,122.200329,3.317144
2023.10.19,10,197.60172,3.982772
2023.10.19,11,230.59371,3.676487
2023.10.19,12,249.364385,3.781473
2023.10.19,13,236.634195,4.886205
2023.10.19,14,213.745154,3.217397
2023.10.19,15,183.436943,3.469942
2023.10.19,16,126.76514,3.674951
2023.10.19,17,72.781114,1.428549
2023.10.19,18,16.705266,0.428657
2023.10.19,19,3.109483,3.338361
2023.10.19,20,7.663295,0.49679
2023.10.19,21,6.353949,0.459874
2023.10.19,22,4.224961,1.532408
2023.10.19,23,1.896234,1.00195
2023.10.19,24,0.26196,0.843333
2023.10.20,1,0.0004,9.096004
2023.10.20,2,0.001272,69.206473
2023.10.20,3,0.000536,129.707088
2023.10.20,4,0.000564,144.746146
2023.10.20,5,0.00044,185.005905
2023.10.20,6,0.0005,218.544593
2023.10.20,7,0.020026,219.56974
2023.10.20,8,3.559729,181.352237
2023.10.20,9,25.332914,201.892165
2023.10.20,10,59.610273,221.454959
2023.10.20,11,67.49037,187.427872
2023.10.20,12,102.413971,174.537451
2023.10.20,13,180.677846,166.125735
2023.10.20,14,270.45691,88.485528
2023.10.20,15,246.682587,113.121556
2023.10.20,16,180.951802,177.394681
2023.10.20,17,83.903039,209.752656
2023.10.20,18,14.416651,203.45893
2023.10.20,19,3.128127,194.646347
2023.10.20,20,7.545523,199.86441
2023.10.20,21,6.122553,186.469163
2023.10.20,22,2.966986,185.578071
2023.10.20,23,0.918028,195.21487
2023.10.20,24,0.00042,189.92904
2023.10.21,1,0.000344,171.043144
2023.10.21,2,0.000712,150.670573
2023.10.21,3,0.00024,150.252283
2023.10.21,4,0.000336,138.308485
2023.10.21,5,0.000384,135.42243
2023.10.21,6,0.000312,132.261293
2023.10.21,7,0.59574,117.746433
2023.10.21,8,36.05507,95.394673
2023.10.21,9,135.770075,72.375212
2023.10.21,10,229.715471,57.725775
2023.10.21,11,290.247784,30.250944
2023.10.21,12,317.551137,7.407222
2023.10.21,13,314.471971,7.225613
2023.10.21,14,297.310871,13.956384
2023.10.21,15,264.73677,51.497691
2023.10.21,16,196.908567,95.498621
2023.10.21,17,99.94853,103.149968
2023.10.21,18,16.80733,88.31539
2023.10.21,19,3.042025,97.672837
2023.10.21,20,7.669535,100.74612
2023.10.21,21,6.661198,97.201721
2023.10.21,22,4.389941,73.54463
2023.10.21,23,1.990983,57.543757
2023.10.21,24,0.485796,50.656972
2023.10.22,1,0.000368,53.569611
2023.10.22,2,0.001252,49.22178
2023.10.22,3,0.000544,50.419167
2023.10.22,4,0.000516,51.01933
2023.10.22,5,0.000512,42.041345
2023.10.22,6,0.00024,44.862319
2023.10.22,7,0.392055,38.200502
2023.10.22,8,33.771938,29.121046
2023.10.22,9,133.645842,22.233222
2023.10.22,10,219.704164,23.485002
2023.10.22,11,237.166705,16.62972
2023.10.22,12,270.207966,11.212237
2023.10.22,13,288.86173,7.35155
2023.10.22,14,253.158605,12.891663
2023.10.22,15,208.562916,12.329287
2023.10.22,16,128.177015,9.158691
2023.10.22,17,48.495968,7.263221
2023.10.22,18,13.528177,12.374067
2023.10.22,19,3.113033,29.512176
2023.10.22,20,7.647847,25.312381
2023.10.22,21,6.668769,14.442779
2023.10.22,22,4.33247,5.277664
2023.10.22,23,1.972789,3.83488
2023.10.22,24,0.481916,3.515088
2023.10.23,1,0.000304,3.221824
2023.10.23,2,0.001172,3.538408
2023.10.23,3,0.000508,4.458272
2023.10.23,4,0.00032,2.35708
2023.10.23,5,0.00044,1.09432
2023.10.23,6,0.000232,6.902664
2023.10.23,7,0.331943,2.099728
2023.10.23,8,32.267916,0.203912
2023.10.23,9,130.005505,0.00636
2023.10.23,10,214.595796,0.01368
2023.10.23,11,267.641304,0.01926
2023.10.23,12,285.756121,0.507113
2023.10.23,13,267.130661,2.674928
2023.10.23,14,224.333108,1.371418
2023.10.23,15,197.863693,0.415154
2023.10.23,16,146.439216,0.159875
2023.10.23,17,71.891051,0.05094
2023.10.23,18,13.681893,0
2023.10.23,19,3.111072,0.0288
2023.10.23,20,7.552529,0.049592
2023.10.23,21,6.808129,0
2023.10.23,22,4.307946,0.0408
2023.10.23,23,1.978306,1.1448
2023.10.23,24,0.5266,3.3432
2023.10.24,1,0.000392,1.6488
2023.10.24,2,0.001208,1.28592
2023.10.24,3,0.000648,0.936
2023.10.24,4,0.00036,2.616
2023.10.24,5,0.000416,3.804
2023.10.24,6,0.000448,2.61708
2023.10.24,7,0.412061,1.889496
2023.10.24,8,24.538725,1.207096
2023.10.24,9,85.711077,0.155932
2023.10.24,10,202.641449,0.03492
2023.10.24,11,220.767861,0.02148
2023.10.24,12,214.874571,0.00918
2023.10.24,13,247.107439,0.02658
2023.10.24,14,249.581274,0.083523
2023.10.24,15,210.56889,0.022996
2023.10.24,16,126.375937,0.175472
2023.10.24,17,52.01389,0.627359
2023.10.24,18,11.396535,0.34278
2023.10.24,19,2.966839,0.0516
2023.10.24,20,7.312703,0.05442
2023.10.24,21,5.922853,0.01632
2023.10.24,22,3.603997,0.042
2023.10.24,23,1.370044,0
2023.10.24,24,0.152268,0.046896
2023.10.25,1,0.000324,1.41704
2023.10.25,2,0.000892,1.568632
2023.10.25,3,0.000312,1.37448
2023.10.25,4,0.0005,0.52896
2023.10.25,5,0.000472,0.794808
2023.10.25,6,0.0004,4.509464
2023.10.25,7,0.357842,2.1216
2023.10.25,8,27.940967,0.4992
2023.10.25,9,117.347975,0.09036
2023.10.25,10,196.993287,0.356288
2023.10.25,11,243.916271,1.140624
2023.10.25,12,270.703844,0.994104
2023.10.25,13,281.594538,2.27844
2023.10.25,14,253.968423,5.298082
2023.10.25,15,206.653742,3.698481
2023.10.25,16,142.559707,1.283143
2023.10.25,17,70.113493,0.221916
2023.10.25,18,12.293924,0.086122
2023.10.25,19,3.093452,3.336585
2023.10.25,20,7.758136,9.158051
2023.10.25,21,6.627273,2.448587
2023.10.25,22,4.225725,0.844262
2023.10.25,23,1.959714,0.694571
2023.10.25,24,0.5027,0.755722
2023.10.26,1,0.0004,0.665138
2023.10.26,2,0.001216,1.450323
2023.10.26,3,0.000524,2.432638
2023.10.26,4,0.000544,6.225502
2023.10.26,5,0.00044,7.819788
2023.10.26,6,0.000456,11.642199
2023.10.26,7,0.24019,8.630063
2023.10.26,8,19.879317,8.288367
2023.10.26,9,97.248136,4.556292
2023.10.26,10,159.641349,0.605612
2023.10.26,11,230.660796,3.389204
2023.10.26,12,266.017983,4.550543
2023.10.26,13,251.43905,6.11232
2023.10.26,14,209.242261,10.335536
2023.10.26,15,198.098548,9.760776
2023.10.26,16,154.261728,10.813495
2023.10.26,17,75.713781,16.709732
2023.10.26,18,12.110092,16.446922
2023.10.26,19,3.094178,25.184547
2023.10.26,20,7.780576,40.903759
2023.10.26,21,6.282709,51.576807
2023.10.26,22,4.214158,50.264535
2023.10.26,23,1.928718,47.399008
2023.10.26,24,0.233628,35.590552
2023.10.27,1,0.000408,30.85706
2023.10.27,2,0.001404,30.987287
2023.10.27,3,0.000392,43.903727
2023.10.27,4,0.0004,77.399246
2023.10.27,5,0.000668,120.578048
2023.10.27,6,0.000432,130.391621
2023.10.27,7,0.227108,121.505641
2023.10.27,8,25.263771,108.839228
2023.10.27,9,114.297427,113.093541
2023.10.27,10,207.05561,120.704643
2023.10.27,11,275.726784,44.545086
2023.10.27,12,296.771088,13.208791
2023.10.27,13,280.478225,14.454489
2023.10.27,14,273.566272,13.678153
2023.10.27,15,262.296499,26.081374
2023.10.27,16,200.883625,99.461227
2023.10.27,17,97.274116,186.53517
2023.10.27,18,12.548871,176.088505
2023.10.27,19,2.949786,189.11416
2023.10.27,20,7.414024,158.687198
2023.10.27,21,6.092221,115.219677
2023.10.27,22,4.243416,101.982726
2023.10.27,23,1.951446,96.709204
2023.10.27,24,0.470924,85.090847
2023.10.28,1,0.000288,60.411468
2023.10.28,2,0.001476,61.578171
2023.10.28,3,0.00052,60.368143
2023.10.28,4,0.000388,43.666959
2023.10.28,5,0.000416,46.941015
2023.10.28,6,0.00042,58.791446
2023.10.28,7,0.254799,62.886946
2023.10.28,8,25.840167,40.944768
2023.10.28,9,116.38688,33.073718
2023.10.28,10,206.544419,23.507519
2023.10.28,11,268.459747,3.092764
2023.10.28,12,282.262313,1.857963
2023.10.28,13,273.315565,2.648339
2023.10.28,14,257.488119,3.951565
2023.10.28,15,238.487349,7.076387
2023.10.28,16,180.130975,17.346164
2023.10.28,17,81.895528,18.230882
2023.10.28,18,9.641722,26.984338
2023.10.28,19,2.877778,55.518011
2023.10.28,20,7.308484,61.487903
2023.10.28,21,5.929253,54.545421
2023.10.28,22,4.163686,41.490061
2023.10.28,23,1.957528,35.687601
2023.10.28,24,0.473512,22.066654
2023.10.29,1,0.000268,13.824452
2023.10.29,2,0.001312,8.677722
2023.10.29,3,0.000384,5.257758
2023.10.29,4,0.0004,3.406283
2023.10.29,5,0.000384,0.663316
2023.10.29,6,0.000296,8.343474
2023.10.29,7,0.165197,1.330384
2023.10.29,8,25.072276,0.4296
2023.10.29,9,119.364247,0.5004
2023.10.29,10,208.541573,0.142476
2023.10.29,11,258.496135,0.050812
2023.10.29,12,261.958711,0.29844
2023.10.29,13,247.808007,1.105075
2023.10.29,14,231.380091,1.777125
2023.10.29,15,180.309103,2.11893
2023.10.29,16,116.318717,2.127151
2023.10.29,17,59.358954,0.711198
2023.10.29,18,9.78478,0.284312
2023.10.29,19,2.877024,1.936017
2023.10.29,20,7.151096,0.944041
2023.10.29,21,5.881561,1.513605
2023.10.29,22,4.126462,1.87008
2023.10.29,23,1.948384,0.317444
2023.10.29,24,0.460376,0
2023.10.30,1,0.000336,0
2023.10.30,2,0.0014,0.083465
2023.10.30,3,0.000416,0.370531
2023.10.30,4,0.00044,0.384193
2023.10.30,5,0.000636,0.351014
2023.10.30,6,0.000376,0.000482
2023.10.30,7,0.134443,0.00096
2023.10.30,8,21.0086,0.00288
2023.10.30,9,112.844274,0.011891
2023.10.30,10,191.555111,0.04914
2023.10.30,11,225.731619,1.338013
2023.10.30,12,251.670057,2.625221
2023.10.30,13,243.166352,4.407546
2023.10.30,14,207.169377,3.848009
2023.10.30,15,176.042558,1.991231
2023.10.30,16,128.605197,2.183616
2023.10.30,17,63.124789,1.573683
2023.10.30,18,9.617386,1.557078
2023.10.30,19,2.601638,4.095856
2023.10.30,20,5.665898,0.75786
2023.10.30,21,5.461225,0.20176
2023.10.30,22,3.501933,0.04104
2023.10.30,23,1.853715,0.03042
2023.10.30,24,0.549576,0.488551
2023.10.31,1,0.000256,4.524485
2023.10.31,2,0.001356,4.752288
2023.10.31,3,0.000332,3.246125
2023.10.31,4,0.000456,1.944604
2023.10.31,5,0.000636,1.756336
2023.10.31,6,0.0004,1.712643
2023.10.31,7,0.242766,0.294392
2023.10.31,8,24.053469,0.100625
2023.10.31,9,120.12288,0.003661
2023.10.31,10,210.244869,0.0117
2023.10.31,11,265.247871,0.026426
2023.10.31,12,295.325324,0.031389
2023.10.31,13,295.796873,0.252082
2023.10.31,14,280.472315,1.743961
2023.10.31,15,231.360569,2.259164
2023.10.31,16,166.866475,1.222575
2023.10.31,17,75.684756,0.280474
2023.10.31,18,9.993384,0.240819
2023.10.31,19,4.538636,0.135239
2023.10.31,20,7.811049,0.01824
2023.10.31,21,6.734614,0.299282
2023.10.31,22,4.373246,2.531921
2023.10.31,23,0.927343,5.610669
2023.10.31,24,0.000544,7.318091
2023.11.1,1,0.000288,6.869812
2023.11.1,2,0.001348,8.955056
2023.11.1,3,0.000448,5.098096
2023.11.1,4,0.000584,2.718953
2023.11.1,5,0.000592,5.963231
2023.11.1,6,0.0004,14.580839
2023.11.1,7,0.186257,9.227255
2023.11.1,8,21.373433,5.846872
2023.11.1,9,109.7297,4.948473
2023.11.1,10,195.400712,6.845155
2023.11.1,11,255.924715,6.030454
2023.11.1,12,281.110948,10.735548
2023.11.1,13,289.034275,19.437529
2023.11.1,14,276.321995,15.406356
2023.11.1,15,234.852877,15.936115
2023.11.1,16,159.652534,20.234203
2023.11.1,17,70.968891,18.856716
2023.11.1,18,8.771193,16.102513
2023.11.1,19,4.44402,32.166374
2023.11.1,20,7.805089,25.520154
2023.11.1,21,6.649537,24.648805
2023.11.1,22,4.170293,32.510656
2023.11.1,23,0.874687,41.595342
2023.11.1,24,0.000512,44.730673
2023.11.2,1,0.000436,33.366917
2023.11.2,2,0.05958,25.188825
2023.11.2,3,0.061404,21.566252
2023.11.2,4,0.04726,28.015504
2023.11.2,5,0.00028,36.226884
2023.11.2,6,0.000376,20.329225
2023.11.2,7,0.188306,5.81068
2023.11.2,8,21.152978,15.134606
2023.11.2,9,111.174062,17.485897
2023.11.2,10,200.302883,15.927075
2023.11.2,11,258.227912,14.967391
2023.11.2,12,291.427442,13.047232
2023.11.2,13,301.165938,16.341248
2023.11.2,14,287.54597,21.421771
2023.11.2,15,245.77066,23.789413
2023.11.2,16,174.965262,24.897487
2023.11.2,17,73.875326,25.09155
2023.11.2,18,8.427304,29.88788
2023.11.2,19,4.52886,45.583747
2023.11.2,20,7.840924,48.753882
2023.11.2,21,6.716439,49.097698
2023.11.2,22,4.223444,56.101037
2023.11.2,23,0.875151,78.034865
2023.11.2,24,0.000468,75.634356
2023.11.3,1,0.0004,61.495021
2023.11.3,2,0.059576,64.15734
2023.11.3,3,0.061312,61.145271
2023.11.3,4,0.061252,55.937251
2023.11.3,5,0.014108,37.366544
2023.11.3,6,0.00048,39.630958
2023.11.3,7,0.152845,26.534337
2023.11.3,8,18.588104,22.602476
2023.11.3,9,109.248744,11.177212
2023.11.3,10,191.047228,14.614734
2023.11.3,11,233.915305,19.941753
2023.11.3,12,251.382491,18.174137
2023.11.3,13,246.255656,20.425078
2023.11.3,14,215.181171,24.017427
2023.11.3,15,183.453354,21.936271
2023.11.3,16,124.923745,15.988462
2023.11.3,17,47.74365,10.914663
2023.11.3,18,7.999791,5.120965
2023.11.3,19,4.433008,12.38537
2023.11.3,20,7.71527,10.171142
2023.11.3,21,6.651237,3.500016
2023.11.3,22,4.237856,3.187072
2023.11.3,23,0.885934,7.931519
2023.11.3,24,0.0004,14.608305
2023.11.4,1,0.000384,12.683055
2023.11.4,2,0.060032,13.047603
2023.11.4,3,0.061252,8.973777
2023.11.4,4,0.041272,4.999048
2023.11.4,5,0.000588,2.41968
2023.11.4,6,0.000512,6.095242
2023.11.4,7,0.099125,2.757171
2023.11.4,8,16.58306,0.74808
2023.11.4,9,101.854426,0.188831
2023.11.4,10,155.678495,0.936494
2023.11.4,11,178.028525,6.151754
2023.11.4,12,149.831525,10.905661
2023.11.4,13,130.940548,14.623686
2023.11.4,14,124.557656,8.543249
2023.11.4,15,123.692181,6.704537
2023.11.4,16,91.775162,11.218712
2023.11.4,17,48.754047,12.830283
2023.11.4,18,4.985108,14.598937
2023.11.4,19,4.278328,28.175209
2023.11.4,20,6.803132,37.28214
2023.11.4,21,5.102215,32.168634
2023.11.4,22,0.607892,26.704585
2023.11.4,23,0.001584,26.927436
2023.11.4,24,0.000536,32.943185
2023.11.5,1,0.00052,40.185325
2023.11.5,2,0.034252,38.665527
2023.11.5,3,0.000432,48.647833
2023.11.5,4,0.00044,70.802056
2023.11.5,5,0.000432,68.582762
2023.11.5,6,0.00048,93.664527
2023.11.5,7,0.048517,84.091258
2023.11.5,8,4.196462,69.27958
2023.11.5,9,18.583009,72.490831
2023.11.5,10,29.407782,76.155364
2023.11.5,11,61.429588,101.267779
2023.11.5,12,51.978686,106.569643
2023.11.5,13,93.972532,78.704438
2023.11.5,14,98.415468,117.974219
2023.11.5,15,65.905522,158.275477
2023.11.5,16,57.256485,166.766527
2023.11.5,17,21.93443,162.433428
2023.11.5,18,3.577074,141.486311
2023.11.5,19,3.686336,188.703943
2023.11.5,20,3.417236,193.417169
2023.11.5,21,0.800136,176.805749
2023.11.5,22,0.39616,194.066945
2023.11.5,23,0.005048,203.306604
2023.11.5,24,0.000352,188.171642
2023.11.6,1,0.000304,169.180309
2023.11.6,2,0.000344,170.934496
2023.11.6,3,0.000288,161.703918
2023.11.6,4,0.000288,186.624715
2023.11.6,5,0.000416,149.005289
2023.11.6,6,0.00044,127.69962
2023.11.6,7,0.013768,104.73756
2023.11.6,8,1.323528,130.644876
2023.11.6,9,18.362424,165.999443
2023.11.6,10,44.443616,184.483205
2023.11.6,11,42.815843,167.689913
2023.11.6,12,33.651218,146.316493
2023.11.6,13,56.892913,143.719401
2023.11.6,14,69.995271,138.344396
2023.11.6,15,60.931679,155.196407
2023.11.6,16,41.084605,168.85581
2023.11.6,17,34.748676,156.95683
2023.11.6,18,4.580058,162.436698
2023.11.6,19,1.339348,180.325005
2023.11.6,20,1.14406,178.093787
2023.11.6,21,0.100216,170.626226
2023.11.6,22,0.003672,159.381379
2023.11.6,23,0.000248,145.050687
2023.11.6,24,0.00024,144.846303
2023.11.7,1,0.000256,132.402636
2023.11.7,2,0.037992,106.143984
2023.11.7,3,0.00032,113.311863
2023.11.7,4,0.00036,127.049113
2023.11.7,5,0.000376,154.026355
2023.11.7,6,0.000384,171.993617
2023.11.7,7,0.040777,164.162794
2023.11.7,8,9.074791,155.642371
2023.11.7,9,90.209934,151.808041
2023.11.7,10,190.814267,140.870454
2023.11.7,11,231.851645,124.439139
2023.11.7,12,243.736671,107.201714
2023.11.7,13,224.490608,117.116855
2023.11.7,14,215.813378,111.519011
2023.11.7,15,189.405769,102.397065
2023.11.7,16,127.613751,94.369813
2023.11.7,17,51.606395,83.853523
2023.11.7,18,5.74113,61.83499
2023.11.7,19,4.523456,81.688113
2023.11.7,20,7.627966,66.351264
2023.11.7,21,4.98021,56.162053
2023.11.7,22,1.804648,64.292361
2023.11.7,23,0.197328,57.934442
2023.11.7,24,0.000296,47.630292
2023.11.8,1,0.000336,48.683163
2023.11.8,2,0.04936,48.978386
2023.11.8,3,0.06144,48.77966
2023.11.8,4,0.061208,26.983448
2023.11.8,5,0.004996,21.318715
2023.11.8,6,0.000168,42.536234
2023.11.8,7,0.113566,35.049362
2023.11.8,8,13.026068,18.190946
2023.11.8,9,70.624114,5.037754
2023.11.8,10,139.465355,4.80376
2023.11.8,11,207.390736,4.069552
2023.11.8,12,261.572595,4.14534
2023.11.8,13,266.60528,5.460549
2023.11.8,14,247.304762,5.44797
2023.11.8,15,207.085368,8.173438
2023.11.8,16,144.08473,7.474307
2023.11.8,17,58.893399,4.86684
2023.11.8,18,6.501191,4.750491
2023.11.8,19,4.329976,13.953895
2023.11.8,20,7.735262,7.818392
2023.11.8,21,6.210774,7.654329
2023.11.8,22,3.489293,10.310075
2023.11.8,23,0.369238,6.201084
2023.11.8,24,0.000368,7.518292
2023.11.9,1,0.000392,5.269511
2023.11.9,2,0.059452,7.564582
2023.11.9,3,0.061424,10.872145
2023.11.9,4,0.061348,14.732863
2023.11.9,5,0.002888,15.184608
2023.11.9,6,0.000312,20.281422
2023.11.9,7,0.087523,21.298885
2023.11.9,8,13.286353,13.597246
2023.11.9,9,75.511242,8.064736
2023.11.9,10,134.890687,8.151032
2023.11.9,11,165.787052,12.573458
2023.11.9,12,163.269102,14.266855
2023.11.9,13,106.8309,16.582027
2023.11.9,14,61.864024,12.459265
2023.11.9,15,45.244744,7.948544
2023.11.9,16,38.767541,5.785708
2023.11.9,17,12.531808,11.802855
2023.11.9,18,2.777938,23.733058
2023.11.9,19,2.87128,44.074249
2023.11.9,20,3.018458,37.396138
2023.11.9,21,0.741993,31.283622
2023.11.9,22,0.057696,35.015401
2023.11.9,23,0.010528,12.331211
2023.11.9,24,0.000392,13.658936
2023.11.10,1,0.0004,5.355459
2023.11.10,2,0.045968,0.40665
2023.11.10,3,0.000408,20.359841
2023.11.10,4,0.000272,95.303935
2023.11.10,5,0.000256,167.050194
2023.11.10,6,0.000248,204.078325
2023.11.10,7,0.008888,204.79225
2023.11.10,8,1.653157,188.872745
2023.11.10,9,21.923521,213.182162
2023.11.10,10,58.629825,220.887073
2023.11.10,11,75.094671,221.410959
2023.11.10,12,129.758302,198.395822
2023.11.10,13,191.419963,100.460104
2023.11.10,14,161.35187,168.349746
2023.11.10,15,157.481329,168.836088
2023.11.10,16,109.492353,191.62219
2023.11.10,17,36.696383,215.928772
2023.11.10,18,4.078841,205.600929
2023.11.10,19,4.566852,211.290927
2023.11.10,20,6.478821,201.389554
2023.11.10,21,4.120211,206.599262
2023.11.10,22,0.563328,196.665114
2023.11.10,23,0.011172,197.00673
2023.11.10,24,0.000368,170.79774
2023.11.11,1,0.00036,160.272379
2023.11.11,2,0.059592,173.59365
2023.11.11,3,0.058432,157.343081
2023.11.11,4,0.00028,153.419405
2023.11.11,5,0.000184,150.921809
2023.11.11,6,0.000168,127.538112
2023.11.11,7,0.066938,112.5233
2023.11.11,8,10.826905,119.365185
2023.11.11,9,74.448191,123.979685
2023.11.11,10,189.133001,121.353263
2023.11.11,11,260.893024,85.142365
2023.11.11,12,284.212931,45.485089
2023.11.11,13,264.712527,55.617451
2023.11.11,14,244.71717,99.304998
2023.11.11,15,145.574755,183.638964
2023.11.11,16,95.47129,181.894188
2023.11.11,17,34.304766,168.627756
2023.11.11,18,4.839161,173.885977
2023.11.11,19,4.33642,189.323537
2023.11.11,20,7.26633,184.283952
2023.11.11,21,6.397096,162.86572
2023.11.11,22,4.263747,162.896877
2023.11.11,23,0.921935,157.900265
2023.11.11,24,0.000296,170.133177
2023.11.12,1,0.000312,186.322728
2023.11.12,2,0.039228,179.490157
2023.11.12,3,0.000372,168.529989
2023.11.12,4,0.000336,175.266279
2023.11.12,5,0.000328,173.635067
2023.11.12,6,0.000376,172.468511
2023.11.12,7,0.012069,142.856404
2023.11.12,8,2.54328,123.392282
2023.11.12,9,22.379744,102.642595
2023.11.12,10,94.588112,87.517477
2023.11.12,11,104.218842,86.522449
2023.11.12,12,167.891641,71.126463
2023.11.12,13,174.038553,94.417852
2023.11.12,14,96.082788,112.704301
2023.11.12,15,61.218285,139.214003
2023.11.12,16,43.637996,143.478004
2023.11.12,17,18.080493,148.316956
2023.11.12,18,3.085031,163.786018
2023.11.12,19,3.13182,155.872885
2023.11.12,20,3.101602,156.056245
2023.11.12,21,0.292464,155.621448
2023.11.12,22,0.053528,137.322039
2023.11.12,23,0.012216,157.163653
2023.11.12,24,0.000336,160.127682
2023.11.13,1,0.000336,147.858056
2023.11.13,2,0.000288,136.394834
2023.11.13,3,0.000296,125.139049
2023.11.13,4,0.000224,140.188407
2023.11.13,5,0.000208,125.273417
2023.11.13,6,0.000184,145.670566
2023.11.13,7,0.073334,144.918714
2023.11.13,8,8.674665,158.738666
2023.11.13,9,61.841563,177.462948
2023.11.13,10,114.270752,178.989912
2023.11.13,11,153.331498,180.254464
2023.11.13,12,202.145162,192.403723
2023.11.13,13,179.708319,195.626678
2023.11.13,14,162.073969,183.245641
2023.11.13,15,119.754165,161.845444
2023.11.13,16,75.967615,141.072608
2023.11.13,17,31.39852,113.085833
2023.11.13,18,4.238584,115.951653
2023.11.13,19,3.254976,108.33358
2023.11.13,20,4.198949,118.051907
2023.11.13,21,1.534422,105.407032
2023.11.13,22,0.127176,95.308463
2023.11.13,23,0.0142,87.766635
2023.11.13,24,0.0004,87.045618
2023.11.14,1,0.000392,83.529921
2023.11.14,2,0.059088,84.298102
2023.11.14,3,0.061448,86.162055
2023.11.14,4,0.059528,83.258474
2023.11.14,5,0.000344,78.104084
2023.11.14,6,0.000344,85.282575
2023.11.14,7,0.048919,74.166364
2023.11.14,8,7.992918,67.735647
2023.11.14,9,57.021022,58.506894
2023.11.14,10,118.736916,62.925344
2023.11.14,11,169.912355,62.659414
2023.11.14,12,153.958545,49.407114
2023.11.14,13,136.330043,45.072872
2023.11.14,14,134.870342,61.430553
2023.11.14,15,104.483842,71.447773
2023.11.14,16,86.950979,88.606258
2023.11.14,17,36.050119,72.569124
2023.11.14,18,3.800213,76.628013
2023.11.14,19,4.243048,75.364354
2023.11.14,20,5.331544,64.951853
2023.11.14,21,2.893133,48.778177
2023.11.14,22,0.20818,31.63849
2023.11.14,23,0.00924,14.105167
2023.11.14,24,0.0002,8.51004
2023.11.15,1,0.000216,7.913377
2023.11.15,2,0.058872,9.644952
2023.11.15,3,0.06132,14.185029
2023.11.15,4,0.051968,24.259508
2023.11.15,5,0.000384,23.330555
2023.11.15,6,0.00036,30.658783
2023.11.15,7,0.054795,26.839735
2023.11.15,8,10.026634,27.025357
2023.11.15,9,72.245925,19.245388
2023.11.15,10,159.418803,17.550938
2023.11.15,11,226.097886,18.075008
2023.11.15,12,282.474755,17.691204
2023.11.15,13,264.203649,10.926371
2023.11.15,14,221.460856,11.772563
2023.11.15,15,213.844105,14.83647
2023.11.15,16,154.361904,14.490575
2023.11.15,17,57.083248,12.177092
2023.11.15,18,3.549409,19.345918
2023.11.15,19,3.874576,38.605915
2023.11.15,20,6.917103,33.90245
2023.11.15,21,6.329563,25.080996
2023.11.15,22,3.962628,8.284097
2023.11.15,23,1.014302,5.013746
2023.11.15,24,0.019392,2.349807
2023.11.16,1,0.000368,0.334772
2023.11.16,2,0.059588,0.042392
2023.11.16,3,0.061496,0.042168
2023.11.16,4,0.05824,0.960187
2023.11.16,5,0.000424,5.50504
2023.11.16,6,0.000216,4.22987
2023.11.16,7,0.008543,11.239383
2023.11.16,8,1.408622,30.350283
2023.11.16,9,15.331837,55.175469
2023.11.16,10,23.140793,41.719363
2023.11.16,11,45.367603,29.479842
2023.11.16,12,74.831454,45.206016
2023.11.16,13,36.678805,93.608311
2023.11.16,14,17.187284,138.792121
2023.11.16,15,14.731898,175.718006
2023.11.16,16,6.815238,208.950142
2023.11.16,17,2.147999,207.554705
2023.11.16,18,1.105692,187.038527
2023.11.16,19,1.33946,138.857083
2023.11.16,20,0.871063,155.497443
2023.11.16,21,0.007312,172.273654
2023.11.16,22,0.013328,157.551716
2023.11.16,23,0.00028,129.027469
2023.11.16,24,0.000344,115.093458
2023.11.17,1,0.000336,128.481404
2023.11.17,2,0.019016,149.915282
2023.11.17,3,0.000368,144.024456
2023.11.17,4,0.000352,196.363968
2023.11.17,5,0.000344,191.808442
2023.11.17,6,0.000344,161.586304
2023.11.17,7,0.030879,138.080305
2023.11.17,8,4.525427,119.56089
2023.11.17,9,38.564062,113.220569
2023.11.17,10,101.405816,148.180304
2023.11.17,11,164.468755,167.141874
2023.11.17,12,231.829607,131.530779
2023.11.17,13,154.98964,118.413936
2023.11.17,14,77.14876,154.148065
2023.11.17,15,91.228731,126.60708
2023.11.17,16,31.215417,181.973048
2023.11.17,17,15.560896,196.377752
2023.11.17,18,3.269627,203.282999
2023.11.17,19,3.599332,196.885169
2023.11.17,20,4.431387,186.225487
2023.11.17,21,1.026219,161.156194
2023.11.17,22,0.112376,190.335509
2023.11.17,23,0.013272,198.384426
2023.11.17,24,0.000248,189.719659
2023.11.18,1,0.000248,170.53237
2023.11.18,2,0.05896,167.812804
2023.11.18,3,0.041656,172.010176
2023.11.18,4,0.000184,175.121357
2023.11.18,5,0.000248,147.733164
2023.11.18,6,0.000264,155.176582
2023.11.18,7,0.024095,167.6209
2023.11.18,8,3.733743,187.946067
2023.11.18,9,47.986824,190.917047
2023.11.18,10,99.254502,191.644481
2023.11.18,11,102.473588,172.448858
2023.11.18,12,80.279134,153.83654
2023.11.18,13,89.063584,154.72654
2023.11.18,14,65.482335,143.050889
2023.11.18,15,62.538476,137.188239
2023.11.18,16,40.07764,123.353222
2023.11.18,17,20.776173,113.693405
2023.11.18,18,2.724563,113.792204
2023.11.18,19,1.518656,151.724647
2023.11.18,20,1.334305,163.470405
2023.11.18,21,0.061112,118.563834
2023.11.18,22,0.048224,75.36398
2023.11.18,23,0.000352,85.890827
2023.11.18,24,0.000336,73.798519
2023.11.19,1,0.000344,77.782544
2023.11.19,2,0.019576,67.879979
2023.11.19,3,0.000264,70.090293
2023.11.19,4,0.000224,64.503356
2023.11.19,5,0.000208,53.351086
2023.11.19,6,0.000176,72.730321
2023.11.19,7,0.067319,41.785018
2023.11.19,8,8.687436,39.793785
2023.11.19,9,69.953233,31.855798
2023.11.19,10,146.716444,44.520329
2023.11.19,11,213.846261,38.698879
2023.11.19,12,257.259863,44.321543
2023.11.19,13,280.848618,42.004368
2023.11.19,14,275.891247,56.59801
2023.11.19,15,243.285036,64.957103
2023.11.19,16,158.382698,74.623035
2023.11.19,17,52.032966,70.169264
2023.11.19,18,5.205745,62.56634
2023.11.19,19,4.519208,70.831186
2023.11.19,20,6.981189,79.442928
2023.11.19,21,5.77819,77.47302
2023.11.19,22,3.450211,67.578241
2023.11.19,23,0.37805,74.091993
2023.11.19,24,0.000304,77.127778
2023.11.20,1,0.000296,70.960778
2023.11.20,2,0.019776,58.95779
2023.11.20,3,0.000304,55.155143
2023.11.20,4,0.000312,52.200159
2023.11.20,5,0.000328,54.11117
2023.11.20,6,0.000352,70.670229
2023.11.20,7,0.063291,73.88024
2023.11.20,8,8.807597,92.281638
2023.11.20,9,85.655389,92.559233
2023.11.20,10,196.420231,77.463234
2023.11.20,11,268.703067,57.566416
2023.11.20,12,308.260455,44.94939
2023.11.20,13,316.990054,40.988832
2023.11.20,14,299.97231,39.852322
2023.11.20,15,253.310101,44.701484
2023.11.20,16,168.881316,40.221293
2023.11.20,17,56.074784,26.96715
2023.11.20,18,4.867509,25.582867
2023.11.20,19,4.567108,38.367514
2023.11.20,20,7.366812,29.384932
2023.11.20,21,6.300892,15.295392
2023.11.20,22,4.170571,5.595024
2023.11.20,23,0.963522,0.60678
2023.11.20,24,0.0004,0.245138
2023.11.21,1,0.000408,0.462
2023.11.21,2,0.05998,0.447284
2023.11.21,3,0.061472,0.62352
2023.11.21,4,0.044592,1.316807
2023.11.21,5,0.000468,0.896485
2023.11.21,6,0.000336,1.912001
2023.11.21,7,0.056213,1.188
2023.11.21,8,8.569381,1.4352
2023.11.21,9,75.775924,1.04874
2023.11.21,10,164.65201,1.19424
2023.11.21,11,228.312815,1.467596
2023.11.21,12,276.081945,0.740399
2023.11.21,13,276.440047,1.841124
2023.11.21,14,243.827051,2.319555
2023.11.21,15,200.718436,0.802176
2023.11.21,16,131.578432,0.682144
2023.11.21,17,45.761286,0.453536
2023.11.21,18,4.795851,1.104848
2023.11.21,19,4.48604,1.594888
2023.11.21,20,7.368943,1.3704
2023.11.21,21,6.058478,1.0824
2023.11.21,22,4.098421,2.417824
2023.11.21,23,0.938981,4.797573
2023.11.21,24,0.000488,3.976795
2023.11.22,1,0.000272,7.373216
2023.11.22,2,0.0595,11.688803
2023.11.22,3,0.061428,14.36054
2023.11.22,4,0.051224,12.2421
2023.11.22,5,0.000288,8.659831
2023.11.22,6,0.000304,14.08447
2023.11.22,7,0.028521,8.410555
2023.11.22,8,5.721902,5.273848
2023.11.22,9,63.225199,5.128598
2023.11.22,10,169.803031,6.054167
2023.11.22,11,227.126193,5.893418
2023.11.22,12,268.729358,8.851377
2023.11.22,13,287.485658,6.969543
2023.11.22,14,275.391999,2.493751
2023.11.22,15,228.942909,5.214826
2023.11.22,16,146.419243,8.721881
2023.11.22,17,41.477639,12.169744
2023.11.22,18,4.066836,17.000674
2023.11.22,19,4.410912,16.53961
2023.11.22,20,7.207162,17.46068
2023.11.22,21,6.270514,50.13339
2023.11.22,22,4.194758,71.408552
2023.11.22,23,0.664276,80.574349
2023.11.22,24,0.00062,101.465597
2023.11.23,1,0.000424,76.832338
2023.11.23,2,0.059496,87.064997
2023.11.23,3,0.06136,85.233278
2023.11.23,4,0.035496,71.043477
2023.11.23,5,0.000352,37.125458
2023.11.23,6,0.000352,40.697882
2023.11.23,7,0.049369,30.418854
2023.11.23,8,6.757934,27.43037
2023.11.23,9,39.078359,30.237597
2023.11.23,10,109.428581,17.929857
2023.11.23,11,189.139882,18.102628
2023.11.23,12,223.358396,14.993759
2023.11.23,13,208.951288,25.270805
2023.11.23,14,192.083764,29.534072
2023.11.23,15,180.295389,26.618765
2023.11.23,16,110.267977,61.732524
2023.11.23,17,32.410766,133.29497
2023.11.23,18,4.002109,204.963545
2023.11.23,19,4.534908,223.148734
2023.11.23,20,6.939645,173.17468
2023.11.23,21,5.401968,198.363957
2023.11.23,22,2.417376,238.047554
2023.11.23,23,0.319747,220.192572
2023.11.23,24,0.00048,227.142054
2023.11.24,1,0.000432,194.486168
2023.11.24,2,0.059392,199.742137
2023.11.24,3,0.050376,200.672565
2023.11.24,4,0.000432,201.644977
2023.11.24,5,0.00048,208.877271
2023.11.24,6,0.000392,224.315156
2023.11.24,7,0.009149,230.319218
2023.11.24,8,2.10837,232.768382
2023.11.24,9,24.516805,239.011043
2023.11.24,10,56.995657,243.862296
2023.11.24,11,89.73299,234.261671
2023.11.24,12,128.578461,204.498468
2023.11.24,13,119.594449,211.575435
2023.11.24,14,87.63209,217.540888
2023.11.24,15,69.662199,229.457777
2023.11.24,16,49.275705,225.079106
2023.11.24,17,18.551183,227.878751
2023.11.24,18,2.904819,227.804574
2023.11.24,19,2.756956,242.192044
2023.11.24,20,2.198315,230.192795
2023.11.24,21,0.196192,217.011758
2023.11.24,22,0.046736,197.31446
2023.11.24,23,0.00012,167.014712
2023.11.24,24,0.00012,169.835909
2023.11.25,1,0.000144,172.369264
2023.11.25,2,0.058872,178.870119
2023.11.25,3,0.007984,184.055608
2023.11.25,4,0.000312,167.021695
2023.11.25,5,0.000312,181.068331
2023.11.25,6,0.00032,199.44816
2023.11.25,7,0.043532,188.941075
2023.11.25,8,6.106108,177.477483
2023.11.25,9,61.732448,142.982781
2023.11.25,10,130.839236,127.934082
2023.11.25,11,200.405819,111.344008
2023.11.25,12,264.038472,86.735851
2023.11.25,13,261.365059,67.802631
2023.11.25,14,228.528795,57.550316
2023.11.25,15,160.162416,42.43841
2023.11.25,16,104.544531,34.360321
2023.11.25,17,37.261202,27.025453
2023.11.25,18,3.855482,22.956188
2023.11.25,19,4.513688,34.350511
2023.11.25,20,6.553718,26.579492
2023.11.25,21,4.556064,18.480835
2023.11.25,22,2.289336,10.560599
2023.11.25,23,0.244508,7.758867
2023.11.25,24,0.000432,5.287864
2023.11.26,1,0.000376,2.53466
2023.11.26,2,0.00048,2.714352
2023.11.26,3,0.000368,2.467228
2023.11.26,4,0.00032,4.158249
2023.11.26,5,0.000344,10.438098
2023.11.26,6,0.0004,19.260364
2023.11.26,7,0.032668,12.87127
2023.11.26,8,5.075262,26.366673
2023.11.26,9,64.750099,20.354512
2023.11.26,10,167.412033,11.30852
2023.11.26,11,236.202828,3.584827
2023.11.26,12,269.334892,1.675924
2023.11.26,13,273.975678,2.3372
2023.11.26,14,242.059449,2.182002
2023.11.26,15,183.501138,1.4547
2023.11.26,16,129.340701,0.819568
2023.11.26,17,44.297027,0.52974
2023.11.26,18,4.678203,0.5268
2023.11.26,19,4.523704,0.40752
2023.11.26,20,7.261843,5.842571
2023.11.26,21,6.34124,12.94135
2023.11.26,22,4.211472,13.897318
2023.11.26,23,0.859658,16.94883
2023.11.26,24,0.00036,21.853949
2023.11.27,1,0.000408,19.782737
2023.11.27,2,0.036472,26.69926
2023.11.27,3,0.000308,27.758601
2023.11.27,4,0.000344,16.027092
2023.11.27,5,0.000256,7.653303
2023.11.27,6,0.000304,21.931907
2023.11.27,7,0.007137,28.802661
2023.11.27,8,0.81527,32.984729
2023.11.27,9,14.468356,48.140272
2023.11.27,10,29.479516,48.233467
2023.11.27,11,45.770288,60.966261
2023.11.27,12,152.050918,78.823435
2023.11.27,13,191.687752,94.253081
2023.11.27,14,196.080218,117.608249
2023.11.27,15,163.269716,159.110457
2023.11.27,16,98.141773,153.046802
2023.11.27,17,28.649877,148.00671
2023.11.27,18,2.94589,146.984241
2023.11.27,19,3.878784,133.916796
2023.11.27,20,5.581376,101.143894
2023.11.27,21,1.151243,93.978884
2023.11.27,22,0.10708,97.779403
2023.11.27,23,0.0005,83.413527
2023.11.27,24,0.000296,85.129563
2023.11.28,1,0.000208,81.1418
2023.11.28,2,0.058904,98.920673
2023.11.28,3,0.027824,106.645341
2023.11.28,4,0.00024,45.124995
2023.11.28,5,0.000248,47.155679
2023.11.28,6,0.00028,76.294336
2023.11.28,7,0.026146,94.494196
2023.11.28,8,3.977744,100.716678
2023.11.28,9,38.308683,64.704772
2023.11.28,10,86.529523,54.763712
2023.11.28,11,114.329683,67.39142
2023.11.28,12,131.959169,72.514619
2023.11.28,13,142.280356,121.256145
2023.11.28,14,150.24125,139.637854
2023.11.28,15,154.56725,139.47617
2023.11.28,16,118.730109,127.764633
2023.11.28,17,42.411655,92.459828
2023.11.28,18,4.359884,74.361049
2023.11.28,19,3.951972,54.949181
2023.11.28,20,4.326524,55.184431
2023.11.28,21,2.09016,31.311772
2023.11.28,22,0.350876,22.043529
2023.11.28,23,0.000408,19.635235
2023.11.28,24,0.000328,33.244961
2023.11.29,1,0.00024,18.134162
2023.11.29,2,0.058896,22.753342
2023.11.29,3,0.061368,17.102374
2023.11.29,4,0.004536,18.519464
2023.11.29,5,0.000264,27.946548
2023.11.29,6,0.000256,26.535218
2023.11.29,7,0.029689,17.509955
2023.11.29,8,4.8298,12.755868
2023.11.29,9,52.192538,11.27794
2023.11.29,10,119.842488,10.37972
2023.11.29,11,108.4007,6.304016
2023.11.29,12,183.99198,2.272914
2023.11.29,13,182.693645,4.99639
2023.11.29,14,149.576505,5.357
2023.11.29,15,85.262923,13.972655
2023.11.29,16,41.519193,18.004401
2023.11.29,17,16.337182,8.130988
2023.11.29,18,2.467377,29.569815
2023.11.29,19,4.331372,66.1865
2023.11.29,20,6.002504,115.545227
2023.11.29,21,3.52518,158.491946
2023.11.29,22,0.636912,196.096376
2023.11.29,23,0.170496,206.690312
2023.11.29,24,0.001456,209.602575
2023.11.30,1,0.000416,216.661869
2023.11.30,2,0.059024,224.252864
2023.11.30,3,0.02716,188.22449
2023.11.30,4,0.000376,203.572689
2023.11.30,5,0.000368,206.536012
2023.11.30,6,0.0004,222.868327
2023.11.30,7,0.003732,238.378168
2023.11.30,8,0.551025,228.325772
2023.11.30,9,12.967505,200.484084
2023.11.30,10,25.166409,191.477609
2023.11.30,11,30.138901,164.839915
2023.11.30,12,41.039021,138.155186
2023.11.30,13,56.316071,119.016756
2023.11.30,14,44.964042,127.552871
2023.11.30,15,34.283066,149.346755
2023.11.30,16,33.18743,176.683097
2023.11.30,17,18.976614,197.212152
2023.11.30,18,2.014221,182.201483
2023.11.30,19,1.816308,180.058081
2023.11.30,20,0.675648,137.929568
2023.11.30,21,0.035584,104.84063
2023.11.30,22,0.014848,71.160317
2023.11.30,23,0.000376,66.837191
2023.11.30,24,0.000376,68.710004
2023.12.1,1,0.0004,49.429993
2023.12.1,2,0.057712,38.986915
2023.12.1,3,0.000376,37.802229
2023.12.1,4,0.000384,53.03516
2023.12.1,5,0.000264,51.244223
2023.12.1,6,0.000208,77.507024
2023.12.1,7,0.000192,69.640787
2023.12.1,8,1.746946,102.911537
2023.12.1,9,10.695333,136.35604
2023.12.1,10,18.761737,155.353328
2023.12.1,11,43.263094,149.038125
2023.12.1,12,46.049815,137.202172
2023.12.1,13,52.856131,145.795438
2023.12.1,14,38.165245,171.013657
2023.12.1,15,16.932565,171.214956
2023.12.1,16,18.848379,161.82495
2023.12.1,17,9.149838,160.101343
2023.12.1,18,0.812115,155.754967
2023.12.1,19,0.737164,192.501066
2023.12.1,20,0.388185,181.363119
2023.12.1,21,0.018384,139.867787
2023.12.1,22,0.000376,113.219267
2023.12.1,23,0.000392,106.020039
2023.12.1,24,0.000392,97.803188
2023.12.2,1,0.000352,68.953782
2023.12.2,2,0.000344,57.415158
2023.12.2,3,0.000384,51.308163
2023.12.2,4,0.000384,36.096293
2023.12.2,5,0.000384,20.765959
2023.12.2,6,0.000376,26.528072
2023.12.2,7,0.000336,16.574257
2023.12.2,8,1.576067,15.683403
2023.12.2,9,32.010849,1.912776
2023.12.2,10,73.16792,4.516804
2023.12.2,11,91.447371,5.81297
2023.12.2,12,121.940765,7.131484
2023.12.2,13,121.744318,12.772582
2023.12.2,14,71.922057,11.724644
2023.12.2,15,54.648981,8.964216
2023.12.2,16,32.804735,7.92637
2023.12.2,17,13.742457,7.522349
2023.12.2,18,1.564374,11.439685
2023.12.2,19,1.947543,28.680292
2023.12.2,20,2.788077,35.909097
2023.12.2,21,0.664405,42.618966
2023.12.2,22,0.000432,43.779804
2023.12.2,23,0.000464,52.324181
2023.12.2,24,0.000448,47.522545
2023.12.3,1,0.00048,49.95526
2023.12.3,2,0.000464,37.119684
2023.12.3,3,0.00044,35.064706
2023.12.3,4,0.000312,46.497206
2023.12.3,5,0.000272,60.734891
2023.12.3,6,0.000264,73.532547
2023.12.3,7,0.000232,67.658167
2023.12.3,8,1.375201,40.989201
2023.12.3,9,12.981266,40.259003
2023.12.3,10,30.570348,33.36834
2023.12.3,11,110.576528,27.496739
2023.12.3,12,207.67451,43.972502
2023.12.3,13,243.114978,41.315701
2023.12.3,14,233.458961,44.569503
2023.12.3,15,181.047882,46.463112
2023.12.3,16,117.067183,56.686439
2023.12.3,17,39.362609,58.15703
2023.12.3,18,4.337474,59.48685
2023.12.3,19,4.718251,65.699247
2023.12.3,20,5.968877,69.685017
2023.12.3,21,4.206178,61.230563
2023.12.3,22,2.074628,55.362193
2023.12.3,23,0.323624,51.31819
2023.12.3,24,0.000304,51.347999
2023.12.4,1,0.00032,32.618011
2023.12.4,2,0.000328,28.655344
2023.12.4,3,0.000384,37.481057
2023.12.4,4,0.000272,40.735321
2023.12.4,5,0.000192,45.911625
2023.12.4,6,0.000176,48.205688
2023.12.4,7,0.00016,28.423906
2023.12.4,8,3.693964,16.234307
2023.12.4,9,53.064592,14.525167
2023.12.4,10,154.912019,5.233994
2023.12.4,11,230.715108,3.253783
2023.12.4,12,256.773926,4.434053
2023.12.4,13,235.264045,8.561126
2023.12.4,14,175.44051,7.347034
2023.12.4,15,129.902067,2.894884
2023.12.4,16,78.857031,3.060329
2023.12.4,17,30.761956,2.547312
2023.12.4,18,3.690972,2.681944
2023.12.4,19,4.688379,5.385317
2023.12.4,20,7.195904,1.90988
2023.12.4,21,5.805393,1.789116
2023.12.4,22,2.905435,1.7181
2023.12.4,23,0.2603,4.19486
2023.12.4,24,0.000312,17.370097
2023.12.5,1,0.00036,11.255675
2023.12.5,2,0.000376,19.092952
2023.12.5,3,0.000384,16.344522
2023.12.5,4,0.000336,14.936467
2023.12.5,5,0.000336,22.043427
2023.12.5,6,0.000336,36.262093
2023.12.5,7,0.000344,42.340686
2023.12.5,8,1.565667,52.497992
2023.12.5,9,49.66064,42.442501
2023.12.5,10,159.463853,27.793351
2023.12.5,11,239.858326,31.773966
2023.12.5,12,283.525561,27.260419
2023.12.5,13,294.899558,12.935652
2023.12.5,14,273.164186,8.586321
2023.12.5,15,226.508832,10.719497
2023.12.5,16,135.37317,15.164674
2023.12.5,17,41.158987,10.430303
2023.12.5,18,4.16783,21.369088
2023.12.5,19,4.657372,39.623891
2023.12.5,20,7.592181,37.225255
2023.12.5,21,6.702885,24.696717
2023.12.5,22,4.155599,6.677453
2023.12.5,23,0.827639,2.256108
2023.12.5,24,0.000208,4.342061
2023.12.6,1,0.00024,3.404384
2023.12.6,2,0.0002,4.125971
2023.12.6,3,0.000224,0.785849
2023.12.6,4,0.000416,0.225621
2023.12.6,5,0.000384,5.781796
2023.12.6,6,0.000376,5.437815
2023.12.6,7,0.000384,12.973229
2023.12.6,8,1.779107,10.95623
2023.12.6,9,30.905962,6.37067
2023.12.6,10,112.995609,25.662395
2023.12.6,11,174.360062,66.485719
2023.12.6,12,156.73587,100.694465
2023.12.6,13,208.637606,98.315058
2023.12.6,14,151.515753,108.092899
2023.12.6,15,91.544305,102.19506
2023.12.6,16,46.87821,109.328449
2023.12.6,17,23.466616,128.638648
2023.12.6,18,3.16106,139.88202
2023.12.6,19,4.529155,162.740119
2023.12.6,20,5.655381,224.454874
2023.12.6,21,3.708129,236.570466
2023.12.6,22,1.03268,190.581044
2023.12.6,23,0.007968,176.487928
2023.12.6,24,0.00056,160.861182
2023.12.7,1,0.000424,160.845855
2023.12.7,2,0.000472,164.953959
2023.12.7,3,0.000376,178.218516
2023.12.7,4,0.000392,169.673018
2023.12.7,5,0.000408,180.570353
2023.12.7,6,0.000416,172.164221
2023.12.7,7,0.00036,155.968628
2023.12.7,8,3.323781,114.622117
2023.12.7,9,52.372129,63.09403
2023.12.7,10,157.021603,37.855829
2023.12.7,11,238.084039,23.964578
2023.12.7,12,280.730928,12.360546
2023.12.7,13,289.61193,10.474078
2023.12.7,14,268.356755,10.475797
2023.12.7,15,217.863164,9.182056
2023.12.7,16,134.796036,4.364241
2023.12.7,17,40.370976,2.665234
2023.12.7,18,4.320263,4.090202
2023.12.7,19,4.626759,11.707887
2023.12.7,20,7.127445,21.669144
2023.12.7,21,6.147269,30.616554
2023.12.7,22,3.873832,36.510299
2023.12.7,23,0.653292,59.330457
2023.12.7,24,0.000256,96.251198
2023.12.8,1,0.00028,102.874234
2023.12.8,2,0.000408,113.887952
2023.12.8,3,0.000296,113.056669
2023.12.8,4,0.00024,115.25299
2023.12.8,5,0.00046,129.771879
2023.12.8,6,0.000312,173.557571
2023.12.8,7,0.000264,166.430956
2023.12.8,8,2.362632,152.107451
2023.12.8,9,39.204582,132.358952
2023.12.8,10,121.512548,141.454212
2023.12.8,11,184.882995,159.179502
2023.12.8,12,228.308512,159.935159
2023.12.8,13,233.337118,160.054069
2023.12.8,14,227.157338,154.451235
2023.12.8,15,182.959461,184.66009
2023.12.8,16,112.199131,188.583035
2023.12.8,17,33.799322,162.674131
2023.12.8,18,3.801125,164.183115
2023.12.8,19,4.613708,180.356305
2023.12.8,20,6.951522,170.498309
2023.12.8,21,5.912533,166.236747
2023.12.8,22,3.424651,149.675458
2023.12.8,23,0.449461,152.313625
2023.12.8,24,0.000376,139.587764
2023.12.9,1,0.000384,112.165853
2023.12.9,2,0.001012,87.241353
2023.12.9,3,0.000432,58.682656
2023.12.9,4,0.00048,86.753923
2023.12.9,5,0.0004,70.281502
2023.12.9,6,0.000416,71.888992
2023.12.9,7,0.000384,28.015277
2023.12.9,8,1.539011,17.075706
2023.12.9,9,30.741101,24.490102
2023.12.9,10,81.588129,24.473311
2023.12.9,11,139.28728,26.121358
2023.12.9,12,142.147251,37.901614
2023.12.9,13,181.555037,40.642525
2023.12.9,14,167.430219,43.88526
2023.12.9,15,116.261821,42.048171
2023.12.9,16,76.36803,37.296019
2023.12.9,17,34.250961,16.790806
2023.12.9,18,4.575928,13.453585
2023.12.9,19,4.28518,33.978967
2023.12.9,20,5.437366,40.730015
2023.12.9,21,3.499174,30.557005
2023.12.9,22,0.739237,22.754573
2023.12.9,23,0.002472,31.473063
2023.12.9,24,0.00046,33.873
2023.12.10,1,0.00036,23.511162
2023.12.10,2,0.000608,22.370048
2023.12.10,3,0.000384,28.520222
2023.12.10,4,0.0004,25.236721
2023.12.10,5,0.000376,30.358508
2023.12.10,6,0.000384,39.460865
2023.12.10,7,0.000368,41.308618
2023.12.10,8,2.269817,36.386949
2023.12.10,9,38.232208,30.789477
2023.12.10,10,98.344269,12.730337
2023.12.10,11,132.071034,11.255335
2023.12.10,12,198.961866,10.934902
2023.12.10,13,196.14639,10.064386
2023.12.10,14,161.291261,18.822244
2023.12.10,15,109.601757,21.213564
2023.12.10,16,34.93501,16.677768
2023.12.10,17,9.2051,21.433522
2023.12.10,18,2.27693,42.099485
2023.12.10,19,4.450907,50.501343
2023.12.10,20,4.047099,41.675184
2023.12.10,21,2.453486,31.68108
2023.12.10,22,1.055072,38.983352
2023.12.10,23,0.742957,46.21927
2023.12.10,24,0.50712,36.422359
2023.12.11,1,0.026168,42.916704
2023.12.11,2,0.000224,39.644789
2023.12.11,3,0.000248,55.454749
2023.12.11,4,0.00024,77.582315
2023.12.11,5,0.000232,68.664298
2023.12.11,6,0.000248,109.541833
2023.12.11,7,0.000224,121.392244
2023.12.11,8,0.637478,130.972148
2023.12.11,9,8.374687,161.123911
2023.12.11,10,23.052515,163.579784
2023.12.11,11,35.888683,164.279767
2023.12.11,12,30.172691,153.202251
2023.12.11,13,15.493755,140.347973
2023.12.11,14,7.417768,103.578641
2023.12.11,15,14.113147,98.124747
2023.12.11,16,16.345353,112.27711
2023.12.11,17,12.506848,115.241103
2023.12.11,18,0.928984,118.9344
2023.12.11,19,0.698772,122.501407
2023.12.11,20,0.898108,139.036081
2023.12.11,21,0.027984,174.856584
2023.12.11,22,0.000224,219.164367
2023.12.11,23,0.000328,236.999874
2023.12.11,24,0.0004,231.080614
2023.12.12,1,0.000424,242.139507
2023.12.12,2,0.00036,242.484647
2023.12.12,3,0.000264,223.546592
2023.12.12,4,0.000256,203.138477
2023.12.12,5,0.000232,212.287915
2023.12.12,6,0.00028,209.768329
2023.12.12,7,0.000344,189.723911
2023.12.12,8,0.143353,159.157186
2023.12.12,9,5.964508,167.777342
2023.12.12,10,16.180209,147.367281
2023.12.12,11,53.058035,154.923757
2023.12.12,12,58.510016,171.238227
2023.12.12,13,68.709426,182.995273
2023.12.12,14,73.859652,189.058773
2023.12.12,15,57.061982,170.698724
2023.12.12,16,52.808353,157.440601
2023.12.12,17,21.088703,116.231324
2023.12.12,18,1.99645,92.232233
2023.12.12,19,1.039576,88.701566
2023.12.12,20,0.386224,65.621296
2023.12.12,21,0.02116,48.424006
2023.12.12,22,0.00036,40.949227
2023.12.12,23,0.000392,35.187284
2023.12.12,24,0.00036,33.560182
2023.12.13,1,0.000312,24.391001
2023.12.13,2,0.00044,28.021205
2023.12.13,3,0.00048,22.963644
2023.12.13,4,0.00036,25.171224
2023.12.13,5,0.000408,27.969024
2023.12.13,6,0.000368,33.017223
2023.12.13,7,0.000336,39.45661
2023.12.13,8,0.710584,30.1068
2023.12.13,9,16.605513,15.933309
2023.12.13,10,53.599061,17.158964
2023.12.13,11,73.697789,18.006206
2023.12.13,12,122.289057,29.891325
2023.12.13,13,175.223048,35.391546
2023.12.13,14,184.048531,42.835431
2023.12.13,15,142.230047,41.440742
2023.12.13,16,104.956113,55.45147
2023.12.13,17,23.747072,34.186027
2023.12.13,18,3.254321,42.30977
2023.12.13,19,4.022591,69.831001
2023.12.13,20,4.995961,68.61784
2023.12.13,21,2.715668,83.839031
2023.12.13,22,1.029736,75.454114
2023.12.13,23,0.191648,56.138879
2023.12.13,24,0.00036,51.591041
2023.12.14,1,0.00036,48.782965
2023.12.14,2,0.000328,35.615397
2023.12.14,3,0.000352,27.764915
2023.12.14,4,0.000272,24.814811
2023.12.14,5,0.000208,28.301637
2023.12.14,6,0.0002,54.364008
2023.12.14,7,0.000192,52.164346
2023.12.14,8,0.030711,54.797807
2023.12.14,9,1.422392,55.534248
2023.12.14,10,8.403009,48.427727
2023.12.14,11,21.782078,79.309653
2023.12.14,12,16.335011,61.095911
2023.12.14,13,12.244215,25.118853
2023.12.14,14,15.454003,41.581355
2023.12.14,15,14.713069,86.511487
2023.12.14,16,5.580258,113.269649
2023.12.14,17,1.568893,122.118529
2023.12.14,18,0.317899,90.177616
2023.12.14,19,0.060168,92.07746
2023.12.14,20,0.23652,96.40776
2023.12.14,21,0.001656,84.593865
2023.12.14,22,0.000416,113.983996
2023.12.14,23,0.000392,124.740182
2023.12.14,24,0.000392,120.875213
2023.12.15,1,0.000376,89.541601
2023.12.15,2,0.000384,83.176607
2023.12.15,3,0.000368,84.570702
2023.12.15,4,0.00032,96.832692
2023.12.15,5,0.000224,105.471666
2023.12.15,6,0.000224,126.758928
2023.12.15,7,0.000192,117.696769
2023.12.15,8,0.092626,118.211987
2023.12.15,9,5.653439,145.833671
2023.12.15,10,25.927523,153.88509
2023.12.15,11,41.388537,143.354233
2023.12.15,12,38.342909,110.459647
2023.12.15,13,38.642995,82.572104
2023.12.15,14,35.455725,131.901804
2023.12.15,15,23.971611,216.127564
2023.12.15,16,31.17399,229.62709
2023.12.15,17,20.471445,187.153334
2023.12.15,18,0.991207,212.12335
2023.12.15,19,0.085904,227.487932
2023.12.15,20,0.288416,255.986282
2023.12.15,21,0.000384,227.106574
2023.12.15,22,0.00036,235.487958
2023.12.15,23,0.000384,207.208496
2023.12.15,24,0.000368,220.22444
2023.12.16,1,0.0004,205.498664
2023.12.16,2,0.000296,216.523941
2023.12.16,3,0.000304,230.924608
2023.12.16,4,0.000328,235.96928
2023.12.16,5,0.000328,238.485815
2023.12.16,6,0.000344,223.478171
2023.12.16,7,0.000328,197.526202
2023.12.16,8,0.215909,236.032698
2023.12.16,9,5.002712,219.435937
2023.12.16,10,17.415583,203.115316
2023.12.16,11,50.568101,207.445124
2023.12.16,12,71.824063,187.558208
2023.12.16,13,70.257053,186.402061
2023.12.16,14,64.6175,195.923041
2023.12.16,15,41.697292,192.553049
2023.12.16,16,23.189896,202.843763
2023.12.16,17,9.094968,197.448779
2023.12.16,18,1.144208,198.678159
2023.12.16,19,0.768396,202.504924
2023.12.16,20,0.58716,211.49354
2023.12.16,21,0.032112,193.473606
2023.12.16,22,0.000496,176.514738
2023.12.16,23,0.000496,190.816765
2023.12.16,24,0.00048,173.840197
2023.12.17,1,0.000488,152.284842
2023.12.17,2,0.000416,168.763644
2023.12.17,3,0.000512,163.473944
2023.12.17,4,0.000336,168.184545
2023.12.17,5,0.000232,174.73611
2023.12.17,6,0.000232,192.943814
2023.12.17,7,0.000248,174.264941
2023.12.17,8,0.042429,173.049848
2023.12.17,9,2.07285,143.9625
2023.12.17,10,7.672896,125.523572
2023.12.17,11,15.53515,109.248394
2023.12.17,12,30.566685,90.990041
2023.12.17,13,43.274912,90.290614
2023.12.17,14,52.137523,100.630105
2023.12.17,15,27.755896,89.533272
2023.12.17,16,17.671912,97.292313
2023.12.17,17,5.513752,84.287086
2023.12.17,18,1.082675,76.943308
2023.12.17,19,0.786068,110.671902
2023.12.17,20,0.729672,115.147685
2023.12.17,21,0.183696,104.175627
2023.12.17,22,0.00052,70.778636
2023.12.17,23,0.000584,52.392999
2023.12.17,24,0.000568,32.198494
2023.12.18,1,0.00056,38.040413
2023.12.18,2,0.000504,47.91815
2023.12.18,3,0.000568,40.550954
2023.12.18,4,0.000552,32.848523
2023.12.18,5,0.000536,27.243232
2023.12.18,6,0.00052,54.862153
2023.12.18,7,0.000392,49.386812
2023.12.18,8,0.408899,24.243512
2023.12.18,9,8.105353,31.884869
2023.12.18,10,33.407357,26.9555
2023.12.18,11,76.262023,30.952566
2023.12.18,12,114.180781,25.706672
2023.12.18,13,99.919859,30.464883
2023.12.18,14,39.46169,27.229595
2023.12.18,15,34.247109,37.086319
2023.12.18,16,27.380063,33.012791
2023.12.18,17,10.573206,40.33282
2023.12.18,18,1.741363,43.952804
2023.12.18,19,1.149544,64.942925
2023.12.18,20,1.106376,80.919188
2023.12.18,21,0.077128,79.46629
2023.12.18,22,0.008024,79.699144
2023.12.18,23,0.000392,69.155687
2023.12.18,24,0.000368,57.575386
2023.12.19,1,0.000376,49.312929
2023.12.19,2,0.000352,41.934949
2023.12.19,3,0.000392,43.167531
2023.12.19,4,0.000376,45.174044
2023.12.19,5,0.000376,42.188825
2023.12.19,6,0.000384,36.405836
2023.12.19,7,0.000352,31.871452
2023.12.19,8,0.387546,23.426857
2023.12.19,9,6.496861,29.23544
2023.12.19,10,21.168827,29.616253
2023.12.19,11,31.138178,31.200446
2023.12.19,12,32.190131,41.82056
2023.12.19,13,34.325184,55.340454
2023.12.19,14,42.421297,66.96774
2023.12.19,15,56.940509,84.071304
2023.12.19,16,30.680894,93.167679
2023.12.19,17,10.494108,96.871219
2023.12.19,18,1.707675,89.399507
2023.12.19,19,0.309952,116.643643
2023.12.19,20,0.680832,154.182383
2023.12.19,21,0.041304,166.542024
2023.12.19,22,0.000344,140.744683
2023.12.19,23,0.000336,119.649642
2023.12.19,24,0.000344,118.001938
2023.12.20,1,0.000368,128.862202
2023.12.20,2,0.000336,132.968996
2023.12.20,3,0.000352,154.041239
2023.12.20,4,0.000328,155.618781
2023.12.20,5,0.00032,160.461778
2023.12.20,6,0.000336,214.655536
2023.12.20,7,0.00036,199.371946
2023.12.20,8,0.067898,171.686938
2023.12.20,9,2.765827,197.74853
2023.12.20,10,32.234252,211.076771
2023.12.20,11,88.926385,202.904431
2023.12.20,12,127.754581,203.438834
2023.12.20,13,136.451253,203.854031
2023.12.20,14,110.393322,208.643744
2023.12.20,15,87.764263,204.310504
2023.12.20,16,58.583359,204.515515
2023.12.20,17,18.146106,199.489285
2023.12.20,18,2.178876,198.435321
2023.12.20,19,1.77672,211.820109
2023.12.20,20,1.000548,199.151425
2023.12.20,21,0.083512,182.386308
2023.12.20,22,0.013592,159.829359
2023.12.20,23,0.000432,152.856226
2023.12.20,24,0.000328,144.254081
2023.12.21,1,0.000352,131.659325
2023.12.21,2,0.00036,100.791715
2023.12.21,3,0.000368,94.880324
2023.12.21,4,0.000352,120.494255
2023.12.21,5,0.00036,147.397051
2023.12.21,6,0.000336,170.360688
2023.12.21,7,0.000344,157.880298
2023.12.21,8,0.018157,153.348687
2023.12.21,9,0.855603,143.147883
2023.12.21,10,2.404737,154.955885
2023.12.21,11,6.435109,150.081641
2023.12.21,12,19.723442,145.918586
2023.12.21,13,24.691819,146.876693
2023.12.21,14,27.687787,141.219134
2023.12.21,15,19.562247,153.824073
2023.12.21,16,9.343616,156.086786
2023.12.21,17,2.766556,150.196598
2023.12.21,18,0.585031,161.383296
2023.12.21,19,0.43696,197.389256
2023.12.21,20,0.342352,173.349298
2023.12.21,21,0.000288,143.442611
2023.12.21,22,0.000312,123.982268
2023.12.21,23,0.000376,121.235867
2023.12.21,24,0.000256,123.217696
2023.12.22,1,0.000232,103.938756
2023.12.22,2,0.000176,110.85353
2023.12.22,3,0.000256,121.022848
2023.12.22,4,0.000232,123.714033
2023.12.22,5,0.000216,136.571056
2023.12.22,6,0.0002,173.793425
2023.12.22,7,0.000152,180.678379
2023.12.22,8,0.033439,162.590612
2023.12.22,9,1.148754,149.569596
2023.12.22,10,8.683651,121.946126
2023.12.22,11,20.824291,121.375177
2023.12.22,12,41.083851,108.922626
2023.12.22,13,26.980809,117.310529
2023.12.22,14,18.011053,127.498926
2023.12.22,15,17.090821,131.956107
2023.12.22,16,9.357198,150.019418
2023.12.22,17,3.031916,170.754951
2023.12.22,18,1.281233,173.876538
2023.12.22,19,2.136956,150.4391
2023.12.22,20,0.947168,146.742639
2023.12.22,21,0.013544,115.45173
2023.12.22,22,0.000416,106.007695
2023.12.22,23,0.000416,77.884517
2023.12.22,24,0.000376,74.961657
2023.12.23,1,0.000416,48.396281
2023.12.23,2,0.000432,51.266439
2023.12.23,3,0.000432,57.801243
2023.12.23,4,0.000416,76.314906
2023.12.23,5,0.0004,55.871455
2023.12.23,6,0.000392,53.89931
2023.12.23,7,0.000384,57.081209
2023.12.23,8,0.127583,41.326046
2023.12.23,9,3.106387,38.562313
2023.12.23,10,14.25458,51.4683
2023.12.23,11,35.88056,32.791577
2023.12.23,12,74.026278,27.41218
2023.12.23,13,77.680888,24.975717
2023.12.23,14,64.937422,20.628738
2023.12.23,15,56.237247,18.359652
2023.12.23,16,46.222192,15.161125
2023.12.23,17,20.719329,5.49312
2023.12.23,18,2.902623,3.533679
2023.12.23,19,2.8144,21.050979
2023.12.23,20,2.447504,15.116164
2023.12.23,21,0.534124,7.578438
2023.12.23,22,0.05308,0.849872
2023.12.23,23,0.000312,0.285936
2023.12.23,24,0.000328,0.16674
2023.12.24,1,0.000328,0.004228
2023.12.24,2,0.000336,2.09472
2023.12.24,3,0.000416,22.218346
2023.12.24,4,0.00032,30.858196
2023.12.24,5,0.00032,64.482252
2023.12.24,6,0.00028,108.815045
2023.12.24,7,0.000264,61.65775
2023.12.24,8,0.693152,35.750155
2023.12.24,9,16.538026,34.498796
2023.12.24,10,38.791153,26.198442
2023.12.24,11,51.020515,34.947988
2023.12.24,12,74.009273,26.467038
2023.12.24,13,65.31945,54.104444
2023.12.24,14,57.876521,62.149626
2023.12.24,15,40.38748,72.576214
2023.12.24,16,22.540955,83.622112
2023.12.24,17,12.358769,98.970818
2023.12.24,18,1.6843,111.227934
2023.12.24,19,0.824444,142.092682
2023.12.24,20,0.328576,86.138332
2023.12.24,21,0.018872,53.638775
2023.12.24,22,0.000384,35.788202
2023.12.24,23,0.000424,30.038626
2023.12.24,24,0.000336,27.883282
2023.12.25,1,0.000336,23.224124
2023.12.25,2,0.000312,30.308136
2023.12.25,3,0.000304,28.57339
2023.12.25,4,0.000288,39.215054
2023.12.25,5,0.00028,64.20477
2023.12.25,6,0.000296,86.09498
2023.12.25,7,0.00028,88.142343
2023.12.25,8,0.165488,83.615523
2023.12.25,9,9.879266,90.336048
2023.12.25,10,33.004312,90.644495
2023.12.25,11,67.555497,81.289285
2023.12.25,12,78.69289,55.90579
2023.12.25,13,66.182044,67.959782
2023.12.25,14,58.936762,61.578894
2023.12.25,15,65.322522,79.413052
2023.12.25,16,42.045914,62.589344
2023.12.25,17,20.691893,58.874552
2023.12.25,18,2.313847,59.472096
2023.12.25,19,0.700544,43.477722
2023.12.25,20,0.88568,30.280394
2023.12.25,21,0.086792,19.810067
2023.12.25,22,0.000296,10.747173
2023.12.25,23,0.000352,9.701029
2023.12.25,24,0.000336,12.594149
2023.12.26,1,0.00036,10.615659
2023.12.26,2,0.000304,3.35327
2023.12.26,3,0.000368,2.985324
2023.12.26,4,0.00036,2.437557
2023.12.26,5,0.000368,4.847032
2023.12.26,6,0.000352,10.773343
2023.12.26,7,0.000344,5.675496
2023.12.26,8,0.469956,5.330398
2023.12.26,9,23.310491,5.819454
2023.12.26,10,92.998595,6.63366
2023.12.26,11,154.890186,10.717165
2023.12.26,12,169.08119,8.67263
2023.12.26,13,161.523844,7.120565
2023.12.26,14,142.401272,3.940106
2023.12.26,15,124.143745,2.550101
2023.12.26,16,69.775185,4.070275
2023.12.26,17,32.900392,1.875867
2023.12.26,18,5.496502,7.036986
2023.12.26,19,3.488252,16.530808
2023.12.26,20,3.023924,11.935259
2023.12.26,21,1.171392,11.055172
2023.12.26,22,0.396552,12.583795
2023.12.26,23,0.005776,5.648946
2023.12.26,24,0.000192,6.190454
2023.12.27,1,0.000352,5.369838
2023.12.27,2,0.00032,10.94455
2023.12.27,3,0.00024,12.480817
2023.12.27,4,0.00032,19.169941
2023.12.27,5,0.000336,23.399586
2023.12.27,6,0.000328,28.314996
2023.12.27,7,0.00032,22.208542
2023.12.27,8,1.182537,12.521593
2023.12.27,9,23.611747,15.870081
2023.12.27,10,114.4242,8.657011
2023.12.27,11,197.353788,6.413835
2023.12.27,12,247.729401,5.004731
2023.12.27,13,217.480601,2.398065
2023.12.27,14,203.585608,4.076199
2023.12.27,15,166.292795,3.779924
2023.12.27,16,99.503942,4.587944
2023.12.27,17,24.134386,5.742353
2023.12.27,18,4.352365,8.570604
2023.12.27,19,3.94466,10.294656
2023.12.27,20,5.209948,7.823013
2023.12.27,21,3.858768,12.875831
2023.12.27,22,2.131576,9.024795
2023.12.27,23,0.19472,8.250841
2023.12.27,24,0.000336,5.56046
2023.12.28,1,0.0004,4.191412
2023.12.28,2,0.000336,0.6559
2023.12.28,3,0.000288,0.23504
2023.12.28,4,0.000424,0.146064
2023.12.28,5,0.000408,0.361756
2023.12.28,6,0.000392,2.291928
2023.12.28,7,0.000336,6.082155
2023.12.28,8,0.583137,8.095161
2023.12.28,9,21.564315,12.0687
2023.12.28,10,81.971394,4.861436
2023.12.28,11,143.938698,1.547636
2023.12.28,12,186.800218,1.927604
2023.12.28,13,189.242678,6.109751
2023.12.28,14,164.521802,10.872403
2023.12.28,15,135.602863,19.354177
2023.12.28,16,117.169851,23.387507
2023.12.28,17,38.440378,54.428828
2023.12.28,18,4.910745,56.825872
2023.12.28,19,4.052052,92.899548
2023.12.28,20,4.984148,97.505825
2023.12.28,21,3.472,111.790307
2023.12.28,22,1.46332,113.355195
2023.12.28,23,0.205392,124.624283
2023.12.28,24,0.00048,120.441214
2023.12.29,1,0.000488,119.990442
2023.12.29,2,0.00052,121.788489
2023.12.29,3,0.000392,130.310284
2023.12.29,4,0.000376,133.937927
2023.12.29,5,0.000384,131.45559
2023.12.29,6,0.0004,140.892564
2023.12.29,7,0.000376,133.725225
2023.12.29,8,0.701437,112.096684
2023.12.29,9,19.83379,103.709607
2023.12.29,10,69.860658,94.400076
2023.12.29,11,140.841667,82.479621
2023.12.29,12,192.011436,50.876468
2023.12.29,13,220.181901,45.6434
2023.12.29,14,167.285661,52.221398
2023.12.29,15,128.654111,47.745925
2023.12.29,16,106.385992,49.890485
2023.12.29,17,42.628396,35.677648
2023.12.29,18,6.029791,20.747317
2023.12.29,19,4.103108,37.008058
2023.12.29,20,5.067915,32.025756
2023.12.29,21,3.154825,28.024984
2023.12.29,22,0.862779,14.364428
2023.12.29,23,0.09348,8.219527
2023.12.29,24,0.000328,11.437612
2023.12.30,1,0.000368,6.410925
2023.12.30,2,0.00036,8.161266
2023.12.30,3,0.000368,7.420206
2023.12.30,4,0.000352,9.18036
2023.12.30,5,0.000344,10.239788
2023.12.30,6,0.000352,6.193821
2023.12.30,7,0.00032,10.689856
2023.12.30,8,0.661991,17.927719
2023.12.30,9,20.324587,16.009716
2023.12.30,10,92.568352,6.01406
2023.12.30,11,174.342744,11.944808
2023.12.30,12,230.409053,12.56024
2023.12.30,13,254.604364,22.647797
2023.12.30,14,231.647653,27.638471
2023.12.30,15,164.390952,27.0155
2023.12.30,16,55.545545,25.087674
2023.12.30,17,19.260132,28.108404
2023.12.30,18,3.31612,39.344898
2023.12.30,19,4.690848,44.579548
2023.12.30,20,6.28748,41.118616
2023.12.30,21,4.306897,49.779916
2023.12.30,22,2.18616,41.12703
2023.12.30,23,0.276933,33.95059
2023.12.30,24,0.000392,64.129596
2023.12.31,1,0.000416,63.145886
2023.12.31,2,0.000424,82.654259
2023.12.31,3,0.000352,145.891087
2023.12.31,4,0.000392,163.439103
2023.12.31,5,0.000392,150.618887
2023.12.31,6,0.000384,196.130715
2023.12.31,7,0.000368,217.370858
2023.12.31,8,0.168982,218.387514
2023.12.31,9,14.716625,233.82437
2023.12.31,10,78.47345,230.023273
2023.12.31,11,135.080219,224.755092
2023.12.31,12,111.939786,203.048532
2023.12.31,13,83.277126,210.774427
2023.12.31,14,57.986111,220.538039
2023.12.31,15,51.153935,212.162912
2023.12.31,16,29.810228,206.608619
2023.12.31,17,13.09692,200.849773
2023.12.31,18,2.551782,188.60222
2023.12.31,19,2.607948,196.472306
2023.12.31,20,1.218395,176.927073
2023.12.31,21,0.082272,176.600025
2023.12.31,22,0.01012,192.948317
2023.12.31,23,0.000264,139.373002
2023.12.31,24,0.000272,151.089322
2024.1.1,1,0.000256,102.723963
2024.1.1,2,0.000264,59.033775
2024.1.1,3,0.000264,46.984048
2024.1.1,4,0.000352,29.477786
2024.1.1,5,0.000384,21.764521
2024.1.1,6,0.00036,39.100891
2024.1.1,7,0.000344,24.30902
2024.1.1,8,0.693809,17.922561
2024.1.1,9,25.965705,9.501628
2024.1.1,10,76.960793,2.110004
2024.1.1,11,136.542084,1.347183
2024.1.1,12,179.707494,2.998626
2024.1.1,13,96.081713,5.209007
2024.1.1,14,67.812894,10.681016
2024.1.1,15,50.902445,13.77311
2024.1.1,16,36.543509,15.624209
2024.1.1,17,21.097691,17.169361
2024.1.1,18,3.431511,15.684633
2024.1.1,19,3.997628,28.264937
2024.1.1,20,6.083232,23.535752
2024.1.1,21,2.150584,18.093429
2024.1.1,22,0.203736,21.522367
2024.1.1,23,0.000328,23.441089
2024.1.1,24,0.000328,22.210355
2024.1.2,1,0.000336,14.427623
2024.1.2,2,0.000548,19.338956
2024.1.2,3,0.000376,18.849657
2024.1.2,4,0.000368,17.65744
2024.1.2,5,0.00036,27.466993
2024.1.2,6,0.000352,37.977892
2024.1.2,7,0.000352,25.49281
2024.1.2,8,0.659639,19.947166
2024.1.2,9,30.602362,4.338083
2024.1.2,10,116.724099,3.633572
2024.1.2,11,175.204062,0.825
2024.1.2,12,241.524007,0.638336
2024.1.2,13,230.945879,0.805048
2024.1.2,14,133.207347,4.978048
2024.1.2,15,76.94378,6.036765
2024.1.2,16,46.828507,6.337649
2024.1.2,17,21.471852,11.636691
2024.1.2,18,4.656008,12.547426
2024.1.2,19,4.383611,27.692213
2024.1.2,20,5.776811,21.224715
2024.1.2,21,4.036557,18.49942
2024.1.2,22,1.215942,6.62591
2024.1.2,23,0.007609,7.27784
2024.1.2,24,0.000524,10.708441
2024.1.3,1,0.000392,16.784844
2024.1.3,2,0.00048,16.299344
2024.1.3,3,0.00048,29.292721
2024.1.3,4,0.000368,51.781201
2024.1.3,5,0.000384,53.927196
2024.1.3,6,0.000384,69.88512
2024.1.3,7,0.000376,97.318732
2024.1.3,8,0.020648,124.968756
2024.1.3,9,3.036726,145.124492
2024.1.3,10,29.166397,150.966903
2024.1.3,11,84.996224,153.559765
2024.1.3,12,124.326567,122.10394
2024.1.3,13,158.983086,152.280853
2024.1.3,14,194.545974,190.42359
2024.1.3,15,171.916475,212.787285
2024.1.3,16,115.695409,207.523175
2024.1.3,17,40.199458,227.873682
2024.1.3,18,5.743974,213.441842
2024.1.3,19,4.037772,220.495213
2024.1.3,20,5.280629,234.506504
2024.1.3,21,1.22544,229.892808
2024.1.3,22,0.062352,214.816761
2024.1.3,23,0.000572,189.557136
2024.1.3,24,0.000536,146.314029
2024.1.4,1,0.000384,125.500471
2024.1.4,2,0.000356,90.545059
2024.1.4,3,0.0002,79.262821
2024.1.4,4,0.000208,66.827841
2024.1.4,5,0.000192,69.746614
2024.1.4,6,0.000192,64.787393
2024.1.4,7,0.000184,47.229599
2024.1.4,8,0.90533,21.353285
2024.1.4,9,33.735488,17.059
2024.1.4,10,124.463981,7.179591
2024.1.4,11,211.853687,4.50746
2024.1.4,12,263.560634,5.912532
2024.1.4,13,279.255997,7.335436
2024.1.4,14,262.019809,10.38814
2024.1.4,15,209.322668,9.930031
2024.1.4,16,134.813655,8.777903
2024.1.4,17,54.611761,6.27666
2024.1.4,18,7.934166,3.905452
2024.1.4,19,4.643634,11.433475
2024.1.4,20,7.237632,9.767945
2024.1.4,21,5.326268,11.721286
2024.1.4,22,2.92445,11.165664
2024.1.4,23,0.370255,12.072432
2024.1.4,24,0.000272,22.992226
2024.1.5,1,0.000336,29.217988
2024.1.5,2,0.000328,41.953948
2024.1.5,3,0.000368,55.286902
2024.1.5,4,0.000368,61.125565
2024.1.5,5,0.000408,50.2708
2024.1.5,6,0.00036,37.615268
2024.1.5,7,0.00036,35.483597
2024.1.5,8,0.713009,27.678159
2024.1.5,9,21.275126,24.577798
2024.1.5,10,56.24893,14.2771
2024.1.5,11,84.715378,20.854367
2024.1.5,12,124.357541,20.717513
2024.1.5,13,144.732539,31.669556
2024.1.5,14,170.116678,28.77766
2024.1.5,15,135.079648,26.518414
2024.1.5,16,69.192084,22.432178
2024.1.5,17,38.613299,17.982631
2024.1.5,18,7.206016,10.93712
2024.1.5,19,3.041736,32.539403
2024.1.5,20,3.679498,30.507148
2024.1.5,21,2.904496,20.7644
2024.1.5,22,1.067824,22.446902
2024.1.5,23,0.076792,28.242528
2024.1.5,24,0.000328,15.741469
2024.1.6,1,0.000344,10.279692
2024.1.6,2,0.000304,22.246717
2024.1.6,3,0.000344,33.118905
2024.1.6,4,0.000352,53.943092
2024.1.6,5,0.000352,81.050955
2024.1.6,6,0.000344,108.880161
2024.1.6,7,0.00032,90.558947
2024.1.6,8,0.632317,113.452262
2024.1.6,9,28.921368,123.695111
2024.1.6,10,109.857406,123.983894
2024.1.6,11,216.11628,119.385351
2024.1.6,12,282.979378,78.409941
2024.1.6,13,309.829002,41.753665
2024.1.6,14,303.875721,31.540681
2024.1.6,15,264.786164,74.339803
2024.1.6,16,182.514501,94.265667
2024.1.6,17,71.029257,95.325429
2024.1.6,18,9.296666,100.522652
2024.1.6,19,4.740218,116.80604
2024.1.6,20,7.200256,105.985467
2024.1.6,21,5.621368,96.727168
2024.1.6,22,3.351914,126.182323
2024.1.6,23,0.823724,99.506908
2024.1.6,24,0.000344,85.968409
2024.1.7,1,0.000352,57.815422
2024.1.7,2,0.000328,84.304322
2024.1.7,3,0.000356,117.720815
2024.1.7,4,0.00036,154.618388
2024.1.7,5,0.000352,161.09516
2024.1.7,6,0.000328,175.046124
2024.1.7,7,0.000312,155.257824
2024.1.7,8,0.267469,165.745426
2024.1.7,9,17.353792,168.539917
2024.1.7,10,58.254793,158.785722
2024.1.7,11,105.677393,146.837943
2024.1.7,12,122.376894,160.208253
2024.1.7,13,142.127949,170.813328
2024.1.7,14,99.663793,181.081652
2024.1.7,15,117.668485,192.223437
2024.1.7,16,82.952943,203.688093
2024.1.7,17,31.313232,206.108172
2024.1.7,18,4.907364,196.070792
2024.1.7,19,3.572758,199.317115
2024.1.7,20,2.556701,194.127663
2024.1.7,21,0.627848,162.875008
2024.1.7,22,0.185848,148.571149
2024.1.7,23,0.000216,121.716892
2024.1.7,24,0.000228,99.264848
2024.1.8,1,0.000184,72.438529
2024.1.8,2,0.000184,48.082132
2024.1.8,3,0.000344,44.172455
2024.1.8,4,0.000344,50.991583
2024.1.8,5,0.000328,58.486135
2024.1.8,6,0.000328,87.747281
2024.1.8,7,0.000328,65.951136
2024.1.8,8,0.68555,60.276285
2024.1.8,9,25.224576,44.784791
2024.1.8,10,129.835656,41.502219
2024.1.8,11,215.830555,24.435569
2024.1.8,12,248.196672,12.284387
2024.1.8,13,188.179244,5.564113
2024.1.8,14,125.121589,4.218652
2024.1.8,15,81.572005,1.206115
2024.1.8,16,40.369252,1.309288
2024.1.8,17,24.199374,3.137004
2024.1.8,18,4.903848,4.415604
2024.1.8,19,4.592618,18.262624
2024.1.8,20,5.786547,16.351216
2024.1.8,21,4.006978,8.106876
2024.1.8,22,2.23894,2.95476
2024.1.8,23,0.325705,0.08358
2024.1.8,24,0.000328,0.23574
2024.1.9,1,0.000336,1.359236
2024.1.9,2,0.000296,0.166772
2024.1.9,3,0.00032,1.421324
2024.1.9,4,0.000312,2.854204
2024.1.9,5,0.000312,3.86296
2024.1.9,6,0.000336,1.437004
2024.1.9,7,0.000368,1.928212
2024.1.9,8,0.638508,7.579127
2024.1.9,9,24.699106,11.170238
2024.1.9,10,50.330587,9.390895
2024.1.9,11,61.2297,14.112086
2024.1.9,12,35.147269,15.327684
2024.1.9,13,19.261712,10.794485
2024.1.9,14,17.195552,14.136152
2024.1.9,15,17.850791,14.926123
2024.1.9,16,15.645513,15.143386
2024.1.9,17,5.154388,12.035633
2024.1.9,18,0.709976,11.7724
2024.1.9,19,0.625045,28.509422
2024.1.9,20,0.725581,66.548622
2024.1.9,21,0.23848,65.342484
2024.1.9,22,0.012072,51.648117
2024.1.9,23,0.00032,49.415222
2024.1.9,24,0.000296,64.755027
2024.1.10,1,0.000304,50.229791
2024.1.10,2,0.000304,32.158076
2024.1.10,3,0.000384,86.381945
2024.1.10,4,0.000376,118.798497
2024.1.10,5,0.00036,167.859473
2024.1.10,6,0.00032,201.976252
2024.1.10,7,0.000296,215.633143
2024.1.10,8,0.386113,224.904654
2024.1.10,9,22.120956,233.860585
2024.1.10,10,67.41909,226.020606
2024.1.10,11,129.628063,193.403161
2024.1.10,12,172.187429,177.618757
2024.1.10,13,229.418473,169.722331
2024.1.10,14,228.689411,147.861995
2024.1.10,15,181.156463,203.179997
2024.1.10,16,128.197566,220.793299
2024.1.10,17,54.028289,228.656584
2024.1.10,18,7.564928,230.631667
2024.1.10,19,3.554922,231.882534
2024.1.10,20,4.739199,214.583817
2024.1.10,21,2.098876,205.742447
2024.1.10,22,0.339696,176.795566
2024.1.10,23,0.00152,147.142671
2024.1.10,24,0.00032,103.097882
2024.1.11,1,0.000304,88.115284
2024.1.11,2,0.000312,95.047412
2024.1.11,3,0.000312,84.787445
2024.1.11,4,0.000296,119.811972
2024.1.11,5,0.000368,80.352111
2024.1.11,6,0.000432,106.145109
2024.1.11,7,0.0004,101.495191
2024.1.11,8,0.901888,97.433664
2024.1.11,9,36.762599,69.50605
2024.1.11,10,130.28746,70.192081
2024.1.11,11,208.503977,54.204035
2024.1.11,12,237.706131,55.311186
2024.1.11,13,226.422432,68.085419
2024.1.11,14,234.251215,64.315936
2024.1.11,15,218.212213,50.951844
2024.1.11,16,166.534111,32.883785
2024.1.11,17,66.168377,35.85363
2024.1.11,18,9.516634,40.778653
2024.1.11,19,3.98516,66.78278
2024.1.11,20,5.239963,56.291316
2024.1.11,21,3.633793,59.847884
2024.1.11,22,1.859171,45.064663
2024.1.11,23,0.309458,35.109499
2024.1.11,24,0.000288,41.48293
2024.1.12,1,0.000312,37.411942
2024.1.12,2,0.000412,38.874163
2024.1.12,3,0.000312,38.593699
2024.1.12,4,0.000416,46.601907
2024.1.12,5,0.000368,63.011148
2024.1.12,6,0.0004,76.380932
2024.1.12,7,0.000296,65.883265
2024.1.12,8,0.270227,56.427542
2024.1.12,9,17.954647,54.423922
2024.1.12,10,73.594511,28.318293
2024.1.12,11,122.686993,18.979041
2024.1.12,12,148.786032,22.39275
2024.1.12,13,144.400285,31.863055
2024.1.12,14,148.289046,30.160067
2024.1.12,15,138.394732,36.883783
2024.1.12,16,100.636711,36.507814
2024.1.12,17,41.924966,59.861242
2024.1.12,18,7.905477,60.152723
2024.1.12,19,2.787199,68.229429
2024.1.12,20,2.419224,65.801392
2024.1.12,21,0.724181,98.395997
2024.1.12,22,0.339496,91.590171
2024.1.12,23,0.00552,109.062345
2024.1.12,24,0.000312,105.876388
2024.1.13,1,0.000312,82.57632
2024.1.13,2,0.000288,100.573099
2024.1.13,3,0.000336,115.909711
2024.1.13,4,0.000352,109.404567
2024.1.13,5,0.000328,113.804036
2024.1.13,6,0.000328,116.524632
2024.1.13,7,0.000312,85.258049
2024.1.13,8,0.948666,86.851039
2024.1.13,9,36.098414,74.619701
2024.1.13,10,142.826137,68.269944
2024.1.13,11,236.791068,85.600413
2024.1.13,12,294.603523,78.952695
2024.1.13,13,311.810255,78.099221
2024.1.13,14,305.700739,79.353375
2024.1.13,15,268.181997,83.766172
2024.1.13,16,192.880387,96.044645
2024.1.13,17,82.182819,78.54159
2024.1.13,18,11.475551,27.070751
2024.1.13,19,3.843551,50.077311
2024.1.13,20,6.000743,30.219029
2024.1.13,21,4.463118,19.186134
2024.1.13,22,3.228359,11.914225
2024.1.13,23,0.994445,8.334649
2024.1.13,24,0.000344,8.757065
2024.1.14,1,0.000352,12.17187
2024.1.14,2,0.000968,31.199491
2024.1.14,3,0.000476,69.066645
2024.1.14,4,0.000428,71.777163
2024.1.14,5,0.000264,57.179914
2024.1.14,6,0.000304,62.128936
2024.1.14,7,0.000288,64.284025
2024.1.14,8,0.806451,78.809818
2024.1.14,9,34.20224,72.607442
2024.1.14,10,134.469198,80.57873
2024.1.14,11,227.507121,108.419301
2024.1.14,12,281.819855,97.300909
2024.1.14,13,293.809477,82.876495
2024.1.14,14,268.357572,86.496428
2024.1.14,15,219.379097,123.901048
2024.1.14,16,155.881914,115.516127
2024.1.14,17,59.120826,100.842717
2024.1.14,18,8.992295,89.296794
2024.1.14,19,4.062879,102.817973
2024.1.14,20,5.80533,67.899318
2024.1.14,21,4.725293,94.355187
2024.1.14,22,2.627672,133.831451
2024.1.14,23,0.366671,151.141948
2024.1.14,24,0.000304,184.150267
2024.1.15,1,0.000288,191.839827
2024.1.15,2,0.00076,192.812074
2024.1.15,3,0.000336,189.042742
2024.1.15,4,0.000272,194.481965
2024.1.15,5,0.000272,200.069115
2024.1.15,6,0.000392,237.764331
2024.1.15,7,0.000216,245.265134
2024.1.15,8,1.055437,241.952854
2024.1.15,9,39.58752,226.464565
2024.1.15,10,144.359675,224.828625
2024.1.15,11,231.506407,225.581493
2024.1.15,12,294.505126,149.312058
2024.1.15,13,318.363021,92.92975
2024.1.15,14,306.757067,112.528459
2024.1.15,15,276.635024,145.9459
2024.1.15,16,206.155854,195.722853
2024.1.15,17,83.764281,211.557803
2024.1.15,18,10.797001,186.356764
2024.1.15,19,4.431906,232.353047
2024.1.15,20,6.892387,218.275485
2024.1.15,21,5.620214,211.966801
2024.1.15,22,3.437747,189.70271
2024.1.15,23,0.888807,172.83694
2024.1.15,24,0.00016,155.275031
2024.1.16,1,0.00012,119.259267
2024.1.16,2,0.00074,133.195124
2024.1.16,3,0.00028,146.650002
2024.1.16,4,0.000184,142.208827
2024.1.16,5,0.000272,146.049878
2024.1.16,6,0.0002,157.185521
2024.1.16,7,0.000272,132.544812
2024.1.16,8,0.978292,112.951633
2024.1.16,9,39.381366,88.580604
2024.1.16,10,150.267109,61.089925
2024.1.16,11,244.765923,32.00035
2024.1.16,12,299.80652,17.65046
2024.1.16,13,313.995054,10.2317
2024.1.16,14,310.669969,7.787011
2024.1.16,15,253.044363,9.520451
2024.1.16,16,188.537301,10.781777
2024.1.16,17,53.352908,7.397433
2024.1.16,18,9.246145,3.435863
2024.1.16,19,4.36804,14.432468
2024.1.16,20,7.316377,3.886619
2024.1.16,21,6.741712,5.517329
2024.1.16,22,4.421604,6.612995
2024.1.16,23,0.884943,6.046162
2024.1.16,24,0.003104,5.246386
2024.1.17,1,0.000472,3.96925
2024.1.17,2,0.001316,10.210354
2024.1.17,3,0.000484,18.581994
2024.1.17,4,0.000492,26.076934
2024.1.17,5,0.00046,28.423236
2024.1.17,6,0.000336,38.58355
2024.1.17,7,0.000408,48.117594
2024.1.17,8,0.253514,39.886234
2024.1.17,9,13.849689,37.605451
2024.1.17,10,40.218289,32.47174
2024.1.17,11,97.781957,36.250202
2024.1.17,12,139.558563,40.28388
2024.1.17,13,186.027581,54.960908
2024.1.17,14,202.804803,90.482581
2024.1.17,15,198.760508,102.548042
2024.1.17,16,107.476102,84.276361
2024.1.17,17,57.655631,92.355493
2024.1.17,18,13.135321,95.709848
2024.1.17,19,4.426917,90.419841
2024.1.17,20,6.947233,96.733337
2024.1.17,21,5.435706,97.277801
2024.1.17,22,1.734692,83.827033
2024.1.17,23,0.214987,76.871417
2024.1.17,24,0.000424,71.143605
2024.1.18,1,0.000368,72.108527
2024.1.18,2,0.000796,72.553908
2024.1.18,3,0.000376,72.156804
2024.1.18,4,0.000448,56.015774
2024.1.18,5,0.000448,53.952029
2024.1.18,6,0.000392,56.894758
2024.1.18,7,0.000384,38.253142
2024.1.18,8,0.052475,28.841879
2024.1.18,9,3.077653,35.054081
2024.1.18,10,22.591769,39.662432
2024.1.18,11,50.099293,25.681004
2024.1.18,12,80.779773,19.558817
2024.1.18,13,80.836045,18.846086
2024.1.18,14,34.428861,20.995077
2024.1.18,15,44.199861,22.283733
2024.1.18,16,30.990121,30.708763
2024.1.18,17,10.346096,34.979453
2024.1.18,18,2.092078,31.049204
2024.1.18,19,1.973547,44.764943
2024.1.18,20,0.928875,31.806025
2024.1.18,21,0.058448,23.003859
2024.1.18,22,0.000424,28.582667
2024.1.18,23,0.000424,17.061759
2024.1.18,24,0.0004,10.887772
2024.1.19,1,0.000408,5.942784
2024.1.19,2,0.000416,6.290808
2024.1.19,3,0.000432,18.016799
2024.1.19,4,0.00036,68.489981
2024.1.19,5,0.00024,103.006946
2024.1.19,6,0.000216,121.682332
2024.1.19,7,0.000248,119.878771
2024.1.19,8,0.074216,115.043362
2024.1.19,9,4.168207,128.911519
2024.1.19,10,26.440296,118.493766
2024.1.19,11,44.628461,104.940359
2024.1.19,12,37.780121,105.8077
2024.1.19,13,36.667356,115.103939
2024.1.19,14,46.854923,121.300029
2024.1.19,15,44.441733,119.308926
2024.1.19,16,22.087757,117.037469
2024.1.19,17,11.716362,117.912494
2024.1.19,18,2.665836,115.374718
2024.1.19,19,1.276474,125.89256
2024.1.19,20,0.708096,115.27945
2024.1.19,21,0.575384,100.911781
2024.1.19,22,0.124072,91.410145
2024.1.19,23,0.006064,91.477303
2024.1.19,24,0.000264,90.515347
2024.1.20,1,0.00028,87.511296
2024.1.20,2,0.000344,85.518097
2024.1.20,3,0.000272,97.967634
2024.1.20,4,0.000216,98.741433
2024.1.20,5,0.00024,111.436505
2024.1.20,6,0.000208,127.563275
2024.1.20,7,0.000208,119.303603
2024.1.20,8,0.037853,121.571854
2024.1.20,9,1.847924,113.171914
2024.1.20,10,7.007332,96.425485
2024.1.20,11,17.500305,90.961444
2024.1.20,12,18.973175,88.025975
2024.1.20,13,17.868854,91.641287
2024.1.20,14,19.832231,89.495045
2024.1.20,15,19.077153,87.761273
2024.1.20,16,12.504977,90.913711
2024.1.20,17,4.573316,101.347716
2024.1.20,18,1.220402,105.450867
2024.1.20,19,0.348737,114.993966
2024.1.20,20,0.293592,138.072658
2024.1.20,21,0.031168,144.056801
2024.1.20,22,0.000384,170.93573
2024.1.20,23,0.000384,162.849045
2024.1.20,24,0.000184,159.256857
2024.1.21,1,0.000176,139.990533
2024.1.21,2,0.000184,122.558363
2024.1.21,3,0.000208,116.941618
2024.1.21,4,0.000208,126.101791
2024.1.21,5,0.0002,115.840767
2024.1.21,6,0.0002,113.820645
2024.1.21,7,0.000272,90.145833
2024.1.21,8,0.141153,71.7116
2024.1.21,9,9.663981,65.184843
2024.1.21,10,27.813763,62.500794
2024.1.21,11,68.102109,48.437272
2024.1.21,12,61.565083,35.335423
2024.1.21,13,58.299078,32.258552
2024.1.21,14,31.404582,58.076122
2024.1.21,15,20.587323,120.332505
2024.1.21,16,19.983375,138.676116
2024.1.21,17,11.364986,157.118408
2024.1.21,18,2.133164,180.90339
2024.1.21,19,0.897295,208.100662
2024.1.21,20,0.76458,228.536715
2024.1.21,21,0.155848,233.516572
2024.1.21,22,0.000336,247.339292
2024.1.21,23,0.000336,238.539026
2024.1.21,24,0.000328,241.919404
2024.1.22,1,0.000336,233.54087
2024.1.22,2,0.000344,240.551534
2024.1.22,3,0.000376,243.751936
2024.1.22,4,0.00036,243.938475
2024.1.22,5,0.000336,245.95304
2024.1.22,6,0.000368,256.981142
2024.1.22,7,0.000344,254.038789
2024.1.22,8,0.430172,244.096837
2024.1.22,9,16.79429,246.043599
2024.1.22,10,51.626076,238.642956
2024.1.22,11,73.122047,220.937278
2024.1.22,12,72.632655,208.810749
2024.1.22,13,71.309236,227.273733
2024.1.22,14,59.453105,228.004551
2024.1.22,15,54.931955,220.995334
2024.1.22,16,41.45545,214.86393
2024.1.22,17,18.770438,213.547667
2024.1.22,18,3.231958,220.087575
2024.1.22,19,0.80245,224.03147
2024.1.22,20,0.618986,225.341717
2024.1.22,21,0.1018,229.834499
2024.1.22,22,0.007544,218.731804
2024.1.22,23,0.000264,202.620591
2024.1.22,24,0.000248,209.71186
2024.1.23,1,0.000256,186.025762
2024.1.23,2,0.000232,191.078395
2024.1.23,3,0.000224,189.584151
2024.1.23,4,0.000232,197.772025
2024.1.23,5,0.000256,186.727699
2024.1.23,6,0.000224,212.852239
2024.1.23,7,0.000248,206.116418
2024.1.23,8,0.113656,202.356887
2024.1.23,9,6.322728,200.377889
2024.1.23,10,21.194816,206.346215
2024.1.23,11,54.323239,200.364848
2024.1.23,12,77.425936,189.486529
2024.1.23,13,97.583791,181.215381
2024.1.23,14,106.250278,204.265884
2024.1.23,15,55.452663,209.899321
2024.1.23,16,37.653152,215.131998
2024.1.23,17,12.434673,211.165588
2024.1.23,18,2.775496,185.093322
2024.1.23,19,3.274128,195.453238
2024.1.23,20,2.219801,189.681822
2024.1.23,21,0.076912,191.21002
2024.1.23,22,5.60E-05,198.072287
2024.1.23,23,0.000248,201.279488
2024.1.23,24,0.000388,197.188736
2024.1.24,1,0.000296,180.357453
2024.1.24,2,0.00028,182.624183
2024.1.24,3,0.000312,168.09502
2024.1.24,4,0.000296,166.751658
2024.1.24,5,0.00028,167.95467
2024.1.24,6,0.000288,191.882216
2024.1.24,7,0.000336,186.086945
2024.1.24,8,0.082627,189.488734
2024.1.24,9,5.100603,184.292447
2024.1.24,10,15.734901,179.947571
2024.1.24,11,23.756833,177.723019
2024.1.24,12,39.449058,168.151813
2024.1.24,13,51.57627,188.523838
2024.1.24,14,50.895687,190.672009
2024.1.24,15,55.140147,188.958602
2024.1.24,16,51.442257,192.190248
2024.1.24,17,22.108019,203.48033
2024.1.24,18,5.477363,195.059569
2024.1.24,19,1.172682,206.755581
2024.1.24,20,0.717814,225.595795
2024.1.24,21,0.056864,227.336982
2024.1.24,22,0.000296,221.948221
2024.1.24,23,0.000328,208.352258
2024.1.24,24,0.000304,192.650562
2024.1.25,1,0.000296,166.309274
2024.1.25,2,0.000336,165.780752
2024.1.25,3,0.000336,179.287324
2024.1.25,4,0.00036,191.075413
2024.1.25,5,0.00036,180.060521
2024.1.25,6,0.000368,170.340083
2024.1.25,7,0.0004,143.644671
2024.1.25,8,0.123876,140.198682
2024.1.25,9,5.473051,137.383483
2024.1.25,10,23.646587,152.002167
2024.1.25,11,36.53444,130.053271
2024.1.25,12,51.372463,104.968534
2024.1.25,13,85.772622,102.108118
2024.1.25,14,109.297909,112.117915
2024.1.25,15,105.812195,132.600562
2024.1.25,16,97.933135,151.948845
2024.1.25,17,55.723583,150.493846
2024.1.25,18,8.777024,164.540161
2024.1.25,19,1.057978,207.455056
2024.1.25,20,0.599094,200.818593
2024.1.25,21,0.03032,204.067231
2024.1.25,22,0.000304,196.212972
2024.1.25,23,0.000344,152.232403
2024.1.25,24,0.000352,130.577546
2024.1.26,1,0.000344,100.952051
2024.1.26,2,0.000312,134.615518
2024.1.26,3,0.000424,110.064264
2024.1.26,4,0.000288,90.593393
2024.1.26,5,0.000296,95.672814
2024.1.26,6,0.000344,126.72121
2024.1.26,7,0.000336,110.670689
2024.1.26,8,0.265242,91.302468
2024.1.26,9,11.910002,77.495634
2024.1.26,10,41.837101,61.446309
2024.1.26,11,90.931062,59.595854
2024.1.26,12,121.75419,64.99226
2024.1.26,13,142.527558,70.258653
2024.1.26,14,214.737762,80.708433
2024.1.26,15,222.976552,111.906533
2024.1.26,16,159.163806,128.455321
2024.1.26,17,81.468515,123.810856
2024.1.26,18,16.275643,106.388982
2024.1.26,19,4.04461,90.377738
2024.1.26,20,5.403143,94.985519
2024.1.26,21,2.912524,83.26421
2024.1.26,22,1.303524,83.63009
2024.1.26,23,0.155816,85.44553
2024.1.26,24,0.000312,75.666821
2024.1.27,1,0.000168,67.813187
2024.1.27,2,0.00066,72.576135
2024.1.27,3,0.000208,70.812183
2024.1.27,4,0.00024,75.532636
2024.1.27,5,0.00032,64.035747
2024.1.27,6,0.000376,60.995318
2024.1.27,7,0.000328,50.746528
2024.1.27,8,0.596605,48.325744
2024.1.27,9,17.639484,51.275358
2024.1.27,10,53.415368,45.878133
2024.1.27,11,149.362532,36.518016
2024.1.27,12,218.445693,51.404552
2024.1.27,13,270.144515,62.04303
2024.1.27,14,265.076397,69.193477
2024.1.27,15,213.948557,81.965477
2024.1.27,16,148.118063,70.009874
2024.1.27,17,68.473062,62.733275
2024.1.27,18,13.304469,93.270031
2024.1.27,19,4.604305,102.136951
2024.1.27,20,7.121995,94.287269
2024.1.27,21,5.384636,104.618973
2024.1.27,22,2.476436,97.364042
2024.1.27,23,0.549644,85.379535
2024.1.27,24,0.000344,74.924511
2024.1.28,1,0.000408,50.320715
2024.1.28,2,0.00144,72.185437
2024.1.28,3,0.000408,83.782884
2024.1.28,4,0.000472,110.365868
2024.1.28,5,0.000384,115.282386
2024.1.28,6,0.000528,132.00451
2024.1.28,7,0.000368,140.542523
2024.1.28,8,0.793584,171.062786
2024.1.28,9,38.068776,150.494122
2024.1.28,10,119.241788,134.574024
2024.1.28,11,172.05251,114.023763
2024.1.28,12,224.836748,128.639039
2024.1.28,13,258.647636,112.380058
2024.1.28,14,274.529194,84.041975
2024.1.28,15,256.154147,80.406411
2024.1.28,16,193.620092,126.726827
2024.1.28,17,96.141556,144.913767
2024.1.28,18,17.736856,112.438141
2024.1.28,19,4.593846,105.355133
2024.1.28,20,6.936644,142.513017
2024.1.28,21,4.59724,132.224793
2024.1.28,22,2.328248,73.276614
2024.1.28,23,0.489092,47.253605
2024.1.28,24,0.000344,25.238324
2024.1.29,1,0.00036,25.330749
2024.1.29,2,0.00138,36.178191
2024.1.29,3,0.000404,41.455656
2024.1.29,4,0.000376,32.847032
2024.1.29,5,0.00044,31.035329
2024.1.29,6,0.00046,60.415669
2024.1.29,7,0.000328,60.237673
2024.1.29,8,1.819762,51.397891
2024.1.29,9,42.768549,21.220438
2024.1.29,10,122.526139,16.799185
2024.1.29,11,187.60243,17.124428
2024.1.29,12,232.837928,9.493636
2024.1.29,13,279.7091,7.001027
2024.1.29,14,233.244289,6.758855
2024.1.29,15,170.096956,7.374271
2024.1.29,16,145.047846,11.2751
2024.1.29,17,94.145954,10.29214
2024.1.29,18,19.923128,16.27306
2024.1.29,19,4.740535,35.496243
2024.1.29,20,7.456466,21.068791
2024.1.29,21,6.542117,14.590833
2024.1.29,22,3.170054,12.011112
2024.1.29,23,0.448109,14.048924
2024.1.29,24,0.000344,8.270577
2024.1.30,1,0.000352,7.385195
2024.1.30,2,0.001044,5.288956
2024.1.30,3,0.000584,5.157553
2024.1.30,4,0.000368,4.113015
2024.1.30,5,0.000432,3.626396
2024.1.30,6,0.000376,4.419922
2024.1.30,7,0.000384,4.188191
2024.1.30,8,0.094538,5.082139
2024.1.30,9,4.912894,7.135589
2024.1.30,10,33.445912,4.198755
2024.1.30,11,39.425544,2.412192
2024.1.30,12,31.064625,1.063384
2024.1.30,13,38.794329,0.26211
2024.1.30,14,55.6938,1.634228
2024.1.30,15,50.242614,2.785709
2024.1.30,16,28.027323,3.640717
2024.1.30,17,17.305402,9.864333
2024.1.30,18,4.557048,15.802266
2024.1.30,19,1.4493,18.583712
2024.1.30,20,1.961478,15.182282
2024.1.30,21,0.508707,19.056552
2024.1.30,22,0.125064,24.506399
2024.1.30,23,0.00124,24.717112
2024.1.30,24,0.00024,38.10967
2024.1.31,1,0.000264,40.204576
2024.1.31,2,0.000264,33.905257
2024.1.31,3,0.00024,12.955219
2024.1.31,4,0.000248,8.636552
2024.1.31,5,0.000216,11.454968
2024.1.31,6,0.000216,13.215449
2024.1.31,7,0.000224,15.305943
2024.1.31,8,0.159232,14.351509
2024.1.31,9,12.613385,7.112779
2024.1.31,10,34.013528,8.429301
2024.1.31,11,97.802995,12.001256
2024.1.31,12,128.320179,11.389123
2024.1.31,13,141.091184,4.061105
2024.1.31,14,154.793497,5.717132
2024.1.31,15,125.490488,9.324328
2024.1.31,16,70.974903,9.058744
2024.1.31,17,19.930371,2.268447
2024.1.31,18,3.321529,2.936974
2024.1.31,19,4.345581,5.097899
2024.1.31,20,7.082466,3.881102
2024.1.31,21,4.895678,2.803862
2024.1.31,22,1.029113,2.518834
2024.1.31,23,0.201856,5.867687
2024.1.31,24,0.000588,6.270404
2024.2.1,1,0.000272,9.73397
2024.2.1,2,0.00066,11.331811
2024.2.1,3,0.000392,15.890697
2024.2.1,4,0.000508,35.234246
2024.2.1,5,0.000392,55.598051
2024.2.1,6,0.000376,72.628
2024.2.1,7,0.003118,77.459524
2024.2.1,8,0.045371,94.517032
2024.2.1,9,3.370404,89.985568
2024.2.1,10,8.365841,113.453666
2024.2.1,11,15.600173,112.342946
2024.2.1,12,20.649142,109.173161
2024.2.1,13,21.768659,93.475106
2024.2.1,14,19.697366,84.980898
2024.2.1,15,16.983795,90.486351
2024.2.1,16,8.64104,107.589717
2024.2.1,17,6.977941,96.999858
2024.2.1,18,1.327597,99.790367
2024.2.1,19,0.334017,122.427168
2024.2.1,20,0.225928,142.712898
2024.2.1,21,0.00076,124.214877
2024.2.1,22,0.000312,88.107851
2024.2.1,23,0.00036,87.734035
2024.2.1,24,0.000248,73.886863
2024.2.2,1,0.000216,67.234531
2024.2.2,2,0.000256,70.838081
2024.2.2,3,0.000264,82.671023
2024.2.2,4,0.000272,82.316563
2024.2.2,5,0.000248,89.609041
2024.2.2,6,0.00032,97.713057
2024.2.2,7,0.00289,95.914012
2024.2.2,8,0.05036,107.405293
2024.2.2,9,6.376018,106.726648
2024.2.2,10,14.203725,85.41986
2024.2.2,11,26.608171,69.301137
2024.2.2,12,43.329567,61.055985
2024.2.2,13,38.722873,45.981805
2024.2.2,14,40.020217,33.792587
2024.2.2,15,43.279307,30.545039
2024.2.2,16,23.126488,41.634446
2024.2.2,17,12.235624,45.779348
2024.2.2,18,2.73214,42.965431
2024.2.2,19,1.217391,52.360999
2024.2.2,20,0.58508,29.905055
2024.2.2,21,0.113056,28.105021
2024.2.2,22,0.000272,15.421882
2024.2.2,23,0.000312,8.621357
2024.2.2,24,0.000296,5.677708
2024.2.3,1,0.000288,3.138153
2024.2.3,2,0.000256,3.306116
2024.2.3,3,0.000304,9.399627
2024.2.3,4,0.00028,20.941951
2024.2.3,5,0.000248,23.344888
2024.2.3,6,0.000248,21.65815
2024.2.3,7,0.002222,25.375824
2024.2.3,8,0.116225,35.550912
2024.2.3,9,5.27597,56.635332
2024.2.3,10,12.593677,62.498997
2024.2.3,11,8.405083,41.935318
2024.2.3,12,16.457298,36.288842
2024.2.3,13,17.157132,38.041028
2024.2.3,14,19.865157,38.661415
2024.2.3,15,29.699707,41.540184
2024.2.3,16,23.206515,48.26163
2024.2.3,17,12.843543,56.565284
2024.2.3,18,1.995316,51.613208
2024.2.3,19,0.30116,69.865143
2024.2.3,20,0.54479,76.64148
2024.2.3,21,0.037192,88.856743
2024.2.3,22,0.000392,85.781535
2024.2.3,23,0.000368,84.142507
2024.2.3,24,0.000288,87.953016
2024.2.4,1,0.000368,69.463243
2024.2.4,2,0.00036,56.649719
2024.2.4,3,0.000368,50.974686
2024.2.4,4,0.000368,57.470822
2024.2.4,5,0.000384,69.190409
2024.2.4,6,0.000392,79.950535
2024.2.4,7,0.003878,62.241968
2024.2.4,8,0.566992,71.137564
2024.2.4,9,11.438616,63.292849
2024.2.4,10,43.956154,52.323266
2024.2.4,11,107.245345,52.049076
2024.2.4,12,117.087485,44.4565
2024.2.4,13,137.606159,55.236781
2024.2.4,14,95.41125,67.511737
2024.2.4,15,55.730209,56.965553
2024.2.4,16,21.273605,51.942258
2024.2.4,17,17.614737,71.537378
2024.2.4,18,3.659031,78.698498
2024.2.4,19,3.903318,102.75069
2024.2.4,20,2.745224,95.881385
2024.2.4,21,0.713696,86.710952
2024.2.4,22,0.30512,109.620375
2024.2.4,23,0.002744,115.858715
2024.2.4,24,0.000424,89.251076
2024.2.5,1,0.000368,92.924333
2024.2.5,2,0.000344,128.58938
2024.2.5,3,0.000392,90.990352
2024.2.5,4,0.000384,77.640003
2024.2.5,5,0.000384,51.608114
2024.2.5,6,0.000392,63.465483
2024.2.5,7,0.003132,63.717521
2024.2.5,8,0.10936,73.040918
2024.2.5,9,9.191127,40.483737
2024.2.5,10,58.055594,32.46814
2024.2.5,11,124.040171,61.714001
2024.2.5,12,100.879919,124.004709
2024.2.5,13,61.145708,147.164255
2024.2.5,14,78.403837,171.999217
2024.2.5,15,107.172893,195.488383
2024.2.5,16,86.048063,176.864123
2024.2.5,17,47.878533,200.78202
2024.2.5,18,15.254135,175.720062
2024.2.5,19,2.526085,167.886754
2024.2.5,20,1.800926,161.077597
2024.2.5,21,0.059808,140.338703
2024.2.5,22,0.000232,103.754794
2024.2.5,23,0.000376,137.552095
2024.2.5,24,0.000392,134.010457
2024.2.6,1,0.000376,126.005079
2024.2.6,2,0.000368,122.797772
2024.2.6,3,0.0004,107.995571
2024.2.6,4,0.000392,98.908295
2024.2.6,5,0.000408,105.477848
2024.2.6,6,0.0004,119.407068
2024.2.6,7,0.007393,119.941107
2024.2.6,8,1.024375,101.714225
2024.2.6,9,23.435932,102.814765
2024.2.6,10,66.987616,93.445885
2024.2.6,11,107.753938,96.545497
2024.2.6,12,109.285894,82.966763
2024.2.6,13,97.14808,95.245374
2024.2.6,14,91.117084,109.767483
2024.2.6,15,72.435635,128.853925
2024.2.6,16,81.273799,132.833349
2024.2.6,17,70.352098,131.618679
2024.2.6,18,16.883973,142.406199
2024.2.6,19,4.113334,171.024632
2024.2.6,20,4.452153,173.399907
2024.2.6,21,3.1607,183.672417
2024.2.6,22,1.639488,150.627058
2024.2.6,23,0.136412,148.482529
2024.2.6,24,0.000352,148.014954
2024.2.7,1,0.000344,143.861273
2024.2.7,2,0.001008,124.505483
2024.2.7,3,0.000352,114.767903
2024.2.7,4,0.00032,120.461533
2024.2.7,5,0.000344,146.65818
2024.2.7,6,0.000224,151.393031
2024.2.7,7,0.016405,150.072861
2024.2.7,8,2.067147,137.876245
2024.2.7,9,34.944864,107.701404
2024.2.7,10,106.637066,101.252702
2024.2.7,11,154.676972,98.53381
2024.2.7,12,195.092835,119.397673
2024.2.7,13,219.961282,144.198937
2024.2.7,14,209.415325,146.500893
2024.2.7,15,168.11971,147.04301
2024.2.7,16,114.657928,147.671115
2024.2.7,17,59.24054,140.03455
2024.2.7,18,17.68392,144.692996
2024.2.7,19,5.088657,142.441572
2024.2.7,20,6.450707,124.207575
2024.2.7,21,3.58605,116.916298
2024.2.7,22,1.112988,135.709784
2024.2.7,23,0.046664,137.234999
2024.2.7,24,0.0002,133.509581
2024.2.8,1,0.000216,126.578227
2024.2.8,2,0.000804,120.213934
2024.2.8,3,0.000248,106.203138
2024.2.8,4,0.000232,107.143074
2024.2.8,5,0.000356,106.650109
2024.2.8,6,0.00024,139.350304
2024.2.8,7,0.020712,138.85351
2024.2.8,8,2.461203,108.713866
2024.2.8,9,37.565401,108.989245
2024.2.8,10,113.252881,116.024027
2024.2.8,11,161.366356,120.486463
2024.2.8,12,152.549574,122.614345
2024.2.8,13,116.438978,98.477733
2024.2.8,14,107.508686,93.795851
2024.2.8,15,108.597612,90.585847
2024.2.8,16,106.238446,90.295884
2024.2.8,17,82.228073,112.200846
2024.2.8,18,26.591355,118.806668
2024.2.8,19,4.61141,135.485851
2024.2.8,20,5.812995,133.608298
2024.2.8,21,2.318825,142.634666
2024.2.8,22,0.622049,106.412504
2024.2.8,23,0.054752,73.428724
2024.2.8,24,0.000344,93.09541
2024.2.9,1,0.000352,90.443416
2024.2.9,2,0.000564,93.877096
2024.2.9,3,0.00036,92.167426
2024.2.9,4,0.0004,107.972247
2024.2.9,5,0.0004,133.354855
2024.2.9,6,0.0004,157.278861
2024.2.9,7,0.015678,142.695038
2024.2.9,8,2.22382,96.598784
2024.2.9,9,34.084903,86.766954
2024.2.9,10,104.379793,87.365343
2024.2.9,11,153.584657,95.408764
2024.2.9,12,192.582712,94.134534
2024.2.9,13,182.803919,113.102138
2024.2.9,14,173.555973,142.358673
2024.2.9,15,184.328095,165.948099
2024.2.9,16,147.515413,161.172637
2024.2.9,17,83.222917,150.38411
2024.2.9,18,24.358475,118.310075
2024.2.9,19,4.565036,124.841698
2024.2.9,20,5.383283,133.622104
2024.2.9,21,1.836453,108.243296
2024.2.9,22,0.279532,83.827896
2024.2.9,23,0.000216,73.56991
2024.2.9,24,0.000192,73.20385
2024.2.10,1,0.0002,61.327936
2024.2.10,2,0.000436,49.989898
2024.2.10,3,0.000272,49.900261
2024.2.10,4,0.000304,47.688942
2024.2.10,5,0.000296,46.332426
2024.2.10,6,0.00028,51.140551
2024.2.10,7,0.015865,33.016364
2024.2.10,8,1.694851,19.400635
2024.2.10,9,20.085775,12.86398
2024.2.10,10,42.071088,7.080114
2024.2.10,11,103.952132,2.328322
2024.2.10,12,123.529717,1.472386
2024.2.10,13,155.250714,4.313451
2024.2.10,14,127.734221,11.381003
2024.2.10,15,117.201964,23.775139
2024.2.10,16,88.688506,38.299159
2024.2.10,17,38.988561,33.495003
2024.2.10,18,9.207911,52.207259
2024.2.10,19,4.044785,62.798594
2024.2.10,20,4.051851,61.249868
2024.2.10,21,1.255661,70.597549
2024.2.10,22,0.595798,63.541604
2024.2.10,23,0.02672,49.630457
2024.2.10,24,0.000192,36.098442
2024.2.11,1,0.000208,16.943622
2024.2.11,2,0.000232,21.20154
2024.2.11,3,0.000248,33.680425
2024.2.11,4,0.000256,40.184017
2024.2.11,5,0.00028,38.568669
2024.2.11,6,0.000376,50.800677
2024.2.11,7,0.017943,41.76139
2024.2.11,8,2.278047,29.252832
2024.2.11,9,43.001429,31.828074
2024.2.11,10,109.170392,49.602693
2024.2.11,11,147.602216,76.205926
2024.2.11,12,185.211435,98.913598
2024.2.11,13,189.602667,126.117379
2024.2.11,14,193.340644,162.044525
2024.2.11,15,196.649093,183.03148
2024.2.11,16,215.913127,192.479188
2024.2.11,17,140.663431,197.453359
2024.2.11,18,38.416901,189.690052
2024.2.11,19,5.661149,183.828856
2024.2.11,20,7.499783,165.730543
2024.2.11,21,5.571366,157.907267
2024.2.11,22,2.407407,122.923373
2024.2.11,23,0.17756,103.23182
2024.2.11,24,0.000344,94.874111
2024.2.12,1,0.000376,101.071731
2024.2.12,2,0.000528,70.87163
2024.2.12,3,0.000384,60.253178
2024.2.12,4,0.000392,39.856723
2024.2.12,5,0.000448,25.520984
2024.2.12,6,0.000392,43.011645
2024.2.12,7,0.031855,23.710144
2024.2.12,8,4.555814,8.45249
2024.2.12,9,69.198117,4.43822
2024.2.12,10,180.066598,0.53784
2024.2.12,11,260.162995,0.18638
2024.2.12,12,310.685001,0.30214
2024.2.12,13,331.554267,1.45864
2024.2.12,14,324.95399,3.10365
2024.2.12,15,290.967272,6.444163
2024.2.12,16,230.217509,4.416708
2024.2.12,17,136.637723,5.020831
2024.2.12,18,38.792327,10.599537
2024.2.12,19,5.605665,24.888723
2024.2.12,20,7.610944,28.831104
2024.2.12,21,6.801564,39.74666
2024.2.12,22,4.252902,57.420915
2024.2.12,23,0.908161,65.821148
2024.2.12,24,0.000376,106.767003
2024.2.13,1,0.000376,118.567991
2024.2.13,2,0.00088,101.84141
2024.2.13,3,0.000396,106.192359
2024.2.13,4,0.000484,117.713758
2024.2.13,5,0.000416,108.090065
2024.2.13,6,0.000272,121.511341
2024.2.13,7,0.024928,126.74843
2024.2.13,8,2.83288,87.281296
2024.2.13,9,44.566257,85.259525
2024.2.13,10,124.412744,102.944192
2024.2.13,11,208.625213,119.400442
2024.2.13,12,263.196401,118.97344
2024.2.13,13,292.256942,111.444165
2024.2.13,14,318.663179,92.769888
2024.2.13,15,261.385407,119.221655
2024.2.13,16,219.124424,89.546523
2024.2.13,17,140.102155,79.25193
2024.2.13,18,38.98096,64.622995
2024.2.13,19,5.43365,72.505936
2024.2.13,20,7.80744,90.025474
2024.2.13,21,7.02493,94.750314
2024.2.13,22,3.341497,76.887237
2024.2.13,23,0.665495,78.558097
2024.2.13,24,0.000272,88.28958
2024.2.14,1,0.000288,87.307125
2024.2.14,2,0.000756,93.347641
2024.2.14,3,0.00042,102.66271
2024.2.14,4,0.000384,101.252631
2024.2.14,5,0.000392,107.749682
2024.2.14,6,0.000472,114.276943
2024.2.14,7,0.002957,117.318744
2024.2.14,8,0.216564,84.529115
2024.2.14,9,8.260142,74.002026
2024.2.14,10,35.654555,58.661951
2024.2.14,11,34.05711,60.45518
2024.2.14,12,36.323096,63.786187
2024.2.14,13,81.894254,59.834986
2024.2.14,14,89.754169,75.452408
2024.2.14,15,111.036907,68.710052
2024.2.14,16,73.219055,71.396852
2024.2.14,17,33.523241,64.740451
2024.2.14,18,10.378759,60.268689
2024.2.14,19,2.899608,77.434158
2024.2.14,20,3.1087,78.109639
2024.2.14,21,1.253576,66.877855
2024.2.14,22,0.173624,47.893654
2024.2.14,23,0.00324,21.558927
2024.2.14,24,0.000288,17.236074
2024.2.15,1,0.000336,4.90236
2024.2.15,2,0.00032,2.314194
2024.2.15,3,0.000328,5.599297
2024.2.15,4,0.000352,7.228078
2024.2.15,5,0.000352,2.70228
2024.2.15,6,0.000376,3.906581
2024.2.15,7,0.034307,1.171616
2024.2.15,8,3.761811,1.902512
2024.2.15,9,53.962994,3.145735
2024.2.15,10,123.608327,3.237908
2024.2.15,11,95.14621,54.267949
2024.2.15,12,86.899283,141.866468
2024.2.15,13,87.837679,225.396995
2024.2.15,14,117.738836,243.833197
2024.2.15,15,79.848685,244.768938
2024.2.15,16,51.840789,236.671971
2024.2.15,17,25.770267,235.705904
2024.2.15,18,8.278625,237.032438
2024.2.15,19,2.209846,238.257043
2024.2.15,20,1.330019,231.580261
2024.2.15,21,0.178848,254.555049
2024.2.15,22,0.118792,240.748299
2024.2.15,23,0.011504,231.343227
2024.2.15,24,0.000216,231.04545
2024.2.16,1,0.0002,195.957039
2024.2.16,2,0.000216,194.027203
2024.2.16,3,0.000184,173.733051
2024.2.16,4,0.00024,143.756477
2024.2.16,5,0.00024,133.413869
2024.2.16,6,0.000232,121.361018
2024.2.16,7,0.046389,94.406262
2024.2.16,8,5.572262,63.083258
2024.2.16,9,78.950981,23.955262
2024.2.16,10,188.073605,14.273979
2024.2.16,11,256.182919,14.050115
2024.2.16,12,286.930191,11.789341
2024.2.16,13,286.06375,13.398173
2024.2.16,14,244.583741,13.179524
2024.2.16,15,180.2117,15.096436
2024.2.16,16,152.432319,9.865852
2024.2.16,17,94.492914,8.683897
2024.2.16,18,37.332847,5.474653
2024.2.16,19,5.956181,11.447452
2024.2.16,20,8.145046,7.360744
2024.2.16,21,7.250217,3.405044
2024.2.16,22,4.213261,0.821536
2024.2.16,23,0.861234,1.460706
2024.2.16,24,0.000224,1.329334
2024.2.17,1,0.00024,0.755432
2024.2.17,2,0.000884,0.112335
2024.2.17,3,0.000484,0.180394
2024.2.17,4,0.000256,0.435722
2024.2.17,5,0.000264,1.500368
2024.2.17,6,0.000288,4.412341
2024.2.17,7,0.038241,10.398896
2024.2.17,8,5.79466,8.591907
2024.2.17,9,74.630808,8.95994
2024.2.17,10,166.846994,3.098146
2024.2.17,11,241.097567,6.013727
2024.2.17,12,299.651942,5.188511
2024.2.17,13,332.441081,7.876687
2024.2.17,14,338.744606,6.834318
2024.2.17,15,316.009272,18.856742
2024.2.17,16,259.050952,35.509236
2024.2.17,17,167.257524,41.366884
2024.2.17,18,53.646371,39.361947
2024.2.17,19,6.195044,46.569867
2024.2.17,20,8.191929,32.471465
2024.2.17,21,7.408035,46.285859
2024.2.17,22,4.681929,48.790126
2024.2.17,23,0.901445,47.691864
2024.2.17,24,0.000216,66.235501
2024.2.18,1,0.000208,103.187206
2024.2.18,2,0.001524,79.309005
2024.2.18,3,0.000316,80.652188
2024.2.18,4,0.000264,77.130782
2024.2.18,5,0.000168,69.291169
2024.2.18,6,0.000464,80.138229
2024.2.18,7,0.006846,80.926694
2024.2.18,8,0.992536,105.029806
2024.2.18,9,13.653855,111.425893
2024.2.18,10,32.021592,116.505809
2024.2.18,11,49.550708,103.018784
2024.2.18,12,57.280922,97.738715
2024.2.18,13,52.408979,105.764513
2024.2.18,14,40.260257,154.858228
2024.2.18,15,22.024274,153.830759
2024.2.18,16,9.941919,172.727762
2024.2.18,17,6.057557,186.960796
2024.2.18,18,2.153918,177.616202
2024.2.18,19,1.038675,220.95362
2024.2.18,20,3.451746,216.10557
2024.2.18,21,0.930489,203.658067
2024.2.18,22,0.002216,182.334558
2024.2.18,23,0.000376,158.648772
2024.2.18,24,0.000232,186.774812
2024.2.19,1,0.000184,169.568442
2024.2.19,2,0.000192,136.189328
2024.2.19,3,0.000184,167.449867
2024.2.19,4,0.000168,171.066144
2024.2.19,5,0.000192,169.664037
2024.2.19,6,0.0002,174.285691
2024.2.19,7,0.004326,156.204905
2024.2.19,8,0.790027,148.346921
2024.2.19,9,33.184533,111.863501
2024.2.19,10,95.536007,83.484003
2024.2.19,11,104.366714,74.019668
2024.2.19,12,154.104353,44.057637
2024.2.19,13,142.815806,41.450888
2024.2.19,14,153.424548,39.758559
2024.2.19,15,125.961308,32.763395
2024.2.19,16,115.440285,16.755257
2024.2.19,17,63.289597,31.339879
2024.2.19,18,10.493087,106.007152
2024.2.19,19,2.322991,172.898466
2024.2.19,20,3.059979,189.690078
2024.2.19,21,0.433279,131.87587
2024.2.19,22,0.026256,77.991901
2024.2.19,23,0.001448,35.03617
2024.2.19,24,0.000216,66.46215
2024.2.20,1,0.000216,98.588666
2024.2.20,2,0.000232,129.011885
2024.2.20,3,0.000208,89.000646
2024.2.20,4,0.000224,61.555009
2024.2.20,5,0.000208,50.588857
2024.2.20,6,0.000208,72.599637
2024.2.20,7,0.003133,53.226768
2024.2.20,8,0.366147,25.390601
2024.2.20,9,2.520004,24.087295
2024.2.20,10,9.48606,36.70256
2024.2.20,11,16.094705,18.524414
2024.2.20,12,24.194633,10.571459
2024.2.20,13,24.899632,13.692563
2024.2.20,14,39.939463,14.737576
2024.2.20,15,25.906997,8.439489
2024.2.20,16,14.354018,38.045507
2024.2.20,17,9.132204,60.083486
2024.2.20,18,1.586467,79.371866
2024.2.20,19,0.724684,111.454949
2024.2.20,20,0.367927,108.331503
2024.2.20,21,0.029368,97.488718
2024.2.20,22,0.00016,115.477243
2024.2.20,23,0.000288,111.947453
2024.2.20,24,0.000392,101.355043
2024.2.21,1,0.000344,102.230829
2024.2.21,2,0.000344,91.147032
2024.2.21,3,0.00032,93.891013
2024.2.21,4,0.000336,100.350586
2024.2.21,5,0.00036,93.151461
2024.2.21,6,0.000368,109.289231
2024.2.21,7,0.00301,89.056467
2024.2.21,8,0.083367,77.752019
2024.2.21,9,4.414341,95.85527
2024.2.21,10,19.622293,89.661456
2024.2.21,11,13.705375,48.597873
2024.2.21,12,13.287173,35.950383
2024.2.21,13,36.640153,79.786895
2024.2.21,14,64.764911,55.643197
2024.2.21,15,23.770631,31.923863
2024.2.21,16,22.876055,48.868302
2024.2.21,17,13.387874,76.696675
2024.2.21,18,3.054712,70.403332
2024.2.21,19,1.843622,85.915985
2024.2.21,20,1.105693,74.947185
2024.2.21,21,0.038736,75.327288
2024.2.21,22,0.000368,60.201046
2024.2.21,23,0.000376,53.441152
2024.2.21,24,0.000352,48.590893
2024.2.22,1,0.000328,57.20849
2024.2.22,2,0.000344,61.23551
2024.2.22,3,0.000352,73.227481
2024.2.22,4,0.000304,82.647823
2024.2.22,5,0.00036,109.326711
2024.2.22,6,0.000384,161.225083
2024.2.22,7,0.00428,173.293971
2024.2.22,8,0.475079,177.087886
2024.2.22,9,5.783498,151.291426
2024.2.22,10,12.365793,147.017717
2024.2.22,11,24.250624,150.007005
2024.2.22,12,24.01278,142.832073
2024.2.22,13,17.971517,138.509864
2024.2.22,14,26.766322,133.044394
2024.2.22,15,24.550344,139.253183
2024.2.22,16,19.581833,139.678377
2024.2.22,17,5.335955,127.473163
2024.2.22,18,2.298498,128.204442
2024.2.22,19,0.295246,149.80259
2024.2.22,20,0.265048,153.730445
2024.2.22,21,0.008728,122.950499
2024.2.22,22,0.000328,105.187958
2024.2.22,23,0.000248,93.083849
2024.2.22,24,0.000192,107.3642
2024.2.23,1,0.0002,105.192945
2024.2.23,2,0.000216,108.374725
2024.2.23,3,0.00024,95.825141
2024.2.23,4,0.000216,94.794594
2024.2.23,5,0.000248,83.478117
2024.2.23,6,0.000248,99.705135
2024.2.23,7,0.005569,115.964619
2024.2.23,8,0.476747,108.561654
2024.2.23,9,7.454599,104.557315
2024.2.23,10,23.242284,99.738755
2024.2.23,11,39.09981,89.606054
2024.2.23,12,65.295014,81.834543
2024.2.23,13,42.802902,81.657006
2024.2.23,14,38.972566,71.247293
2024.2.23,15,38.106147,70.200808
2024.2.23,16,27.579629,64.889557
2024.2.23,17,16.221228,53.270592
2024.2.23,18,5.619076,61.716651
2024.2.23,19,1.203501,72.2375
2024.2.23,20,0.67987,70.513646
2024.2.23,21,0.212736,93.354893
2024.2.23,22,0.000304,104.190321
2024.2.23,23,0.00024,116.422738
2024.2.23,24,0.000176,124.816603
2024.2.24,1,0.00016,93.531701
2024.2.24,2,0.000176,88.076554
2024.2.24,3,0.000184,85.89897
2024.2.24,4,0.000216,90.19668
2024.2.24,5,0.000232,94.017188
2024.2.24,6,0.000216,117.273348
2024.2.24,7,0.008912,121.611768
2024.2.24,8,2.06938,113.910295
2024.2.24,9,15.322831,115.23863
2024.2.24,10,36.770645,97.09383
2024.2.24,11,58.125188,89.435042
2024.2.24,12,52.156831,73.224641
2024.2.24,13,51.47156,77.632968
2024.2.24,14,29.532251,64.329718
2024.2.24,15,16.886543,52.992195
2024.2.24,16,14.913152,55.058342
2024.2.24,17,6.035382,49.245727
2024.2.24,18,8.399189,53.752495
2024.2.24,19,1.604998,66.295872
2024.2.24,20,0.777076,57.222463
2024.2.24,21,0.182344,66.476345
2024.2.24,22,0.000336,59.002449
2024.2.24,23,0.000368,42.649083
2024.2.24,24,0.000352,37.294149
2024.2.25,1,0.000352,34.097875
2024.2.25,2,0.000368,35.416311
2024.2.25,3,0.00036,53.134995
2024.2.25,4,0.000352,105.889054
2024.2.25,5,0.000224,117.44881
2024.2.25,6,0.000216,137.169554
2024.2.25,7,0.003038,128.595111
2024.2.25,8,0.492116,130.723867
2024.2.25,9,11.827817,107.7119
2024.2.25,10,28.144813,117.422755
2024.2.25,11,46.806708,124.512513
2024.2.25,12,85.212823,92.749041
2024.2.25,13,73.107046,81.271443
2024.2.25,14,82.85573,97.460736
2024.2.25,15,70.778744,103.511164
2024.2.25,16,58.300608,95.532233
2024.2.25,17,59.518162,126.985176
2024.2.25,18,35.836568,126.098424
2024.2.25,19,5.40051,150.832876
2024.2.25,20,2.894809,154.119829
2024.2.25,21,0.872173,142.304686
2024.2.25,22,0.175146,115.536962
2024.2.25,23,0.000352,88.190049
2024.2.25,24,0.000424,87.59131
2024.2.26,1,0.00036,117.487821
2024.2.26,2,0.000424,86.15653
2024.2.26,3,0.00036,53.000963
2024.2.26,4,0.00036,48.759839
2024.2.26,5,0.000368,62.299756
2024.2.26,6,0.000344,100.151031
2024.2.26,7,0.022175,112.153411
2024.2.26,8,5.430624,114.189231
2024.2.26,9,47.151461,100.079281
2024.2.26,10,124.566947,96.91877
2024.2.26,11,210.898464,92.277743
2024.2.26,12,288.112471,68.968657
2024.2.26,13,327.175431,54.274054
2024.2.26,14,314.386857,44.471489
2024.2.26,15,309.563853,40.919581
2024.2.26,16,246.16121,47.377586
2024.2.26,17,164.905511,37.993369
2024.2.26,18,58.491125,33.820475
2024.2.26,19,6.796118,36.490092
2024.2.26,20,7.838906,32.930229
2024.2.26,21,7.068984,24.530019
2024.2.26,22,4.602874,27.079725
2024.2.26,23,0.866545,25.244897
2024.2.26,24,0.000336,16.537468
2024.2.27,1,0.000352,14.838633
2024.2.27,2,0.001304,16.43345
2024.2.27,3,0.000504,16.573029
2024.2.27,4,0.000448,16.517071
2024.2.27,5,0.000416,19.687481
2024.2.27,6,0.000352,34.097476
2024.2.27,7,0.050751,43.018143
2024.2.27,8,6.507159,47.886868
2024.2.27,9,66.640748,84.18153
2024.2.27,10,158.534643,94.068639
2024.2.27,11,203.741627,106.10477
2024.2.27,12,192.166288,92.432602
2024.2.27,13,185.964638,96.652435
2024.2.27,14,198.820374,115.931346
2024.2.27,15,183.247591,102.705527
2024.2.27,16,143.336514,99.920519
2024.2.27,17,94.260394,81.817834
2024.2.27,18,42.404919,72.579253
2024.2.27,19,6.887479,82.257851
2024.2.27,20,7.543146,63.910212
2024.2.27,21,6.984326,53.218391
2024.2.27,22,4.090647,49.189529
2024.2.27,23,0.782072,43.974305
2024.2.27,24,0.000448,36.462544
2024.2.28,1,0.000448,27.118136
2024.2.28,2,0.001304,25.61377
2024.2.28,3,0.000608,32.996993
2024.2.28,4,0.000416,28.308817
2024.2.28,5,0.000596,28.340624
2024.2.28,6,0.000496,34.824305
2024.2.28,7,0.059367,36.766949
2024.2.28,8,10.005633,30.078219
2024.2.28,9,48.512498,38.747048
2024.2.28,10,73.93474,37.829946
2024.2.28,11,90.695811,34.941781
2024.2.28,12,124.375962,55.292613
2024.2.28,13,162.465425,102.541714
2024.2.28,14,174.763184,124.298129
2024.2.28,15,118.724637,101.150827
2024.2.28,16,65.087716,82.371589
2024.2.28,17,32.724647,58.319254
2024.2.28,18,15.330352,38.478929
2024.2.28,19,4.977309,44.246521
2024.2.28,20,5.302733,48.908664
2024.2.28,21,3.352914,51.638656
2024.2.28,22,0.990949,60.455816
2024.2.28,23,0.011888,65.103221
2024.2.28,24,0.000328,54.259109
2024.2.29,1,0.000384,44.135101
2024.2.29,2,0.000408,37.570959
2024.2.29,3,0.000392,28.007563
2024.2.29,4,0.000336,41.619479
2024.2.29,5,0.000216,49.423742
2024.2.29,6,0.000224,74.884496
2024.2.29,7,0.0048,83.586034
2024.2.29,8,0.457832,123.548268
2024.2.29,9,12.49638,139.641826
2024.2.29,10,14.714986,169.807686
2024.2.29,11,20.644041,192.387406
2024.2.29,12,36.492241,199.897015
2024.2.29,13,42.373408,198.983623
2024.2.29,14,34.891884,192.120006
2024.2.29,15,32.572521,190.439495
2024.2.29,16,27.983504,175.779484
2024.2.29,17,15.368933,162.391913
2024.2.29,18,5.732857,168.903006
2024.2.29,19,0.847046,165.504725
2024.2.29,20,0.414136,161.489258
2024.2.29,21,0.02996,161.305358
2024.2.29,22,0.000392,162.733206
2024.2.29,23,0.000368,171.989232
2024.2.29,24,0.000344,217.982415
2024.3.1,1,0.000376,203.381549
2024.3.1,2,0.000368,231.00858
2024.3.1,3,0.000368,220.982961
2024.3.1,4,0.000376,216.257153
2024.3.1,5,0.000384,224.675871
2024.3.1,6,0.00036,227.655235
2024.3.1,7,0.052453,213.075476
2024.3.1,8,13.098016,240.12563
2024.3.1,9,77.712878,237.556736
2024.3.1,10,148.21922,239.884822
2024.3.1,11,162.757998,219.385151
2024.3.1,12,182.439349,191.904406
2024.3.1,13,184.798458,222.489403
2024.3.1,14,134.838259,215.086837
2024.3.1,15,107.103773,232.348736
2024.3.1,16,100.276861,225.203784
2024.3.1,17,57.167721,229.438327
2024.3.1,18,21.811518,211.435699
2024.3.1,19,5.249614,213.617634
2024.3.1,20,5.279406,216.914622
2024.3.1,21,2.137498,211.214319
2024.3.1,22,0.373309,219.481107
2024.3.1,23,0.00036,206.152179
2024.3.1,24,0.000584,206.392008
2024.3.2,1,0.000336,184.007135
2024.3.2,2,0.000628,177.714168
2024.3.2,3,0.000344,159.340308
2024.3.2,4,0.000352,139.492434
2024.3.2,5,0.000344,128.595831
2024.3.2,6,0.000352,129.001474
2024.3.2,7,0.013304,100.289162
2024.3.2,8,3.440397,68.81823
2024.3.2,9,43.269595,40.865682
2024.3.2,10,148.750361,33.565942
2024.3.2,11,222.455253,28.395738
2024.3.2,12,235.184676,25.412262
2024.3.2,13,294.849115,19.885977
2024.3.2,14,292.77803,19.17256
2024.3.2,15,230.24099,24.168053
2024.3.2,16,157.45774,27.136663
2024.3.2,17,101.625777,23.862071
2024.3.2,18,38.458861,25.222627
2024.3.2,19,6.948094,39.480325
2024.3.2,20,7.766238,24.411948
2024.3.2,21,5.950281,30.344086
2024.3.2,22,2.92513,25.517622
2024.3.2,23,0.329614,26.726482
2024.3.2,24,0.00032,29.177564
2024.3.3,1,0.000296,33.39465
2024.3.3,2,0.000588,32.062498
2024.3.3,3,0.00036,41.334226
2024.3.3,4,0.000296,43.753762
2024.3.3,5,0.00028,37.523693
2024.3.3,6,0.000312,45.598594
2024.3.3,7,0.009854,39.158435
2024.3.3,8,8.639943,27.947024
2024.3.3,9,36.728388,27.761996
2024.3.3,10,61.498039,28.236722
2024.3.3,11,79.209256,35.752981
2024.3.3,12,95.252198,36.656061
2024.3.3,13,101.949905,39.471308
2024.3.3,14,111.013431,37.896596
2024.3.3,15,143.314604,46.930266
2024.3.3,16,138.938973,52.479561
2024.3.3,17,84.880105,48.006601
2024.3.3,18,34.558475,41.170688
2024.3.3,19,5.495472,39.128952
2024.3.3,20,3.549193,28.838477
2024.3.3,21,2.500928,25.069893
2024.3.3,22,0.457981,19.721586
2024.3.3,23,0.032083,12.281271
2024.3.3,24,0.000272,8.994333
2024.3.4,1,0.000248,8.500741
2024.3.4,2,0.000248,6.683603
2024.3.4,3,0.000312,6.145557
2024.3.4,4,0.000296,6.346654
2024.3.4,5,0.00028,0.978411
2024.3.4,6,0.00028,2.787428
2024.3.4,7,0.033074,0
2024.3.4,8,9.383195,0.541953
2024.3.4,9,67.929043,3.527388
2024.3.4,10,118.178885,6.547047
2024.3.4,11,180.88048,25.415271
2024.3.4,12,228.925373,50.29204
2024.3.4,13,116.089248,68.324902
2024.3.4,14,46.89421,59.871231
2024.3.4,15,39.958318,45.149397
2024.3.4,16,12.965429,34.274908
2024.3.4,17,8.021646,28.493147
2024.3.4,18,5.061933,38.889993
2024.3.4,19,4.384831,62.254855
2024.3.4,20,4.616079,62.131527
2024.3.4,21,3.3,47.194655
2024.3.4,22,1.064557,52.324538
2024.3.4,23,0.008074,54.786763
2024.3.4,24,0.00044,69.062371
2024.3.5,1,0.000416,81.748488
2024.3.5,2,0.000336,62.336648
2024.3.5,3,0.00032,60.254552
2024.3.5,4,0.000312,64.521665
2024.3.5,5,0.000296,65.354656
2024.3.5,6,0.000336,89.502937
2024.3.5,7,0.00265,80.598942
2024.3.5,8,0.354878,73.766464
2024.3.5,9,7.504052,82.302875
2024.3.5,10,18.40039,92.609393
2024.3.5,11,19.410428,91.960653
2024.3.5,12,26.03545,93.32689
2024.3.5,13,23.080102,93.024475
2024.3.5,14,19.63796,97.823753
2024.3.5,15,15.290501,88.79469
2024.3.5,16,13.661444,110.812265
2024.3.5,17,18.371694,131.476062
2024.3.5,18,5.75135,148.385697
2024.3.5,19,0.614353,151.24809
2024.3.5,20,0.298248,149.630556
2024.3.5,21,0.028328,141.965015
2024.3.5,22,0.000312,151.115813
2024.3.5,23,0.000352,112.863475
2024.3.5,24,0.000344,121.399349
2024.3.6,1,0.000352,144.897236
2024.3.6,2,0.000352,106.72969
2024.3.6,3,0.00036,84.820319
2024.3.6,4,0.000352,84.477254
2024.3.6,5,0.000344,79.203676
2024.3.6,6,0.000304,101.031426
2024.3.6,7,0.005117,87.632176
2024.3.6,8,1.249946,88.868486
2024.3.6,9,11.967744,74.951173
2024.3.6,10,36.722864,55.187414
2024.3.6,11,50.566466,41.626221
2024.3.6,12,84.550116,28.950863
2024.3.6,13,90.735518,25.351584
2024.3.6,14,99.030042,23.022312
2024.3.6,15,99.322891,32.410366
2024.3.6,16,80.466999,30.201561
2024.3.6,17,63.334017,32.589821
2024.3.6,18,29.617945,34.545319
2024.3.6,19,6.365905,43.439419
2024.3.6,20,4.850596,45.432532
2024.3.6,21,2.42222,47.27778
2024.3.6,22,0.610364,49.758136
2024.3.6,23,0.000272,77.068528
2024.3.6,24,0.00024,93.491915
2024.3.7,1,0.000272,89.456759
2024.3.7,2,0.000864,69.075217
2024.3.7,3,0.000344,74.650507
2024.3.7,4,0.000452,105.330863
2024.3.7,5,0.000328,108.397927
2024.3.7,6,0.000296,141.832081
2024.3.7,7,0.106232,150.182572
2024.3.7,8,17.688853,115.289873
2024.3.7,9,91.874553,116.155701
2024.3.7,10,192.820421,89.045318
2024.3.7,11,275.485137,81.148493
2024.3.7,12,319.182745,53.978278
2024.3.7,13,281.07044,61.930946
2024.3.7,14,239.440766,141.594561
2024.3.7,15,257.770459,117.803067
2024.3.7,16,213.64143,155.48755
2024.3.7,17,120.705124,184.882234
2024.3.7,18,39.367902,193.382576
2024.3.7,19,8.339876,222.599568
2024.3.7,20,7.812645,246.121402
2024.3.7,21,6.937099,231.947147
2024.3.7,22,4.451857,221.428393
2024.3.7,23,0.716064,231.042179
2024.3.7,24,0.000168,218.231748
2024.3.8,1,0.000208,206.37104
2024.3.8,2,0.001008,205.525966
2024.3.8,3,0.000384,201.033968
2024.3.8,4,0.00024,183.408288
2024.3.8,5,0.000288,182.615675
2024.3.8,6,0.000216,192.233678
2024.3.8,7,0.100226,174.903971
2024.3.8,8,15.847565,165.156319
2024.3.8,9,69.05695,154.449528
2024.3.8,10,138.245677,145.00018
2024.3.8,11,183.247162,168.26784
2024.3.8,12,283.466,147.834795
2024.3.8,13,336.401392,93.887097
2024.3.8,14,352.35663,75.497044
2024.3.8,15,338.427182,87.283196
2024.3.8,16,265.404811,161.180249
2024.3.8,17,152.289358,229.089607
2024.3.8,18,46.900243,229.063905
2024.3.8,19,8.244776,236.902221
2024.3.8,20,7.837394,232.507069
2024.3.8,21,7.076151,204.009333
2024.3.8,22,4.495217,196.831668
2024.3.8,23,0.81232,198.475853
2024.3.8,24,0.000312,197.06097
2024.3.9,1,0.000328,191.34356
2024.3.9,2,0.001156,184.504396
2024.3.9,3,0.000516,182.927626
2024.3.9,4,0.000336,173.524098
2024.3.9,5,0.000376,161.099774
2024.3.9,6,0.000424,162.998287
2024.3.9,7,0.115998,147.505685
2024.3.9,8,17.206868,130.035175
2024.3.9,9,89.138602,122.94289
2024.3.9,10,191.975678,134.551747
2024.3.9,11,269.542413,127.586264
2024.3.9,12,335.565318,66.972638
2024.3.9,13,366.296019,9.924158
2024.3.9,14,362.702456,7.421584
2024.3.9,15,333.994484,30.738977
2024.3.9,16,271.592503,75.532472
2024.3.9,17,184.002377,104.121792
2024.3.9,18,75.771138,115.097403
2024.3.9,19,10.657049,117.674753
2024.3.9,20,7.82089,107.917542
2024.3.9,21,7.123543,101.503512
2024.3.9,22,4.544563,104.645037
2024.3.9,23,1.017337,91.786154
2024.3.9,24,0.000152,86.433645
2024.3.10,1,0.00016,76.852549
2024.3.10,2,0.001156,62.00595
2024.3.10,3,0.000272,73.768732
2024.3.10,4,0.00036,74.885601
2024.3.10,5,0.000432,75.962738
2024.3.10,6,0.000296,82.371834
2024.3.10,7,0.244614,60.688027
2024.3.10,8,26.927605,55.158405
2024.3.10,9,128.564491,33.082338
2024.3.10,10,234.255303,27.26936
2024.3.10,11,305.144976,16.171228
2024.3.10,12,330.51955,5.64302
2024.3.10,13,318.248174,3.071144
2024.3.10,14,305.708201,2.821176
2024.3.10,15,291.424891,4.768211
2024.3.10,16,242.969446,11.055654
2024.3.10,17,162.454386,4.418357
2024.3.10,18,71.806981,0.629112
2024.3.10,19,11.774927,8.973006
2024.3.10,20,7.780042,5.760685
2024.3.10,21,7.202439,2.1504
2024.3.10,22,4.479929,0.580552
2024.3.10,23,0.873362,3.555184
2024.3.10,24,0.00044,5.6614
2024.3.11,1,0.000464,13.725468
2024.3.11,2,0.001576,22.697709
2024.3.11,3,0.000776,37.089056
2024.3.11,4,0.000568,35.043541
2024.3.11,5,0.000488,33.215851
2024.3.11,6,0.00056,71.873961
2024.3.11,7,0.265031,87.548973
2024.3.11,8,27.408739,69.629898
2024.3.11,9,79.54049,81.109592
2024.3.11,10,102.556136,81.410493
2024.3.11,11,111.332575,57.747185
2024.3.11,12,107.119934,77.249309
2024.3.11,13,105.611283,62.648915
2024.3.11,14,99.876404,48.489727
2024.3.11,15,37.474977,40.921667
2024.3.11,16,19.408214,11.851305
2024.3.11,17,14.260522,4.391645
2024.3.11,18,5.739366,0.656264
2024.3.11,19,3.510874,18.699232
2024.3.11,20,3.75083,17.237141
2024.3.11,21,2.450768,7.600175
2024.3.11,22,0.342185,2.563456
2024.3.11,23,0.000352,4.507622
2024.3.11,24,0.00036,10.388677
2024.3.12,1,0.00036,10.861124
2024.3.12,2,0.000312,18.676104
2024.3.12,3,0.000352,31.492441
2024.3.12,4,0.0002,48.582478
2024.3.12,5,0.000224,64.121926
2024.3.12,6,0.00024,93.367247
2024.3.12,7,0.213653,46.837736
2024.3.12,8,22.398908,39.742641
2024.3.12,9,101.185222,36.487755
2024.3.12,10,170.561599,30.602947
2024.3.12,11,208.021284,33.816394
2024.3.12,12,224.612672,40.232915
2024.3.12,13,189.835459,69.224337
2024.3.12,14,150.931,81.9085
2024.3.12,15,129.36508,116.751845
2024.3.12,16,72.647293,155.217639
2024.3.12,17,34.123063,190.510698
2024.3.12,18,10.333086,209.006039
2024.3.12,19,5.432394,227.02035
2024.3.12,20,7.036337,233.186568
2024.3.12,21,4.859208,241.932472
2024.3.12,22,2.019816,211.7564
2024.3.12,23,0.1762,235.327862
2024.3.12,24,0.000288,221.334602
2024.3.13,1,0.000304,171.948829
2024.3.13,2,0.00062,145.966556
2024.3.13,3,0.000312,167.102921
2024.3.13,4,0.000216,193.624579
2024.3.13,5,0.000324,163.261377
2024.3.13,6,0.000232,122.455874
2024.3.13,7,0.345482,129.678381
2024.3.13,8,28.909106,97.08868
2024.3.13,9,128.55152,64.070485
2024.3.13,10,235.501345,24.23931
2024.3.13,11,309.41444,21.360443
2024.3.13,12,357.855415,20.274902
2024.3.13,13,375.356454,11.26682
2024.3.13,14,366.131843,11.416669
2024.3.13,15,337.676026,16.116866
2024.3.13,16,268.353324,18.544588
2024.3.13,17,154.224328,19.22053
2024.3.13,18,59.203604,36.921144
2024.3.13,19,9.743393,65.453064
2024.3.13,20,7.456121,74.961525
2024.3.13,21,6.780684,50.336769
2024.3.13,22,4.346596,40.584594
2024.3.13,23,0.866629,35.002189
2024.3.13,24,0.000344,38.969104
2024.3.14,1,0.000352,30.141244
2024.3.14,2,0.002064,25.54046
2024.3.14,3,0.000492,14.445795
2024.3.14,4,0.0004,13.404893
2024.3.14,5,0.000304,26.339646
2024.3.14,6,0.000492,38.672883
2024.3.14,7,0.250337,33.739174
2024.3.14,8,21.92046,17.850975
2024.3.14,9,72.577958,3.39985
2024.3.14,10,164.913701,0.263388
2024.3.14,11,255.268378,0.06297
2024.3.14,12,292.600122,0.5933
2024.3.14,13,299.647126,2.267821
2024.3.14,14,277.860171,5.7743
2024.3.14,15,206.927335,3.77796
2024.3.14,16,185.626581,3.440073
2024.3.14,17,129.227022,2.763663
2024.3.14,18,62.755708,1.449467
2024.3.14,19,11.644812,3.906336
2024.3.14,20,7.460136,2.27784
2024.3.14,21,6.752396,3.348976
2024.3.14,22,3.843564,5.628587
2024.3.14,23,0.508579,11.441575
2024.3.14,24,0.00032,10.811008
2024.3.15,1,0.000392,7.485897
2024.3.15,2,0.00142,12.789528
2024.3.15,3,0.00032,12.405482
2024.3.15,4,0.000652,7.617635
2024.3.15,5,0.000464,3.433724
2024.3.15,6,0.000336,12.117614
2024.3.15,7,0.447638,4.264915
2024.3.15,8,31.124587,2.362851
2024.3.15,9,128.329415,1.666924
2024.3.15,10,227.95839,0.08526
2024.3.15,11,297.467279,0.8283
2024.3.15,12,340.889092,1.737019
2024.3.15,13,358.480321,3.752353
2024.3.15,14,350.879334,4.464409
2024.3.15,15,320.113448,5.523688
2024.3.15,16,262.671222,5.20992
2024.3.15,17,177.32773,2.795153
2024.3.15,18,75.096966,0.512334
2024.3.15,19,12.376427,2.685032
2024.3.15,20,7.519768,6.314384
2024.3.15,21,7.040804,9.520334
2024.3.15,22,4.402868,5.306978
2024.3.15,23,0.981147,3.741657
2024.3.15,24,0.0002,2.089066
2024.3.16,1,0.000216,0.730873
2024.3.16,2,0.001652,0.95596
2024.3.16,3,0.000516,0.180921
2024.3.16,4,0.00032,0.00216
2024.3.16,5,0.000348,0.21192
2024.3.16,6,0.000396,0.12054
2024.3.16,7,0.453787,0.185204
2024.3.16,8,31.157982,1.17486
2024.3.16,9,129.830759,0.586611
2024.3.16,10,226.087391,0.200416
2024.3.16,11,289.996603,5.424263
2024.3.16,12,313.691648,15.87686
2024.3.16,13,285.180465,15.549332
2024.3.16,14,238.275697,25.712351
2024.3.16,15,135.868877,26.30914
2024.3.16,16,93.874314,29.461937
2024.3.16,17,38.090507,24.238065
2024.3.16,18,12.634364,28.019428
2024.3.16,19,5.783542,65.498527
2024.3.16,20,7.16636,54.38765
2024.3.16,21,4.717996,36.502498
2024.3.16,22,2.078496,25.208053
2024.3.16,23,0.298039,38.286029
2024.3.16,24,0.000412,41.5921
2024.3.17,1,0.000276,33.421568
2024.3.17,2,0.0008,15.781076
2024.3.17,3,0.000288,8.387275
2024.3.17,4,0.000372,6.402245
2024.3.17,5,0.000336,2.389747
2024.3.17,6,0.000248,5.395615
2024.3.17,7,0.036485,11.32374
2024.3.17,8,6.344376,46.765248
2024.3.17,9,37.011535,120.952847
2024.3.17,10,101.751814,150.173984
2024.3.17,11,148.854088,188.060526
2024.3.17,12,61.650173,212.216939
2024.3.17,13,144.66651,216.552209
2024.3.17,14,212.202401,201.898165
2024.3.17,15,190.821162,221.923329
2024.3.17,16,144.599826,239.990439
2024.3.17,17,105.500684,246.633824
2024.3.17,18,48.99282,238.405288
2024.3.17,19,9.088005,250.192189
2024.3.17,20,6.258147,250.249234
2024.3.17,21,2.663673,230.624078
2024.3.17,22,0.441332,215.328514
2024.3.17,23,0.00336,222.507262
2024.3.17,24,0.000304,234.830925
2024.3.18,1,0.000216,221.696144
2024.3.18,2,0.000416,219.762304
2024.3.18,3,0.000224,221.564913
2024.3.18,4,0.000208,182.751141
2024.3.18,5,0.0002,174.997935
2024.3.18,6,0.000332,166.18177
2024.3.18,7,0.659748,138.863716
2024.3.18,8,32.667251,100.633187
2024.3.18,9,124.502701,52.721298
2024.3.18,10,223.934723,29.499605
2024.3.18,11,292.859329,21.103701
2024.3.18,12,336.835805,20.373694
2024.3.18,13,354.10669,15.039826
2024.3.18,14,343.086923,16.707666
2024.3.18,15,306.928136,12.60194
2024.3.18,16,236.018586,12.197703
2024.3.18,17,144.453913,20.789217
2024.3.18,18,40.139485,9.047409
2024.3.18,19,7.790936,7.952888
2024.3.18,20,7.50208,16.596654
2024.3.18,21,6.739396,16.570087
2024.3.18,22,4.281668,3.543021
2024.3.18,23,0.930366,0.986076
2024.3.18,24,0.000272,8.681847
2024.3.19,1,0.00028,13.232695
2024.3.19,2,0.000924,14.466233
2024.3.19,3,0.000308,14.08212
2024.3.19,4,0.000428,23.570612
2024.3.19,5,0.0002,28.973438
2024.3.19,6,0.000208,41.261123
2024.3.19,7,0.025807,23.868172
2024.3.19,8,4.080354,37.766815
2024.3.19,9,30.290403,38.024794
2024.3.19,10,149.306993,19.34366
2024.3.19,11,262.665108,32.261807
2024.3.19,12,293.816979,100.007388
2024.3.19,13,335.167062,39.424236
2024.3.19,14,360.476439,17.903117
2024.3.19,15,330.205336,54.63894
2024.3.19,16,216.885479,148.306361
2024.3.19,17,83.497848,166.491997
2024.3.19,18,34.908232,175.467831
2024.3.19,19,10.259334,212.83746
2024.3.19,20,7.517577,243.779569
2024.3.19,21,6.656341,256.477462
2024.3.19,22,4.322756,266.425291
2024.3.19,23,0.880722,260.986212
2024.3.19,24,0.00036,253.192735
2024.3.20,1,0.000368,241.828552
2024.3.20,2,0.00108,230.922875
2024.3.20,3,0.000468,216.981022
2024.3.20,4,0.000364,195.383049
2024.3.20,5,0.000256,188.073422
2024.3.20,6,0.000232,222.725522
2024.3.20,7,0.606815,228.421027
2024.3.20,8,22.34354,249.808163
2024.3.20,9,81.096515,252.586757
2024.3.20,10,160.544856,252.485827
2024.3.20,11,242.708448,227.611355
2024.3.20,12,306.39536,134.767534
2024.3.20,13,348.308339,51.987093
2024.3.20,14,354.873466,36.991347
2024.3.20,15,313.98983,93.114867
2024.3.20,16,260.471244,152.672551
2024.3.20,17,170.291719,209.348564
2024.3.20,18,74.248614,222.063976
2024.3.20,19,12.908789,211.003936
2024.3.20,20,7.658505,195.72032
2024.3.20,21,6.846533,165.561964
2024.3.20,22,4.431532,126.585553
2024.3.20,23,0.839145,118.804365
2024.3.20,24,0.000368,100.503807
2024.3.21,1,0.000352,63.644481
2024.3.21,2,0.000972,65.880022
2024.3.21,3,0.000648,78.107969
2024.3.21,4,0.000368,77.818572
2024.3.21,5,0.000368,70.825338
2024.3.21,6,0.000432,77.176477
2024.3.21,7,1.091762,70.620916
2024.3.21,8,40.296656,66.775012
2024.3.21,9,146.063624,68.387666
2024.3.21,10,250.731584,49.611246
2024.3.21,11,323.56261,42.035205
2024.3.21,12,368.651072,27.915281
2024.3.21,13,384.867928,8.169389
2024.3.21,14,371.735473,9.10826
2024.3.21,15,347.029697,18.55762
2024.3.21,16,281.593829,16.877271
2024.3.21,17,187.917617,8.779918
2024.3.21,18,81.971722,2.497676
2024.3.21,19,14.136947,7.391573
2024.3.21,20,7.675596,11.906956
2024.3.21,21,7.219149,11.423128
2024.3.21,22,4.576707,11.854827
2024.3.21,23,0.948125,34.715037
2024.3.21,24,0.00036,67.756511
2024.3.22,1,0.00036,72.103024
2024.3.22,2,0.001484,58.833763
2024.3.22,3,0.000552,70.595178
2024.3.22,4,0.000484,64.136436
2024.3.22,5,0.000464,70.022745
2024.3.22,6,0.000508,100.516385
2024.3.22,7,1.118871,132.24619
2024.3.22,8,34.317924,152.793596
2024.3.22,9,121.469825,161.802818
2024.3.22,10,216.470326,204.208179
2024.3.22,11,288.963847,127.114428
2024.3.22,12,327.711443,50.360795
2024.3.22,13,327.520682,21.113304
2024.3.22,14,268.305142,110.360252
2024.3.22,15,144.834064,213.623673
2024.3.22,16,43.050578,221.79472
2024.3.22,17,14.488471,217.560547
2024.3.22,18,7.80544,240.623807
2024.3.22,19,5.322765,229.706534
2024.3.22,20,7.426348,229.85359
2024.3.22,21,6.524828,226.513704
2024.3.22,22,4.219589,214.670787
2024.3.22,23,0.717228,213.566042
2024.3.22,24,0.051152,202.313852
2024.3.23,1,0.000412,147.238296
2024.3.23,2,0.001596,121.787604
2024.3.23,3,0.000496,125.335629
2024.3.23,4,0.00058,143.508071
2024.3.23,5,0.00048,124.027974
2024.3.23,6,0.00048,132.061506
2024.3.23,7,0.780378,61.002151
2024.3.23,8,13.850327,24.597224
2024.3.23,9,38.367562,5.627627
2024.3.23,10,114.249841,0.495256
2024.3.23,11,220.225627,0.137188
2024.3.23,12,272.117931,0.251709
2024.3.23,13,259.658285,0.430025
2024.3.23,14,247.086293,2.405676
2024.3.23,15,200.248502,0.463457
2024.3.23,16,103.665059,1.080927
2024.3.23,17,34.056981,1.728433
2024.3.23,18,13.604998,1.683118
2024.3.23,19,5.871669,5.180208
2024.3.23,20,6.680444,6.175407
2024.3.23,21,5.707308,3.518155
2024.3.23,22,3.333745,7.951636
2024.3.23,23,0.519155,5.392684
2024.3.23,24,0.001476,1.212679
2024.3.24,1,0.000352,1.686296
2024.3.24,2,0.001072,13.283277
2024.3.24,3,0.000652,27.305906
2024.3.24,4,0.000444,29.964408
2024.3.24,5,0.000312,41.000569
2024.3.24,6,0.000376,76.53622
2024.3.24,7,0.009699,67.617295
2024.3.24,8,1.514372,67.136155
2024.3.24,9,12.491117,74.027988
2024.3.24,10,18.578085,76.320077
2024.3.24,11,27.633998,71.31445
2024.3.24,12,35.250996,64.390172
2024.3.24,13,42.11624,57.353275
2024.3.24,14,55.30512,55.138111
2024.3.24,15,47.131506,51.093159
2024.3.24,16,36.477095,53.424569
2024.3.24,17,26.413827,75.117828
2024.3.24,18,17.704203,92.663882
2024.3.24,19,4.67221,93.33468
2024.3.24,20,2.210269,84.59691
2024.3.24,21,0.254784,68.495227
2024.3.24,22,0.000256,65.572893
2024.3.24,23,0.000256,50.260244
2024.3.24,24,0.000224,33.901055
2024.3.25,1,0.000216,23.758081
2024.3.25,2,0.000216,26.449242
2024.3.25,3,0.000264,30.902952
2024.3.25,4,0.00024,22.671404
2024.3.25,5,0.000248,21.467093
2024.3.25,6,0.00024,29.393362
2024.3.25,7,0.117449,29.086385
2024.3.25,8,8.823677,34.154354
2024.3.25,9,48.081277,44.019178
2024.3.25,10,51.071237,47.767668
2024.3.25,11,54.120679,56.094747
2024.3.25,12,29.37578,93.392052
2024.3.25,13,14.159127,101.158691
2024.3.25,14,25.143193,52.523446
2024.3.25,15,40.520053,80.030561
2024.3.25,16,36.51599,88.772137
2024.3.25,17,35.585693,86.48637
2024.3.25,18,17.957462,73.2915
2024.3.25,19,5.649398,94.544433
2024.3.25,20,2.507764,111.715345
2024.3.25,21,1.253082,125.050594
2024.3.25,22,0.555256,127.339351
2024.3.25,23,0.000392,104.23393
2024.3.25,24,0.00024,68.178405
2024.3.26,1,0.000184,71.162173
2024.3.26,2,0.000176,93.601945
2024.3.26,3,0.0002,69.450601
2024.3.26,4,0.000216,87.27058
2024.3.26,5,0.00024,43.634588
2024.3.26,6,0.000248,75.128919
2024.3.26,7,0.375943,247.966082
2024.3.26,8,17.726232,197.909188
2024.3.26,9,33.042966,92.641312
2024.3.26,10,71.548055,113.778614
2024.3.26,11,143.944045,163.560111
2024.3.26,12,152.610355,200.750542
2024.3.26,13,174.961491,192.678883
2024.3.26,14,186.211196,187.737605
2024.3.26,15,173.616844,200.232223
2024.3.26,16,150.244977,197.156752
2024.3.26,17,106.274238,201.716211
2024.3.26,18,44.235842,160.731157
2024.3.26,19,9.664584,70.425336
2024.3.26,20,3.45626,48.586734
2024.3.26,21,0.866052,47.110977
2024.3.26,22,0.0524,29.892943
2024.3.26,23,0.0146,21.347798
2024.3.26,24,0.000376,13.579241
2024.3.27,1,0.000368,6.900284
2024.3.27,2,0.000336,3.565532
2024.3.27,3,0.000368,2.049295
2024.3.27,4,0.000368,2.296561
2024.3.27,5,0.000376,1.550272
2024.3.27,6,0.000384,6.024328
2024.3.27,7,1.981849,1.995224
2024.3.27,8,41.408685,2.12424
2024.3.27,9,139.53714,0.747148
2024.3.27,10,181.858908,0.713554
2024.3.27,11,228.469188,6.521855
2024.3.27,12,262.801294,11.490398
2024.3.27,13,269.352252,17.969349
2024.3.27,14,271.748557,22.636407
2024.3.27,15,245.770229,21.989743
2024.3.27,16,114.821038,17.946418
2024.3.27,17,46.59948,18.540187
2024.3.27,18,26.65548,24.204917
2024.3.27,19,6.337378,25.442185
2024.3.27,20,7.499804,20.127296
2024.3.27,21,6.662304,26.829777
2024.3.27,22,4.240312,46.683715
2024.3.27,23,0.646885,79.647523
2024.3.27,24,0.000352,73.096758
2024.3.28,1,0.000384,52.802747
2024.3.28,2,0.001756,33.426884
2024.3.28,3,0.000644,55.71765
2024.3.28,4,0.000392,82.817436
2024.3.28,5,0.00046,83.603577
2024.3.28,6,0.000368,97.956303
2024.3.28,7,0.014391,127.900568
2024.3.28,8,2.005568,173.219513
2024.3.28,9,9.2759,219.591504
2024.3.28,10,14.145671,242.892969
2024.3.28,11,24.114585,219.339862
2024.3.28,12,26.513966,206.418685
2024.3.28,13,20.551875,197.438942
2024.3.28,14,18.620703,197.892524
2024.3.28,15,19.906954,142.248529
2024.3.28,16,18.666243,74.625086
2024.3.28,17,13.0427,76.783739
2024.3.28,18,8.13346,128.648936
2024.3.28,19,6.636904,185.40783
2024.3.28,20,0.622375,176.130529
2024.3.28,21,0.003976,209.806878
2024.3.28,22,0.000352,221.900213
2024.3.28,23,0.000408,199.689999
2024.3.28,24,0.0004,175.158343
2024.3.29,1,0.000424,104.681857
2024.3.29,2,0.000368,69.745917
2024.3.29,3,0.000392,50.845752
2024.3.29,4,0.000392,40.367945
2024.3.29,5,0.000392,16.810121
2024.3.29,6,0.000408,21.22072
2024.3.29,7,2.885225,22.679378
2024.3.29,8,41.618168,34.839246
2024.3.29,9,116.170096,66.764075
2024.3.29,10,198.845454,117.597038
2024.3.29,11,280.095752,67.828601
2024.3.29,12,326.183774,12.890645
2024.3.29,13,320.404612,11.078414
2024.3.29,14,299.932867,28.654308
2024.3.29,15,258.955419,70.038153
2024.3.29,16,202.442171,120.301865
2024.3.29,17,117.369067,138.242604
2024.3.29,18,50.333965,90.732471
2024.3.29,19,12.178352,65.391422
2024.3.29,20,7.28186,53.07975
2024.3.29,21,4.67318,52.808812
2024.3.29,22,2.226848,38.575908
2024.3.29,23,0.301811,18.094792
2024.3.29,24,0.00044,3.211671
2024.3.30,1,0.000368,0.655754
2024.3.30,2,0.000456,2.387493
2024.3.30,3,0.000472,0.907074
2024.3.30,4,0.000376,0.144571
2024.3.30,5,0.000376,3.240233
2024.3.30,6,0.000376,21.532039
2024.3.30,7,1.960798,74.868921
2024.3.30,8,33.371333,100.794317
2024.3.30,9,99.855253,124.372304
2024.3.30,10,167.682291,114.878162
2024.3.30,11,221.082255,43.417875
2024.3.30,12,249.688908,8.988735
2024.3.30,13,252.324787,7.911068
2024.3.30,14,250.588406,4.746044
2024.3.30,15,235.22867,4.224616
2024.3.30,16,214.54427,29.11642
2024.3.30,17,147.685774,58.39404
2024.3.30,18,61.733007,47.381795
2024.3.30,19,19.333074,45.001509
2024.3.30,20,7.47784,42.077041
2024.3.30,21,6.951008,27.165097
2024.3.30,22,4.640788,17.230178
2024.3.30,23,0.8369,14.045103
2024.3.30,24,0.000312,12.649776
2024.3.31,1,0.000264,9.971498
2024.3.31,2,0.000956,25.469764
2024.3.31,3,0.000272,38.159466
2024.3.31,4,0.000416,36.850434
2024.3.31,5,0.00036,36.19366
2024.3.31,6,0.000248,28.010866
2024.3.31,7,2.926217,13.65673
2024.3.31,8,36.96423,14.792854
2024.3.31,9,81.392114,13.552255
2024.3.31,10,144.011351,8.977392
2024.3.31,11,185.244265,6.354318
2024.3.31,12,119.9662,5.170594
2024.3.31,13,69.439249,4.822325
2024.3.31,14,52.646036,6.000415
2024.3.31,15,52.857783,3.20992
2024.3.31,16,43.21736,2.221987
2024.3.31,17,36.145179,3.39728
2024.3.31,18,54.239023,24.04115
2024.3.31,19,12.266637,30.180958
2024.3.31,20,3.4283,11.65983
2024.3.31,21,2.524497,9.912668
2024.3.31,22,0.355336,24.96035
2024.3.31,23,0.006984,5.207502
2024.3.31,24,0.00032,0.843534
2024.4.1,1,0.00036,1.93434
2024.4.1,2,0.00036,11.109431
2024.4.1,3,0.000368,32.302175
2024.4.1,4,0.000368,32.99824
2024.4.1,5,0.000368,22.842683
2024.4.1,6,0.0238,22.241709
2024.4.1,7,3.244514,10.597481
2024.4.1,8,51.543118,2.299907
2024.4.1,9,150.502632,1.457187
2024.4.1,10,242.453121,2.462714
2024.4.1,11,304.355448,3.767263
2024.4.1,12,311.950767,1.758115
2024.4.1,13,289.972859,2.13316
2024.4.1,14,282.661291,1.906451
2024.4.1,15,282.803095,5.561819
2024.4.1,16,263.356707,1.48519
2024.4.1,17,184.141805,0.213121
2024.4.1,18,85.264258,1.058342
2024.4.1,19,16.310789,0.97397
2024.4.1,20,7.484478,24.220337
2024.4.1,21,7.205048,32.764833
2024.4.1,22,4.663372,42.34436
2024.4.1,23,0.983331,65.306112
2024.4.1,24,0.000296,87.06202
2024.4.2,1,0.000296,105.725989
2024.4.2,2,0.000884,129.115082
2024.4.2,3,0.000496,114.599435
2024.4.2,4,0.000432,96.842726
2024.4.2,5,0.000264,75.111899
2024.4.2,6,0.008683,84.245321
2024.4.2,7,1.07737,89.970952
2024.4.2,8,16.020875,79.880886
2024.4.2,9,41.6807,45.8616
2024.4.2,10,53.569045,23.682857
2024.4.2,11,57.140398,35.895916
2024.4.2,12,69.551716,31.8322
2024.4.2,13,63.436717,45.228855
2024.4.2,14,40.333333,66.444437
2024.4.2,15,29.567783,92.085294
2024.4.2,16,15.316438,86.879047
2024.4.2,17,15.341469,122.474182
2024.4.2,18,13.979837,150.978328
2024.4.2,19,3.101238,173.733665
2024.4.2,20,2.271811,213.161199
2024.4.2,21,0.398272,186.135581
2024.4.2,22,0.04852,184.859056
2024.4.2,23,0.0002,142.868085
2024.4.2,24,0.000208,109.318126
2024.4.3,1,0.000208,90.945351
2024.4.3,2,0.0002,116.280833
2024.4.3,3,0.000224,27.074886
2024.4.3,4,0.000248,51.736624
2024.4.3,5,0.000256,79.670798
2024.4.3,6,0.002808,29.509671
2024.4.3,7,0.197263,23.191057
2024.4.3,8,2.876243,50.410088
2024.4.3,9,12.364618,58.332697
2024.4.3,10,12.09861,46.598455
2024.4.3,11,37.551363,31.525941
2024.4.3,12,34.372071,25.880036
2024.4.3,13,22.339188,20.434585
2024.4.3,14,14.992076,21.700112
2024.4.3,15,28.312972,23.267085
2024.4.3,16,36.775686,10.048733
2024.4.3,17,29.421672,10.927376
2024.4.3,18,13.094858,18.882447
2024.4.3,19,2.143501,20.725044
2024.4.3,20,0.376867,47.589499
2024.4.3,21,0.000232,67.500863
2024.4.3,22,0.000256,79.960217
2024.4.3,23,0.00028,68.778399
2024.4.3,24,0.00024,42.556569
2024.4.4,1,0.000272,23.621959
2024.4.4,2,0.00024,17.966466
2024.4.4,3,0.000288,9.74118
2024.4.4,4,0.000272,8.243323
2024.4.4,5,0.000256,21.385612
2024.4.4,6,0.004409,22.501373
2024.4.4,7,0.385227,3.859665
2024.4.4,8,12.398599,0.192496
2024.4.4,9,43.637714,0.144329
2024.4.4,10,53.711001,1.368426
2024.4.4,11,56.013202,5.771584
2024.4.4,12,46.040234,7.132471
2024.4.4,13,41.982274,10.730127
2024.4.4,14,44.983408,9.524634
2024.4.4,15,47.831471,12.923449
2024.4.4,16,37.806137,15.148253
2024.4.4,17,23.418514,17.877966
2024.4.4,18,8.498511,11.914885
2024.4.4,19,1.682618,11.494007
2024.4.4,20,2.283846,15.654301
2024.4.4,21,0.675208,8.415417
2024.4.4,22,0.000408,10.305077
2024.4.4,23,0.000448,11.901705
2024.4.4,24,0.000416,12.270469
2024.4.5,1,0.000416,13.169918
2024.4.5,2,0.000384,11.828708
2024.4.5,3,0.00028,17.073157
2024.4.5,4,0.00028,21.26698
2024.4.5,5,0.000328,16.343367
2024.4.5,6,0.018234,30.966726
2024.4.5,7,2.993991,33.20083
2024.4.5,8,34.657174,31.903607
2024.4.5,9,94.856266,28.427463
2024.4.5,10,141.589305,37.119943
2024.4.5,11,159.972872,40.791222
2024.4.5,12,203.37821,35.16876
2024.4.5,13,242.38816,40.659365
2024.4.5,14,217.096153,39.725971
2024.4.5,15,208.459808,33.071548
2024.4.5,16,195.565762,28.787882
2024.4.5,17,148.182531,30.108923
2024.4.5,18,81.94585,31.626785
2024.4.5,19,16.464969,28.791706
2024.4.5,20,7.552266,44.207779
2024.4.5,21,6.240589,22.36736
2024.4.5,22,2.512624,9.704292
2024.4.5,23,0.222288,8.563908
2024.4.5,24,0.0004,20.499703
2024.4.6,1,0.000416,13.507223
2024.4.6,2,0.000976,10.466321
2024.4.6,3,0.0004,29.718287
2024.4.6,4,0.000264,23.033005
2024.4.6,5,0.00024,25.66871
2024.4.6,6,0.019119,44.723601
2024.4.6,7,3.037931,39.279276
2024.4.6,8,51.180548,24.864045
2024.4.6,9,102.334641,25.468867
2024.4.6,10,127.452767,16.624869
2024.4.6,11,90.973652,7.870464
2024.4.6,12,141.380776,13.815793
2024.4.6,13,102.96597,18.099825
2024.4.6,14,94.207666,13.28173
2024.4.6,15,157.001967,16.405899
2024.4.6,16,116.552665,17.131212
2024.4.6,17,121.129287,18.574337
2024.4.6,18,65.61746,6.313772
2024.4.6,19,15.131942,15.86288
2024.4.6,20,5.006728,20.090671
2024.4.6,21,2.655044,3.22422
2024.4.6,22,1.130336,5.133455
2024.4.6,23,0.224984,2.350953
2024.4.6,24,0.000264,0.155847
2024.4.7,1,0.00028,0.0126
2024.4.7,2,0.000304,1.708796
2024.4.7,3,0.00032,2.103281
2024.4.7,4,0.000312,3.318136
2024.4.7,5,0.000296,15.702416
2024.4.7,6,0.033181,19.725188
2024.4.7,7,5.133604,16.508036
2024.4.7,8,58.772863,18.351427
2024.4.7,9,153.699324,12.928986
2024.4.7,10,230.166975,4.800332
2024.4.7,11,249.365113,5.989699
2024.4.7,12,248.736843,2.29654
2024.4.7,13,232.506768,1.809332
2024.4.7,14,207.488453,3.276672
2024.4.7,15,228.078716,3.28829
2024.4.7,16,172.863253,1.494501
2024.4.7,17,165.254933,0.715621
2024.4.7,18,73.304876,1.089979
2024.4.7,19,16.720894,0.242045
2024.4.7,20,7.410392,1.829968
2024.4.7,21,7.028928,0.324576
2024.4.7,22,4.338288,0.30576
2024.4.7,23,0.870899,0.102864
2024.4.7,24,0.00032,0.001232
2024.4.8,1,0.000344,0.00384
2024.4.8,2,0.001172,0.04488
2024.4.8,3,0.000428,0.613144
2024.4.8,4,0.000488,2.911023
2024.4.8,5,0.000416,3.096176
2024.4.8,6,0.014016,16.663577
2024.4.8,7,2.031657,23.793964
2024.4.8,8,15.623448,23.30519
2024.4.8,9,47.338611,11.505953
2024.4.8,10,54.08917,2.98784
2024.4.8,11,68.084002,2.176808
2024.4.8,12,77.631364,2.476104
2024.4.8,13,58.990479,4.917004
2024.4.8,14,53.153042,8.18644
2024.4.8,15,39.224062,6.400998
2024.4.8,16,27.543441,19.541748
2024.4.8,17,27.667524,24.112401
2024.4.8,18,19.424634,35.752874
2024.4.8,19,3.556068,42.177613
2024.4.8,20,2.325688,45.567483
2024.4.8,21,0.545952,52.973598
2024.4.8,22,0.053216,46.109163
2024.4.8,23,0.000432,40.68127
2024.4.8,24,0.000416,54.08533
2024.4.9,1,0.000432,66.306006
2024.4.9,2,0.000376,34.706778
2024.4.9,3,0.000416,26.023515
2024.4.9,4,0.000304,12.16102
2024.4.9,5,0.000304,7.726992
2024.4.9,6,0.038818,29.154139
2024.4.9,7,6.294715,38.622939
2024.4.9,8,56.69349,27.941326
2024.4.9,9,147.093412,4.959715
2024.4.9,10,233.944997,0.432916
2024.4.9,11,276.670724,5.631067
2024.4.9,12,243.298329,29.420523
2024.4.9,13,235.108894,43.766416
2024.4.9,14,223.154403,44.748173
2024.4.9,15,197.474669,39.958631
2024.4.9,16,189.415149,34.197255
2024.4.9,17,138.433518,35.869613
2024.4.9,18,69.073536,29.126481
2024.4.9,19,18.279887,27.921187
2024.4.9,20,7.870053,32.73994
2024.4.9,21,7.082572,31.518768
2024.4.9,22,4.83127,24.770769
2024.4.9,23,0.70283,29.200252
2024.4.9,24,0.000296,27.451707
2024.4.10,1,0.00032,15.725887
2024.4.10,2,0.001284,13.60283
2024.4.10,3,0.000496,23.670519
2024.4.10,4,0.000588,18.78876
2024.4.10,5,0.000528,9.632502
2024.4.10,6,0.030159,10.552572
2024.4.10,7,5.473009,7.445346
2024.4.10,8,54.032443,11.982132
2024.4.10,9,126.930996,21.278453
2024.4.10,10,183.231651,35.425232
2024.4.10,11,252.667446,36.813738
2024.4.10,12,280.631457,32.011399
2024.4.10,13,297.06095,24.529052
2024.4.10,14,292.201967,21.041799
2024.4.10,15,278.847064,21.014158
2024.4.10,16,245.149249,14.824213
2024.4.10,17,171.739027,14.82592
2024.4.10,18,82.848796,13.435367
2024.4.10,19,19.643343,15.644953
2024.4.10,20,7.865036,16.581476
2024.4.10,21,7.367956,13.682415
2024.4.10,22,4.770243,9.229606
2024.4.10,23,0.964667,13.786738
2024.4.10,24,0.000376,19.791747
2024.4.11,1,0.000368,14.400474
2024.4.11,2,0.001744,18.548498
2024.4.11,3,0.000464,7.981744
2024.4.11,4,0.000464,10.595572
2024.4.11,5,0.000572,9.927489
2024.4.11,6,0.002434,13.079853
2024.4.11,7,0.363915,17.983023
2024.4.11,8,6.795502,49.650273
2024.4.11,9,15.751985,51.980326
2024.4.11,10,37.816008,42.391337
2024.4.11,11,87.557715,32.653548
2024.4.11,12,99.800496,50.617873
2024.4.11,13,125.703006,53.46449
2024.4.11,14,110.207111,32.412569
2024.4.11,15,75.523405,35.181569
2024.4.11,16,67.122095,28.323365
2024.4.11,17,43.599717,14.846173
2024.4.11,18,31.527207,7.235235
2024.4.11,19,10.118735,16.609892
2024.4.11,20,5.594531,15.438332
2024.4.11,21,1.627136,32.106325
2024.4.11,22,0.673176,34.912596
2024.4.11,23,0.23656,34.235298
2024.4.11,24,0.000464,30.136597
2024.4.12,1,0.000352,20.916508
2024.4.12,2,0.000312,9.915601
2024.4.12,3,0.000448,4.672255
2024.4.12,4,0.000376,2.841167
2024.4.12,5,0.000376,3.219251
2024.4.12,6,0.029648,7.452516
2024.4.12,7,5.240172,6.44792
2024.4.12,8,52.016354,4.659561
2024.4.12,9,131.849872,3.9293
2024.4.12,10,209.482611,3.945007
2024.4.12,11,276.519956,6.981186
2024.4.12,12,265.899191,10.09921
2024.4.12,13,278.208249,15.282316
2024.4.12,14,261.146469,18.714159
2024.4.12,15,191.012507,17.530008
2024.4.12,16,141.821256,15.162042
2024.4.12,17,77.111792,7.097097
2024.4.12,18,38.56688,7.744077
2024.4.12,19,13.905141,12.437784
2024.4.12,20,7.660984,11.616404
2024.4.12,21,6.921565,7.833799
2024.4.12,22,4.595507,3.931181
2024.4.12,23,0.926615,1.228603
2024.4.12,24,0.092632,0.122814
2024.4.13,1,0.00024,0.00912
2024.4.13,2,0.000968,0.12048
2024.4.13,3,0.000284,0.148307
2024.4.13,4,0.000464,0.581933
2024.4.13,5,0.000344,0.18624
2024.4.13,6,0.052755,0.15712
2024.4.13,7,6.810299,0.336
2024.4.13,8,52.479511,0
2024.4.13,9,135.297983,0.016352
2024.4.13,10,223.17682,0.42696
2024.4.13,11,278.286432,3.817417
2024.4.13,12,303.04516,5.670827
2024.4.13,13,328.796534,3.903869
2024.4.13,14,338.203646,7.661428
2024.4.13,15,309.750924,7.114104
2024.4.13,16,258.950248,6.358702
2024.4.13,17,178.319999,5.708178
2024.4.13,18,85.565374,3.69955
2024.4.13,19,20.253153,7.398807
2024.4.13,20,7.871495,7.850717
2024.4.13,21,7.382102,9.030307
2024.4.13,22,4.752288,8.784963
2024.4.13,23,0.881351,12.23625
2024.4.13,24,0.000416,28.641088
2024.4.14,1,0.000432,24.883396
2024.4.14,2,0.001516,22.657648
2024.4.14,3,0.000592,16.98631
2024.4.14,4,0.00054,21.145423
2024.4.14,5,0.000432,20.201566
2024.4.14,6,0.037065,24.070196
2024.4.14,7,7.467884,35.036686
2024.4.14,8,47.298331,23.096617
2024.4.14,9,132.497482,42.383256
2024.4.14,10,207.719323,85.332888
2024.4.14,11,236.996554,116.738516
2024.4.14,12,235.042645,116.646184
2024.4.14,13,212.412971,123.638569
2024.4.14,14,162.385292,119.827626
2024.4.14,15,118.497817,127.890749
2024.4.14,16,91.215379,118.905037
2024.4.14,17,50.643923,115.609126
2024.4.14,18,20.567481,103.470585
2024.4.14,19,8.200722,115.605134
2024.4.14,20,7.326893,169.835754
2024.4.14,21,5.841341,185.626103
2024.4.14,22,3.087928,185.570041
2024.4.14,23,0.324451,199.424863
2024.4.14,24,0.000384,202.718769
2024.4.15,1,0.000392,204.765996
2024.4.15,2,0.000872,193.534593
2024.4.15,3,0.00048,192.164573
2024.4.15,4,0.000416,212.50251
2024.4.15,5,0.000392,180.515334
2024.4.15,6,0.00707,190.251965
2024.4.15,7,1.474533,191.938658
2024.4.15,8,14.887354,135.524198
2024.4.15,9,42.075069,162.249295
2024.4.15,10,100.026567,168.121689
2024.4.15,11,137.193692,107.72428
2024.4.15,12,110.318406,61.528312
2024.4.15,13,135.044737,25.36217
2024.4.15,14,159.831373,24.073895
2024.4.15,15,126.272837,31.10193
2024.4.15,16,133.369105,30.849631
2024.4.15,17,122.31483,38.631118
2024.4.15,18,68.992598,33.047725
2024.4.15,19,16.374702,71.190303
2024.4.15,20,6.760086,95.053083
2024.4.15,21,3.608804,60.631366
2024.4.15,22,1.17892,46.548627
2024.4.15,23,0.393817,28.993023
2024.4.15,24,0.016022,25.241907
2024.4.16,1,0.000368,10.697701
2024.4.16,2,0.000456,10.654369
2024.4.16,3,0.000516,6.789548
2024.4.16,4,0.000408,4.087687
2024.4.16,5,0.000424,3.608407
2024.4.16,6,0.055778,5.845141
2024.4.16,7,8.57711,17.282478
2024.4.16,8,49.965961,7.097949
2024.4.16,9,95.104653,9.016159
2024.4.16,10,171.068295,6.154317
2024.4.16,11,236.494464,7.820727
2024.4.16,12,329.082742,11.268081
2024.4.16,13,338.403737,13.764559
2024.4.16,14,333.036956,17.230161
2024.4.16,15,301.082523,17.681216
2024.4.16,16,239.946684,21.93164
2024.4.16,17,160.781137,26.160726
2024.4.16,18,86.622865,38.017459
2024.4.16,19,22.817622,55.208133
2024.4.16,20,7.552337,73.147101
2024.4.16,21,6.98414,71.726158
2024.4.16,22,4.501685,53.658268
2024.4.16,23,1.137675,38.169979
2024.4.16,24,0.015562,37.268449
2024.4.17,1,0.000408,20.421952
2024.4.17,2,0.001292,17.978906
2024.4.17,3,0.00052,5.457109
2024.4.17,4,0.00044,3.134016
2024.4.17,5,0.000432,5.580186
2024.4.17,6,0.060918,16.176506
2024.4.17,7,10.584081,13.394781
2024.4.17,8,65.078991,8.382362
2024.4.17,9,110.720296,5.488791
2024.4.17,10,134.552559,4.930167
2024.4.17,11,162.889178,2.366788
2024.4.17,12,170.736758,4.221428
2024.4.17,13,147.833994,3.930181
2024.4.17,14,122.589969,1.454352
2024.4.17,15,107.714954,2.295286
2024.4.17,16,103.277987,2.689547
2024.4.17,17,48.702905,0.94102
2024.4.17,18,27.325651,0.934063
2024.4.17,19,11.350643,0.17504
2024.4.17,20,4.927828,1.37664
2024.4.17,21,2.639976,0.126
2024.4.17,22,1.353611,0.32808
2024.4.17,23,0.232928,2.575094
2024.4.17,24,0.000316,5.907261
2024.4.18,1,0.000216,9.101371
2024.4.18,2,0.000392,28.828622
2024.4.18,3,0.000232,55.11137
2024.4.18,4,0.000232,58.586671
2024.4.18,5,0.000248,67.122155
2024.4.18,6,0.063264,74.113295
2024.4.18,7,11.139465,67.870856
2024.4.18,8,69.471822,61.34688
2024.4.18,9,163.870788,52.479389
2024.4.18,10,252.597157,62.866077
2024.4.18,11,313.594505,35.472664
2024.4.18,12,342.516086,16.953546
2024.4.18,13,334.452966,9.054108
2024.4.18,14,336.747254,8.083304
2024.4.18,15,330.762665,25.246164
2024.4.18,16,271.570546,50.112106
2024.4.18,17,187.02236,27.399792
2024.4.18,18,90.744922,23.176539
2024.4.18,19,22.974329,26.793097
2024.4.18,20,7.374256,28.392774
2024.4.18,21,6.866468,29.46491
2024.4.18,22,4.22104,29.416405
2024.4.18,23,0.94763,23.966879
2024.4.18,24,0.000248,27.658039
2024.4.19,1,0.000264,26.97363
2024.4.19,2,0.000596,18.265599
2024.4.19,3,0.000368,11.037475
2024.4.19,4,0.000388,6.272222
2024.4.19,5,0.000296,2.874422
2024.4.19,6,0.078992,11.259897
2024.4.19,7,14.049072,1.374396
2024.4.19,8,70.461474,1.501297
2024.4.19,9,154.585971,1.50736
2024.4.19,10,222.312818,1.710985
2024.4.19,11,237.109421,0.689173
2024.4.19,12,277.797236,1.157981
2024.4.19,13,249.706336,2.315106
2024.4.19,14,291.198671,10.220288
2024.4.19,15,227.446969,12.541127
2024.4.19,16,181.334638,7.646713
2024.4.19,17,128.690332,10.143672
2024.4.19,18,74.939912,15.396914
2024.4.19,19,20.898133,35.885217
2024.4.19,20,7.282738,58.870622
2024.4.19,21,6.639588,70.39068
2024.4.19,22,3.888833,78.290254
2024.4.19,23,0.488321,73.121048
2024.4.19,24,0.000192,57.937563
2024.4.20,1,0.000208,82.415589
2024.4.20,2,0.000468,82.631053
2024.4.20,3,0.000236,62.713434
2024.4.20,4,0.000184,65.425585
2024.4.20,5,0.000308,87.03607
2024.4.20,6,0.018089,185.758351
2024.4.20,7,2.007805,211.174137
2024.4.20,8,12.208537,201.015583
2024.4.20,9,23.762107,196.748227
2024.4.20,10,36.658474,186.930688
2024.4.20,11,66.083589,167.301339
2024.4.20,12,74.665332,155.036004
2024.4.20,13,55.91639,100.407417
2024.4.20,14,62.769129,76.957271
2024.4.20,15,79.90891,62.479508
2024.4.20,16,94.054245,39.505455
2024.4.20,17,58.499419,25.468742
2024.4.20,18,22.817252,32.457604
2024.4.20,19,8.436925,30.512843
2024.4.20,20,1.924024,36.850493
2024.4.20,21,1.10732,27.960654
2024.4.20,22,0.203992,23.911852
2024.4.20,23,0.000352,19.369497
2024.4.20,24,0.000344,17.338038
2024.4.21,1,0.000328,12.932454
2024.4.21,2,0.00028,7.953295
2024.4.21,3,0.000312,3.957242
2024.4.21,4,0.00032,7.698676
2024.4.21,5,0.000312,10.251488
2024.4.21,6,0.006616,8.647708
2024.4.21,7,0.737728,1.91029
2024.4.21,8,7.799427,0.643356
2024.4.21,9,24.383463,0.082469
2024.4.21,10,46.605318,0.132403
2024.4.21,11,52.30573,0.274446
2024.4.21,12,51.045943,0.546856
2024.4.21,13,61.208269,0.19052
2024.4.21,14,62.314362,0.05556
2024.4.21,15,57.660038,0.037621
2024.4.21,16,44.20076,0.03438
2024.4.21,17,36.753035,0.82044
2024.4.21,18,21.083034,2.652658
2024.4.21,19,5.704872,5.984353
2024.4.21,20,1.351135,4.391157
2024.4.21,21,0.12948,14.524029
2024.4.21,22,0.000376,12.897265
2024.4.21,23,0.000376,8.940331
2024.4.21,24,0.000344,3.536727
2024.4.22,1,0.000352,3.656613
2024.4.22,2,0.000376,6.803567
2024.4.22,3,0.000392,7.699468
2024.4.22,4,0.000344,11.19506
2024.4.22,5,0.00024,15.580763
2024.4.22,6,0.003381,22.464526
2024.4.22,7,1.364401,21.742534
2024.4.22,8,12.097345,30.021071
2024.4.22,9,26.553677,45.714109
2024.4.22,10,74.464007,49.837518
2024.4.22,11,59.936902,39.073769
2024.4.22,12,70.834918,28.877826
2024.4.22,13,70.855839,31.568083
2024.4.22,14,65.10537,45.738392
2024.4.22,15,83.517184,51.742418
2024.4.22,16,78.060481,72.909364
2024.4.22,17,45.820864,69.525634
2024.4.22,18,27.205189,83.817783
2024.4.22,19,17.273829,102.610437
2024.4.22,20,4.871814,96.819895
2024.4.22,21,1.945249,94.507775
2024.4.22,22,0.620516,78.891396
2024.4.22,23,0.004208,67.619915
2024.4.22,24,0.00036,66.07294
2024.4.23,1,0.000368,62.307164
2024.4.23,2,0.00058,58.667062
2024.4.23,3,0.000376,61.303767
2024.4.23,4,0.000368,65.152313
2024.4.23,5,0.000432,74.030249
2024.4.23,6,0.009958,92.914403
2024.4.23,7,4.202875,94.421579
2024.4.23,8,30.154623,98.20826
2024.4.23,9,67.260066,87.872582
2024.4.23,10,88.617562,94.402706
2024.4.23,11,93.911031,88.1272
2024.4.23,12,102.951454,84.191187
2024.4.23,13,113.918542,82.04658
2024.4.23,14,90.990446,74.319696
2024.4.23,15,49.782535,72.367534
2024.4.23,16,16.190292,57.337224
2024.4.23,17,13.069171,32.430845
2024.4.23,18,11.295902,37.082879
2024.4.23,19,6.927402,47.710828
2024.4.23,20,4.028068,40.264369
2024.4.23,21,1.559836,27.226959
2024.4.23,22,0.326456,15.932197
2024.4.23,23,0.021856,9.692658
2024.4.23,24,0.000248,8.005312
2024.4.24,1,0.000232,11.720669
2024.4.24,2,0.00028,5.20597
2024.4.24,3,0.00024,2.182254
2024.4.24,4,0.000232,2.351741
2024.4.24,5,0.000304,4.051832
2024.4.24,6,0.054692,7.143291
2024.4.24,7,10.488614,10.274408
2024.4.24,8,57.172342,48.264478
2024.4.24,9,150.795447,100.854059
2024.4.24,10,266.879929,114.764911
2024.4.24,11,325.476801,58.075679
2024.4.24,12,346.134362,16.496194
2024.4.24,13,278.373585,10.00358
2024.4.24,14,256.272904,73.821204
2024.4.24,15,231.428037,111.921812
2024.4.24,16,185.361651,99.055402
2024.4.24,17,146.827824,105.217169
2024.4.24,18,79.29916,90.036166
2024.4.24,19,22.036057,71.219254
2024.4.24,20,7.410712,53.764633
2024.4.24,21,6.449904,51.163508
2024.4.24,22,4.110424,38.915457
2024.4.24,23,0.888025,24.972255
2024.4.24,24,0.015426,25.141995
2024.4.25,1,0.000184,30.509903
2024.4.25,2,0.000972,34.163113
2024.4.25,3,0.000328,45.444551
2024.4.25,4,0.000404,69.323429
2024.4.25,5,0.000316,50.004963
2024.4.25,6,0.106807,61.522622
2024.4.25,7,13.202859,38.371045
2024.4.25,8,78.468518,22.98092
2024.4.25,9,175.226567,11.841122
2024.4.25,10,245.021279,9.461798
2024.4.25,11,268.245395,4.263971
2024.4.25,12,333.188558,3.794488
2024.4.25,13,344.51943,2.658872
2024.4.25,14,332.954283,4.953158
2024.4.25,15,317.810993,5.21408
2024.4.25,16,264.660142,5.688915
2024.4.25,17,185.912679,2.748449
2024.4.25,18,89.886035,1.024038
2024.4.25,19,25.938074,5.84646
2024.4.25,20,7.356413,7.262646
2024.4.25,21,6.721428,1.86936
2024.4.25,22,4.262599,0.938867
2024.4.25,23,0.927785,1.514653
2024.4.25,24,0.000344,0.810352
2024.4.26,1,0.000352,3.730225
2024.4.26,2,0.001436,3.45019
2024.4.26,3,0.000524,0.386125
2024.4.26,4,0.000384,0.156772
2024.4.26,5,0.000608,0.398072
2024.4.26,6,0.009657,2.789962
2024.4.26,7,1.011432,5.253428
2024.4.26,8,6.436542,9.79382
2024.4.26,9,22.486793,13.02295
2024.4.26,10,65.486222,8.864859
2024.4.26,11,115.831966,0.51962
2024.4.26,12,168.127524,0.066263
2024.4.26,13,164.194662,0.64656
2024.4.26,14,150.73472,0.223496
2024.4.26,15,226.548551,0.495451
2024.4.26,16,226.404196,7.773805
2024.4.26,17,155.059693,8.882806
2024.4.26,18,76.93449,8.913336
2024.4.26,19,22.209344,5.953163
2024.4.26,20,7.229323,1.889289
2024.4.26,21,5.359976,0.802852
2024.4.26,22,2.123652,0.00096
2024.4.26,23,0.217463,0.2802
2024.4.26,24,0.00036,1.424476
2024.4.27,1,0.000344,1.14031
2024.4.27,2,0.000936,0.270224
2024.4.27,3,0.000324,0.711872
2024.4.27,4,0.000384,5.532551
2024.4.27,5,0.000484,10.677929
2024.4.27,6,0.10274,20.691866
2024.4.27,7,12.827345,20.9515
2024.4.27,8,77.358717,4.715328
2024.4.27,9,173.805379,1.764972
2024.4.27,10,255.882646,7.434232
2024.4.27,11,305.948888,8.76189
2024.4.27,12,307.583032,3.846479
2024.4.27,13,298.528517,3.323569
2024.4.27,14,297.515843,4.534738
2024.4.27,15,297.870185,1.606822
2024.4.27,16,263.375454,0.711076
2024.4.27,17,186.197018,2.295037
2024.4.27,18,94.600101,1.878373
2024.4.27,19,24.764204,2.677531
2024.4.27,20,7.465429,4.763405
2024.4.27,21,6.754384,4.721834
2024.4.27,22,4.248456,5.714352
2024.4.27,23,0.809386,7.055207
2024.4.27,24,0.000376,3.531565
2024.4.28,1,0.00028,0.360227
2024.4.28,2,0.00118,0.35214
2024.4.28,3,0.000472,0.272392
2024.4.28,4,0.00036,0.197255
2024.4.28,5,0.00054,1.902765
2024.4.28,6,0.134199,1.30712
2024.4.28,7,16.786547,0.00096
2024.4.28,8,61.607627,0.24534
2024.4.28,9,131.10696,4.343254
2024.4.28,10,181.279874,19.035331
2024.4.28,11,226.350148,28.253385
2024.4.28,12,275.174421,25.962824
2024.4.28,13,289.719526,19.020228
2024.4.28,14,244.65311,18.488359
2024.4.28,15,202.584049,10.119554
2024.4.28,16,178.950554,5.417438
2024.4.28,17,115.711651,9.115009
2024.4.28,18,23.54215,10.496353
2024.4.28,19,6.711515,15.46802
2024.4.28,20,7.06475,14.232805
2024.4.28,21,6.042596,12.167374
2024.4.28,22,3.786468,11.804041
2024.4.28,23,0.512698,16.034444
2024.4.28,24,0.00036,33.703048
2024.4.29,1,0.000368,67.385105
2024.4.29,2,0.00106,85.159679
2024.4.29,3,0.000572,54.553107
2024.4.29,4,0.000456,42.744448
2024.4.29,5,0.00036,37.486819
2024.4.29,6,0.00231,41.465965
2024.4.29,7,0.379994,24.017922
2024.4.29,8,3.981151,48.276222
2024.4.29,9,12.565142,22.188779
2024.4.29,10,34.010899,36.815499
2024.4.29,11,79.772725,40.647278
2024.4.29,12,75.195816,48.48932
2024.4.29,13,49.745855,54.474502
2024.4.29,14,36.969581,79.711921
2024.4.29,15,25.860728,73.905919
2024.4.29,16,30.200525,60.848186
2024.4.29,17,21.472638,66.520043
2024.4.29,18,14.746397,73.506154
2024.4.29,19,6.3573,84.858373
2024.4.29,20,2.26619,114.550211
2024.4.29,21,0.800524,138.519302
2024.4.29,22,0.000368,145.891535
2024.4.29,23,0.000384,122.048788
2024.4.29,24,0.00036,81.703556
2024.4.30,1,0.000352,63.868959
2024.4.30,2,0.000368,43.825291
2024.4.30,3,0.000384,15.30065
2024.4.30,4,0.000344,18.358064
2024.4.30,5,0.000256,17.268348
2024.4.30,6,0.088918,28.380162
2024.4.30,7,7.098483,22.726072
2024.4.30,8,32.695165,14.876654
2024.4.30,9,73.959109,40.996992
2024.4.30,10,168.202211,31.387558
2024.4.30,11,215.489952,17.364228
2024.4.30,12,296.851138,26.844839
2024.4.30,13,298.275752,49.789793
2024.4.30,14,271.171884,48.840605
2024.4.30,15,183.984569,30.314127
2024.4.30,16,160.789968,27.767565
2024.4.30,17,84.480759,24.591451
2024.4.30,18,31.242,44.881206
2024.4.30,19,9.06489,60.441922
2024.4.30,20,6.764489,62.974123
2024.4.30,21,6.00236,38.742538
2024.4.30,22,3.577343,38.222587
2024.4.30,23,0.623837,34.397934
2024.4.30,24,0.00944,24.798564
2024.5.1,1,0.000428,22.636591
2024.5.1,2,0.001164,24.52884
2024.5.1,3,0.000416,24.17689
2024.5.1,4,0.000688,18.777105
2024.5.1,5,0.000336,30.895226
2024.5.1,6,0.061343,46.366484
2024.5.1,7,9.752642,38.751881
2024.5.1,8,34.543701,19.91506
2024.5.1,9,42.497223,12.434103
2024.5.1,10,51.156605,59.54304
2024.5.1,11,59.816247,96.860879
2024.5.1,12,79.432276,94.140207
2024.5.1,13,75.917722,72.902704
2024.5.1,14,80.351452,70.737126
2024.5.1,15,92.199683,60.758636
2024.5.1,16,131.779137,76.263551
2024.5.1,17,103.980016,68.034654
2024.5.1,18,77.075038,52.079596
2024.5.1,19,26.8214,48.243818
2024.5.1,20,3.969567,58.114975
2024.5.1,21,0.596192,66.120219
2024.5.1,22,0.244264,59.762472
2024.5.1,23,0.001872,42.803832
2024.5.1,24,0.000256,37.547449
2024.5.2,1,0.000336,51.658175
2024.5.2,2,0.000424,43.009265
2024.5.2,3,0.000424,28.591048
2024.5.2,4,0.000408,55.874544
2024.5.2,5,0.000392,52.246228
2024.5.2,6,0.188489,55.432213
2024.5.2,7,20.142588,58.727462
2024.5.2,8,71.25325,64.050863
2024.5.2,9,163.037055,67.375255
2024.5.2,10,259.910754,64.652337
2024.5.2,11,322.419111,47.921432
2024.5.2,12,344.833031,5.950136
2024.5.2,13,338.430616,5.326104
2024.5.2,14,333.261517,4.918811
2024.5.2,15,289.400382,20.286441
2024.5.2,16,221.649153,25.696765
2024.5.2,17,101.046883,25.456176
2024.5.2,18,44.849042,20.240188
2024.5.2,19,31.94108,23.316354
2024.5.2,20,8.568317,36.506874
2024.5.2,21,6.44378,27.254097
2024.5.2,22,4.221475,19.347283
2024.5.2,23,0.769465,19.355392
2024.5.2,24,0.000296,21.839121
2024.5.3,1,0.000396,25.644218
2024.5.3,2,0.00164,37.167288
2024.5.3,3,0.000564,37.571257
2024.5.3,4,0.000384,36.891041
2024.5.3,5,0.000768,48.495984
2024.5.3,6,0.274679,57.588941
2024.5.3,7,16.97352,54.913847
2024.5.3,8,77.385099,36.941608
2024.5.3,9,169.427585,24.185168
2024.5.3,10,257.679943,21.614886
2024.5.3,11,315.444616,27.70913
2024.5.3,12,347.795134,8.286113
2024.5.3,13,336.386776,3.078319
2024.5.3,14,334.820853,9.323148
2024.5.3,15,313.662182,13.417716
2024.5.3,16,265.993109,14.869494
2024.5.3,17,189.20277,22.427066
2024.5.3,18,99.770655,21.205889
2024.5.3,19,27.234389,13.714354
2024.5.3,20,8.361425,7.413863
2024.5.3,21,7.572071,5.021884
2024.5.3,22,4.870353,8.37928
2024.5.3,23,0.986874,9.71516
2024.5.3,24,0.001136,3.487711
2024.5.4,1,0.00054,3.910294
2024.5.4,2,0.002124,1.168874
2024.5.4,3,0.000648,1.383436
2024.5.4,4,0.000792,3.97107
2024.5.4,5,0.000664,8.47468
2024.5.4,6,0.180752,13.938064
2024.5.4,7,10.462256,30.675175
2024.5.4,8,57.932935,32.959056
2024.5.4,9,115.303953,36.977369
2024.5.4,10,194.055891,54.650714
2024.5.4,11,196.922714,77.2521
2024.5.4,12,224.347434,78.527166
2024.5.4,13,205.432308,80.428678
2024.5.4,14,167.258778,88.908724
2024.5.4,15,119.702044,91.550917
2024.5.4,16,95.922197,101.969345
2024.5.4,17,56.949165,111.532426
2024.5.4,18,33.029552,117.533465
2024.5.4,19,13.151417,131.190347
2024.5.4,20,7.73397,128.016282
2024.5.4,21,6.702639,175.321816
2024.5.4,22,3.810706,191.837695
2024.5.4,23,0.760348,173.942188
2024.5.4,24,0.015506,180.930187
2024.5.5,1,0.000472,160.607508
2024.5.5,2,0.001016,174.083564
2024.5.5,3,0.000428,190.324449
2024.5.5,4,0.000524,213.919038
2024.5.5,5,0.000608,240.999229
2024.5.5,6,0.013232,249.74917
2024.5.5,7,0.851675,227.891601
2024.5.5,8,4.396126,238.220459
2024.5.5,9,7.476731,213.577357
2024.5.5,10,15.111636,207.523227
2024.5.5,11,23.693267,220.696431
2024.5.5,12,29.690517,206.787993
2024.5.5,13,24.99305,235.035907
2024.5.5,14,22.418793,231.338489
2024.5.5,15,20.112514,217.160887
2024.5.5,16,13.810937,232.206082
2024.5.5,17,6.978848,238.766231
2024.5.5,18,2.514048,246.41631
2024.5.5,19,1.10714,232.203805
2024.5.5,20,1.626519,240.216012
2024.5.5,21,0.054783,208.129922
2024.5.5,22,0.000424,150.067196
2024.5.5,23,0.000464,95.836498
2024.5.5,24,0.000432,59.222654
2024.5.6,1,0.000416,22.618663
2024.5.6,2,0.000344,21.612345
2024.5.6,3,0.000288,38.538604
2024.5.6,4,0.000344,42.50804
2024.5.6,5,0.000328,49.286298
2024.5.6,6,0.194425,72.083325
2024.5.6,7,15.391416,48.24342
2024.5.6,8,70.646129,22.969937
2024.5.6,9,141.607375,16.479265
2024.5.6,10,153.987952,24.612538
2024.5.6,11,173.791656,30.571981
2024.5.6,12,218.100651,34.003131
2024.5.6,13,259.85634,24.633037
2024.5.6,14,278.565588,18.79229
2024.5.6,15,235.627859,25.429881
2024.5.6,16,170.506021,16.276718
2024.5.6,17,107.003689,23.207571
2024.5.6,18,54.420329,19.421577
2024.5.6,19,21.764016,22.718469
2024.5.6,20,8.145806,42.916482
2024.5.6,21,6.870931,31.83984
2024.5.6,22,4.117022,53.360644
2024.5.6,23,0.518874,47.802928
2024.5.6,24,0.015638,44.050698
2024.5.7,1,0.00028,50.57643
2024.5.7,2,0.001136,66.628359
2024.5.7,3,0.000272,52.797354
2024.5.7,4,0.00038,52.419285
2024.5.7,5,0.000384,72.67134
2024.5.7,6,0.302215,96.088402
2024.5.7,7,18.512701,98.282434
2024.5.7,8,81.062453,110.639808
2024.5.7,9,169.032622,146.987116
2024.5.7,10,251.351648,118.991402
2024.5.7,11,307.578927,50.240176
2024.5.7,12,330.409128,21.102893
2024.5.7,13,332.404694,16.14801
2024.5.7,14,323.262789,31.497973
2024.5.7,15,296.944698,73.868332
2024.5.7,16,247.403621,123.846592
2024.5.7,17,170.860322,145.866598
2024.5.7,18,86.896148,130.790147
2024.5.7,19,28.259368,102.342092
2024.5.7,20,8.604056,104.602141
2024.5.7,21,7.31069,117.070599
2024.5.7,22,4.784918,99.546675
2024.5.7,23,1.219869,67.732433
2024.5.7,24,0.015778,66.408593
2024.5.8,1,0.000344,56.995718
2024.5.8,2,0.002052,49.91778
2024.5.8,3,0.000476,47.098409
2024.5.8,4,0.0006,56.34766
2024.5.8,5,0.000532,45.960541
2024.5.8,6,0.0615,57.489666
2024.5.8,7,6.196916,30.40196
2024.5.8,8,25.357653,62.209815
2024.5.8,9,45.453938,124.683424
2024.5.8,10,70.395117,152.86673
2024.5.8,11,97.48318,142.896288
2024.5.8,12,142.543698,138.037316
2024.5.8,13,158.963933,143.890985
2024.5.8,14,144.516511,135.84738
2024.5.8,15,103.711796,112.593022
2024.5.8,16,125.889658,71.104796
2024.5.8,17,146.728496,40.882583
2024.5.8,18,87.584702,25.730417
2024.5.8,19,27.464263,16.649104
2024.5.8,20,6.839286,22.209998
2024.5.8,21,3.498677,17.832623
2024.5.8,22,1.179856,7.909527
2024.5.8,23,0.240688,1.178817
2024.5.8,24,0.000464,0.317816
2024.5.9,1,0.000392,0.0864
2024.5.9,2,0.000744,0.07032
2024.5.9,3,0.000384,4.220727
2024.5.9,4,0.000384,7.674337
2024.5.9,5,0.000384,10.873835
2024.5.9,6,0.480501,21.161067
2024.5.9,7,18.432276,43.376053
2024.5.9,8,90.465337,32.678306
2024.5.9,9,188.140396,31.191131
2024.5.9,10,270.525561,18.828769
2024.5.9,11,323.044216,9.093382
2024.5.9,12,342.953633,3.758312
2024.5.9,13,341.368753,6.750402
2024.5.9,14,332.286371,8.081551
2024.5.9,15,314.698462,5.371229
2024.5.9,16,268.626006,8.677564
2024.5.9,17,186.916349,12.765038
2024.5.9,18,94.590469,15.723335
2024.5.9,19,28.509782,21.34289
2024.5.9,20,8.611545,15.925585
2024.5.9,21,7.334611,12.418496
2024.5.9,22,4.796174,8.175546
2024.5.9,23,1.31284,6.857767
2024.5.9,24,0.017602,4.685835
2024.5.10,1,0.000208,3.394758
2024.5.10,2,0.001196,4.479728
2024.5.10,3,0.000508,3.825193
2024.5.10,4,0.000368,1.07617
2024.5.10,5,0.000468,0.822359
2024.5.10,6,0.518347,2.799027
2024.5.10,7,19.624954,5.6088
2024.5.10,8,89.597027,8.21089
2024.5.10,9,183.886379,13.965913
2024.5.10,10,263.407449,30.44235
2024.5.10,11,316.490099,40.814851
2024.5.10,12,338.790359,19.710311
2024.5.10,13,338.341422,5.622816
2024.5.10,14,329.749975,11.667115
2024.5.10,15,311.505158,40.407401
2024.5.10,16,269.856546,75.727757
2024.5.10,17,192.383627,97.70528
2024.5.10,18,100.10809,107.681524
2024.5.10,19,29.042541,117.200832
2024.5.10,20,8.744553,135.458211
2024.5.10,21,7.202739,137.96218
2024.5.10,22,4.688594,150.846363
2024.5.10,23,1.212659,150.546785
2024.5.10,24,0.015386,161.106647
2024.5.11,1,0.000208,152.218639
2024.5.11,2,0.001408,165.42983
2024.5.11,3,0.000412,174.955244
2024.5.11,4,0.000288,185.311911
2024.5.11,5,0.000384,177.817611
2024.5.11,6,1.122696,174.18889
2024.5.11,7,20.266289,185.808513
2024.5.11,8,60.255831,206.912896
2024.5.11,9,130.235278,204.407789
2024.5.11,10,114.918387,188.586903
2024.5.11,11,140.31563,211.724128
2024.5.11,12,154.213805,223.060626
2024.5.11,13,171.113955,210.065045
2024.5.11,14,130.723272,208.424305
2024.5.11,15,59.317712,196.929211
2024.5.11,16,36.217552,171.373112
2024.5.11,17,20.319784,190.403627
2024.5.11,18,11.085198,212.610616
2024.5.11,19,6.521024,176.997615
2024.5.11,20,4.822142,194.554183
2024.5.11,21,3.270459,181.845987
2024.5.11,22,1.942871,150.568159
2024.5.11,23,0.375678,156.781468
2024.5.11,24,0.014839,153.139103
2024.5.12,1,0.000416,127.366699
2024.5.12,2,0.0004,74.320961
2024.5.12,3,0.00036,42.823114
2024.5.12,4,0.000392,30.393572
2024.5.12,5,0.000384,41.957271
2024.5.12,6,0.062093,90.038754
2024.5.12,7,6.715565,118.489227
2024.5.12,8,22.623956,103.341672
2024.5.12,9,40.065701,133.727008
2024.5.12,10,77.817682,151.124365
2024.5.12,11,104.375313,148.446095
2024.5.12,12,124.935222,134.803129
2024.5.12,13,114.129853,127.427156
2024.5.12,14,75.667449,147.256714
2024.5.12,15,66.936976,153.19893
2024.5.12,16,59.572877,178.201678
2024.5.12,17,44.338697,210.034098
2024.5.12,18,46.649859,225.614978
2024.5.12,19,28.573188,205.374003
2024.5.12,20,3.586915,219.646071
2024.5.12,21,1.682432,261.431517
2024.5.12,22,0.387896,248.442484
2024.5.12,23,0.00016,235.554325
2024.5.12,24,0.000328,220.358844
2024.5.13,1,0.0004,196.804278
2024.5.13,2,0.000384,193.506932
2024.5.13,3,0.000384,169.0041
2024.5.13,4,0.000376,154.018415
2024.5.13,5,0.000368,140.462852
2024.5.13,6,0.40702,131.725914
2024.5.13,7,18.640356,119.197163
2024.5.13,8,88.47573,78.088866
2024.5.13,9,181.01676,56.098448
2024.5.13,10,258.659607,42.710778
2024.5.13,11,313.688989,34.474083
2024.5.13,12,338.186926,5.946527
2024.5.13,13,317.62209,6.788896
2024.5.13,14,341.809886,5.463186
2024.5.13,15,323.22597,7.241778
2024.5.13,16,271.810338,18.56706
2024.5.13,17,193.06271,10.750782
2024.5.13,18,100.86164,6.869393
2024.5.13,19,29.213346,9.958271
2024.5.13,20,8.938885,21.857368
2024.5.13,21,6.631662,23.004276
2024.5.13,22,4.624505,18.956295
2024.5.13,23,0.884018,7.846802
2024.5.13,24,0.000256,4.958193
2024.5.14,1,0.00024,4.48829
2024.5.14,2,0.00138,3.253207
2024.5.14,3,0.00064,4.352526
2024.5.14,4,0.000472,9.297759
2024.5.14,5,0.000312,8.25131
2024.5.14,6,0.696038,14.935511
2024.5.14,7,20.542451,4.228508
2024.5.14,8,91.093076,0.451346
2024.5.14,9,183.992023,0.022553
2024.5.14,10,258.618048,0.01584
2024.5.14,11,307.808841,0.08618
2024.5.14,12,330.87606,1.174796
2024.5.14,13,337.015873,1.498371
2024.5.14,14,330.705656,1.366787
2024.5.14,15,308.717985,2.692205
2024.5.14,16,267.073678,2.937136
2024.5.14,17,192.672921,1.615016
2024.5.14,18,102.32614,0.951674
2024.5.14,19,30.381872,0.401367
2024.5.14,20,9.07666,0.572286
2024.5.14,21,7.43291,0.14389
2024.5.14,22,4.860199,0.427576
2024.5.14,23,1.261416,1.556299
2024.5.14,24,0.016986,3.198414
2024.5.15,1,0.000424,5.102052
2024.5.15,2,0.001652,4.192738
2024.5.15,3,0.0009,6.394681
2024.5.15,4,0.000432,6.561995
2024.5.15,5,0.000896,7.270624
2024.5.15,6,0.719054,20.599898
2024.5.15,7,20.398972,10.099658
2024.5.15,8,96.129633,15.019819
2024.5.15,9,191.77658,14.232532
2024.5.15,10,268.546305,15.81309
2024.5.15,11,310.733844,6.60948
2024.5.15,12,306.945364,10.842743
2024.5.15,13,285.101596,25.325106
2024.5.15,14,276.817371,29.110241
2024.5.15,15,256.288924,47.559107
2024.5.15,16,157.52797,192.957181
2024.5.15,17,81.089679,251.530331
2024.5.15,18,31.35899,261.423682
2024.5.15,19,29.207968,279.997759
2024.5.15,20,8.862239,282.131824
2024.5.15,21,6.747748,252.429474
2024.5.15,22,4.616389,234.24081
2024.5.15,23,1.304169,232.152114
2024.5.15,24,0.018941,240.399787
2024.5.16,1,0.000392,246.478951
2024.5.16,2,0.00176,244.983562
2024.5.16,3,0.000784,256.855928
2024.5.16,4,0.000392,268.179591
2024.5.16,5,0.000608,263.115695
2024.5.16,6,0.773569,259.389971
2024.5.16,7,20.489123,238.243525
2024.5.16,8,92.369213,193.132383
2024.5.16,9,188.00687,181.38401
2024.5.16,10,268.913104,121.801949
2024.5.16,11,323.842247,54.556592
2024.5.16,12,352.627213,15.059425
2024.5.16,13,355.788894,12.242435
2024.5.16,14,352.131362,13.039254
2024.5.16,15,332.936281,36.27486
2024.5.16,16,275.731581,101.591355
2024.5.16,17,194.129265,159.346505
2024.5.16,18,101.887224,161.085012
2024.5.16,19,31.625315,121.377873
2024.5.16,20,9.093221,107.74387
2024.5.16,21,7.442851,87.355419
2024.5.16,22,4.908747,65.42122
2024.5.16,23,1.238,70.032289
2024.5.16,24,0.018218,61.197732
2024.5.17,1,0.0002,45.795759
2024.5.17,2,0.002492,74.240131
2024.5.17,3,0.000548,112.71564
2024.5.17,4,0.000208,120.071599
2024.5.17,5,0.00054,128.608965
2024.5.17,6,0.690645,109.782949
2024.5.17,7,21.773314,91.969816
2024.5.17,8,95.643739,83.462064
2024.5.17,9,189.388391,86.175537
2024.5.17,10,263.76383,49.67911
2024.5.17,11,284.827275,5.369164
2024.5.17,12,284.821903,10.871781
2024.5.17,13,288.405506,14.729299
2024.5.17,14,305.531849,12.446555
2024.5.17,15,308.93191,14.551294
2024.5.17,16,257.995949,86.264711
2024.5.17,17,188.601777,83.577889
2024.5.17,18,101.260338,84.694356
2024.5.17,19,31.203778,93.332921
2024.5.17,20,9.660383,92.083329
2024.5.17,21,7.415375,100.594345
2024.5.17,22,4.886846,95.557141
2024.5.17,23,1.341278,101.852022
2024.5.17,24,0.018981,87.988813
2024.5.18,1,0.000376,72.935978
2024.5.18,2,0.001748,66.684883
2024.5.18,3,0.00082,76.664848
2024.5.18,4,0.000544,89.545321
2024.5.18,5,0.000392,61.261554
2024.5.18,6,0.873037,68.278447
2024.5.18,7,23.360671,45.263569
2024.5.18,8,89.60846,24.667048
2024.5.18,9,171.012913,29.416906
2024.5.18,10,247.466544,28.727038
2024.5.18,11,304.542225,24.507703
2024.5.18,12,324.146885,9.26683
2024.5.18,13,315.444298,3.267261
2024.5.18,14,321.649243,4.271968
2024.5.18,15,303.056735,6.661903
2024.5.18,16,269.669908,13.050646
2024.5.18,17,195.765552,11.612825
2024.5.18,18,105.105417,11.555656
2024.5.18,19,31.051648,17.739319
2024.5.18,20,8.989588,20.131768
2024.5.18,21,7.220895,26.614091
2024.5.18,22,4.963559,23.259714
2024.5.18,23,1.287086,19.822683
2024.5.18,24,0.017162,35.725725
2024.5.19,1,0.000384,30.301051
2024.5.19,2,0.00202,22.501407
2024.5.19,3,0.000612,17.993452
2024.5.19,4,0.000696,13.165247
2024.5.19,5,0.00068,12.815068
2024.5.19,6,0.901514,21.585815
2024.5.19,7,21.215227,7.724811
2024.5.19,8,93.710287,3.402617
2024.5.19,9,184.989817,1.394299
2024.5.19,10,260.479671,3.968701
2024.5.19,11,307.555801,6.074697
2024.5.19,12,319.096685,6.678545
2024.5.19,13,317.831917,7.08658
2024.5.19,14,308.604445,7.196836
2024.5.19,15,303.752438,8.01718
2024.5.19,16,264.642313,8.697117
2024.5.19,17,192.031049,2.99999
2024.5.19,18,102.868301,1.942046
2024.5.19,19,31.212928,4.839389
2024.5.19,20,9.154101,4.257107
2024.5.19,21,7.261147,0.959888
2024.5.19,22,4.923743,0.21864
2024.5.19,23,1.300225,0.84356
2024.5.19,24,0.018405,0.318301
2024.5.20,1,0.000304,1.877598
2024.5.20,2,0.00212,1.499913
2024.5.20,3,0.000636,0.644174
2024.5.20,4,0.000248,2.952787
2024.5.20,5,0.00074,2.103624
2024.5.20,6,1.294449,5.894483
2024.5.20,7,24.122342,1.157672
2024.5.20,8,94.096721,1.049479
2024.5.20,9,173.07856,0.859221
2024.5.20,10,222.586789,6.329992
2024.5.20,11,243.226723,11.927948
2024.5.20,12,302.908991,10.902068
2024.5.20,13,300.375054,7.115212
2024.5.20,14,275.700995,4.295034
2024.5.20,15,220.634723,2.853936
2024.5.20,16,169.799286,1.413616
2024.5.20,17,178.549924,1.664034
2024.5.20,18,105.98779,1.67524
2024.5.20,19,30.193048,5.848231
2024.5.20,20,9.664203,14.941423
2024.5.20,21,7.295823,23.757036
2024.5.20,22,4.690455,30.686412
2024.5.20,23,1.069011,23.164416
2024.5.20,24,0.01565,20.635203
2024.5.21,1,0.000456,16.697018
2024.5.21,2,0.001696,21.814668
2024.5.21,3,0.000644,10.933135
2024.5.21,4,0.000888,7.576659
2024.5.21,5,0.000376,6.169445
2024.5.21,6,0.989989,11.844299
2024.5.21,7,22.309057,8.662451
2024.5.21,8,88.831177,9.605016
2024.5.21,9,171.188279,11.007361
2024.5.21,10,234.367172,17.523835
2024.5.21,11,258.508555,30.88182
2024.5.21,12,282.177421,41.098284
2024.5.21,13,278.235785,41.431089
2024.5.21,14,238.262238,48.752032
2024.5.21,15,211.40668,54.01493
2024.5.21,16,170.89881,50.800513
2024.5.21,17,146.561451,42.475283
2024.5.21,18,66.752485,32.746243
2024.5.21,19,29.52354,32.22427
2024.5.21,20,9.100288,22.29122
2024.5.21,21,7.125119,15.422707
2024.5.21,22,4.723074,16.298374
2024.5.21,23,1.238935,9.833018
2024.5.21,24,0.015594,8.286018
2024.5.22,1,0.000312,8.818307
2024.5.22,2,0.001596,8.864284
2024.5.22,3,0.0006,8.513977
2024.5.22,4,0.000296,9.773859
2024.5.22,5,0.00036,14.140312
2024.5.22,6,0.278133,9.445751
2024.5.22,7,10.311451,5.504096
2024.5.22,8,28.417672,3.907044
2024.5.22,9,72.994536,4.906513
2024.5.22,10,145.696007,8.976797
2024.5.22,11,181.981944,13.689241
2024.5.22,12,185.164423,12.78489
2024.5.22,13,198.552883,9.560413
2024.5.22,14,167.225596,10.254935
2024.5.22,15,156.316711,8.683767
2024.5.22,16,166.487713,6.197542
2024.5.22,17,116.373944,3.161965
2024.5.22,18,50.430278,3.474282
2024.5.22,19,26.884026,5.11514
2024.5.22,20,9.16713,3.335119
2024.5.22,21,5.340695,3.666949
2024.5.22,22,2.532682,2.111389
2024.5.22,23,0.549228,0.246455
2024.5.22,24,0.015722,0.032757
2024.5.23,1,0.0004,0.089368
2024.5.23,2,0.00104,0.455442
2024.5.23,3,0.000368,0.0096
2024.5.23,4,0.00052,0.00096
2024.5.23,5,0.000376,0.441064
2024.5.23,6,0.518612,0.486011
2024.5.23,7,21.1442,0.17904
2024.5.23,8,65.163457,1.067836
2024.5.23,9,147.300216,1.367532
2024.5.23,10,233.004591,0.593232
2024.5.23,11,272.492407,0.02052
2024.5.23,12,272.754446,0.6916
2024.5.23,13,281.713777,0.20105
2024.5.23,14,293.830441,0.465256
2024.5.23,15,267.410816,2.024484
2024.5.23,16,224.948717,2.747409
2024.5.23,17,170.172244,3.615725
2024.5.23,18,100.991026,4.722031
2024.5.23,19,32.965632,4.926712
2024.5.23,20,9.218171,8.457842
2024.5.23,21,6.214075,20.285374
2024.5.23,22,4.170408,29.736005
2024.5.23,23,1.327991,44.891699
2024.5.23,24,0.015482,47.008713
2024.5.24,1,0.0004,47.259113
2024.5.24,2,0.001024,52.926785
2024.5.24,3,0.000536,36.318725
2024.5.24,4,0.000512,51.217818
2024.5.24,5,0.000548,53.835489
2024.5.24,6,1.072618,76.003036
2024.5.24,7,22.36079,81.419704
2024.5.24,8,83.120567,59.388627
2024.5.24,9,158.601068,49.225394
2024.5.24,10,246.082843,48.431433
2024.5.24,11,304.963667,60.628904
2024.5.24,12,333.815028,37.948483
2024.5.24,13,347.260793,9.831835
2024.5.24,14,337.870124,8.875528
2024.5.24,15,310.704145,13.053892
2024.5.24,16,257.579351,7.062937
2024.5.24,17,182.346204,7.27626
2024.5.24,18,97.028994,6.897765
2024.5.24,19,34.050078,9.184695
2024.5.24,20,9.803815,10.932272
2024.5.24,21,6.842223,7.780428
2024.5.24,22,4.933727,4.770122
2024.5.24,23,1.333819,6.564695
2024.5.24,24,0.015546,8.873048
2024.5.25,1,0.000376,5.738899
2024.5.25,2,0.00106,2.784961
2024.5.25,3,0.000548,3.631585
2024.5.25,4,0.000552,4.44084
2024.5.25,5,0.000472,6.684459
2024.5.25,6,0.720942,7.217879
2024.5.25,7,20.297252,13.215166
2024.5.25,8,77.158257,25.097101
2024.5.25,9,150.890716,29.651565
2024.5.25,10,210.041881,36.446092
2024.5.25,11,255.780541,32.649119
2024.5.25,12,292.879778,20.346685
2024.5.25,13,292.319916,10.336014
2024.5.25,14,292.486783,10.370738
2024.5.25,15,283.719509,11.138876
2024.5.25,16,253.482984,56.618021
2024.5.25,17,176.836774,65.974812
2024.5.25,18,96.390744,61.964206
2024.5.25,19,32.779057,48.000263
2024.5.25,20,9.468047,32.910267
2024.5.25,21,6.858295,31.55252
2024.5.25,22,4.879179,31.024948
2024.5.25,23,1.276879,35.270466
2024.5.25,24,0.015578,28.316918
2024.5.26,1,0.000408,33.228996
2024.5.26,2,0.001168,54.397224
2024.5.26,3,0.000768,56.409467
2024.5.26,4,0.000664,68.324279
2024.5.26,5,0.000448,94.874007
2024.5.26,6,0.57916,87.170449
2024.5.26,7,13.91536,59.179022
2024.5.26,8,54.575656,58.006525
2024.5.26,9,108.705236,82.877432
2024.5.26,10,98.842584,100.611877
2024.5.26,11,74.990638,108.285106
2024.5.26,12,79.259411,107.520964
2024.5.26,13,62.602936,132.6012
2024.5.26,14,50.280956,143.304186
2024.5.26,15,27.875694,122.39351
2024.5.26,16,24.74464,96.203309
2024.5.26,17,26.455657,97.930095
2024.5.26,18,23.298783,77.042725
2024.5.26,19,7.893104,76.719578
2024.5.26,20,3.860018,94.308976
2024.5.26,21,2.920867,67.571388
2024.5.26,22,1.701051,54.304694
2024.5.26,23,0.293657,28.961156
2024.5.26,24,0.015466,45.76302
2024.5.27,1,0.000296,40.602544
2024.5.27,2,0.000288,58.558684
2024.5.27,3,0.000304,62.677977
2024.5.27,4,0.000296,82.987562
2024.5.27,5,0.000296,83.03766
2024.5.27,6,0.640722,96.97093
2024.5.27,7,22.205876,152.144872
2024.5.27,8,67.931363,160.264981
2024.5.27,9,105.992218,164.533522
2024.5.27,10,118.817834,148.515717
2024.5.27,11,167.997748,136.419324
2024.5.27,12,268.302774,101.074874
2024.5.27,13,212.671232,78.537526
2024.5.27,14,192.898515,64.319539
2024.5.27,15,102.89221,58.068271
2024.5.27,16,65.455459,45.651975
2024.5.27,17,48.447814,80.70264
2024.5.27,18,26.719671,82.509054
2024.5.27,19,10.537149,103.269416
2024.5.27,20,5.984203,126.902351
2024.5.27,21,4.666215,109.505952
2024.5.27,22,2.269399,108.959641
2024.5.27,23,0.340373,108.790687
2024.5.27,24,0.01561,128.517858
2024.5.28,1,0.000328,102.363577
2024.5.28,2,0.000352,83.298277
2024.5.28,3,0.000488,97.078678
2024.5.28,4,0.000344,153.470197
2024.5.28,5,0.000224,173.102074
2024.5.28,6,1.138044,188.680465
2024.5.28,7,16.881639,148.763119
2024.5.28,8,84.474301,140.064377
2024.5.28,9,188.260267,157.895158
2024.5.28,10,267.803023,123.469655
2024.5.28,11,322.525381,64.541785
2024.5.28,12,348.050466,19.823541
2024.5.28,13,339.67025,7.733329
2024.5.28,14,333.971575,9.080824
2024.5.28,15,315.950226,31.71198
2024.5.28,16,270.161343,43.402732
2024.5.28,17,193.493367,33.503577
2024.5.28,18,107.525799,31.493707
2024.5.28,19,33.543539,38.933935
2024.5.28,20,9.164185,43.155691
2024.5.28,21,6.373662,30.268973
2024.5.28,22,4.404429,21.739329
2024.5.28,23,1.208189,1.196485
2024.5.28,24,0.017898,0.001798
2024.5.29,1,0.000376,0
2024.5.29,2,0.001068,0
2024.5.29,3,0.000636,2.208036
2024.5.29,4,0.000596,3.543812
2024.5.29,5,0.000408,0.354807
2024.5.29,6,1.503308,2.737655
2024.5.29,7,24.118858,5.349581
2024.5.29,8,93.172799,0.931646
2024.5.29,9,181.26555,0.087764
2024.5.29,10,255.102248,1.7355
2024.5.29,11,291.644668,2.161461
2024.5.29,12,296.735259,3.744991
2024.5.29,13,304.828938,3.693456
2024.5.29,14,297.186857,6.45399
2024.5.29,15,265.93562,7.559324
2024.5.29,16,258.015522,6.284964
2024.5.29,17,190.771863,2.319548
2024.5.29,18,106.907958,0.31153
2024.5.29,19,33.932988,2.604619
2024.5.29,20,9.070577,0.331664
2024.5.29,21,6.601314,1.034488
2024.5.29,22,4.619374,2.105608
2024.5.29,23,1.176454,1.365184
2024.5.29,24,0.015498,1.975732
2024.5.30,1,0.00032,1.932624
2024.5.30,2,0.001148,1.753908
2024.5.30,3,0.000636,0.20922
2024.5.30,4,0.00044,0.23592
2024.5.30,5,0.000424,0.179296
2024.5.30,6,0.444665,1.133331
2024.5.30,7,18.059217,1.835181
2024.5.30,8,64.315698,1.956941
2024.5.30,9,71.69841,6.254272
2024.5.30,10,141.769954,22.000557
2024.5.30,11,221.449679,25.615177
2024.5.30,12,308.348724,11.031586
2024.5.30,13,279.998832,5.602825
2024.5.30,14,167.543451,9.551574
2024.5.30,15,196.655333,6.970664
2024.5.30,16,142.640109,6.474174
2024.5.30,17,82.740232,4.055327
2024.5.30,18,31.001941,3.004632
2024.5.30,19,20.540403,4.327233
2024.5.30,20,7.594178,3.461836
2024.5.30,21,6.202701,1.619001
2024.5.30,22,3.341928,1.572932
2024.5.30,23,0.276792,8.261206
2024.5.30,24,0.000376,8.67603
2024.5.31,1,0.000424,1.88646
2024.5.31,2,0.001048,4.792158
2024.5.31,3,0.000384,5.640756
2024.5.31,4,0.0004,6.750289
2024.5.31,5,0.0005,3.466322
2024.5.31,6,0.084678,3.621783
2024.5.31,7,4.136234,2.048703
2024.5.31,8,18.052687,2.743776
2024.5.31,9,36.232937,0.145824
2024.5.31,10,76.473466,0.05316
2024.5.31,11,65.74555,0.1794
2024.5.31,12,117.103747,0.61272
2024.5.31,13,169.7238,0.129596
2024.5.31,14,200.950595,0.205842
2024.5.31,15,191.092187,0.788081
2024.5.31,16,200.192103,3.517996
2024.5.31,17,159.364923,2.66567
2024.5.31,18,87.382266,1.454163
2024.5.31,19,40.473092,0.730463
2024.5.31,20,12.244549,12.251556
2024.5.31,21,3.05166,52.808442
2024.5.31,22,1.479452,62.447645
2024.5.31,23,0.129653,51.790103
2024.5.31,24,0.000424,69.796363
2024.6.1,1,0.000288,7.171172
2024.6.1,2,0.000456,5.275509
2024.6.1,3,0.000296,4.958078
2024.6.1,4,0.000328,6.122576
2024.6.1,5,0.000328,7.9139
2024.6.1,6,0.773393,5.379606
2024.6.1,7,21.576527,6.273218
2024.6.1,8,54.409887,4.635885
2024.6.1,9,77.614709,6.248627
2024.6.1,10,93.003657,15.191339
2024.6.1,11,191.235517,13.13593
2024.6.1,12,227.021869,15.897383
2024.6.1,13,236.519337,11.848208
2024.6.1,14,225.918418,8.786045
2024.6.1,15,212.656538,9.45564
2024.6.1,16,199.003114,9.70806
2024.6.1,17,158.729364,12.890596
2024.6.1,18,88.152603,17.835567
2024.6.1,19,27.183649,18.93241
2024.6.1,20,6.907428,25.966506
2024.6.1,21,4.659236,20.194293
2024.6.1,22,3.527836,34.588701
2024.6.1,23,0.580364,23.775076
2024.6.1,24,0.000344,17.152758
2024.6.2,1,0.000328,15.310906
2024.6.2,2,0.000928,21.148508
2024.6.2,3,0.00062,26.448104
2024.6.2,4,0.000368,27.779648
2024.6.2,5,0.000424,21.258307
2024.6.2,6,0.54382,22.351941
2024.6.2,7,17.272831,12.782556
2024.6.2,8,49.900817,6.787828
2024.6.2,9,87.507601,3.773998
2024.6.2,10,138.483455,2.204906
2024.6.2,11,195.757967,1.226736
2024.6.2,12,219.16993,1.627733
2024.6.2,13,219.868144,2.235033
2024.6.2,14,188.740632,4.300583
2024.6.2,15,172.023969,6.450252
2024.6.2,16,117.860671,5.988515
2024.6.2,17,115.946888,5.357581
2024.6.2,18,67.994271,6.396042
2024.6.2,19,29.761511,6.35564
2024.6.2,20,7.186543,4.927646
2024.6.2,21,4.326052,4.582528
2024.6.2,22,3.010304,3.502272
2024.6.2,23,0.347748,4.187375
2024.6.2,24,0.000288,4.883958
2024.6.3,1,0.000296,4.206626
2024.6.3,2,0.000936,3.720852
2024.6.3,3,0.000444,2.598604
2024.6.3,4,0.000328,1.769324
2024.6.3,5,0.000336,0.956844
2024.6.3,6,1.45792,0.691808
2024.6.3,7,21.01731,0.300708
2024.6.3,8,71.345236,0.3111
2024.6.3,9,136.015345,0.499888
2024.6.3,10,188.579591,0.359066
2024.6.3,11,230.228251,0.695705
2024.6.3,12,242.461195,2.696967
2024.6.3,13,198.716204,2.895741
2024.6.3,14,196.622758,2.246321
2024.6.3,15,179.361762,2.124616
2024.6.3,16,142.329103,2.167472
2024.6.3,17,92.996999,2.595612
2024.6.3,18,50.918865,2.04335
2024.6.3,19,25.695981,1.396413
2024.6.3,20,7.292366,1.400775
2024.6.3,21,4.37232,2.156423
2024.6.3,22,3.30372,2.177766
2024.6.3,23,0.750024,1.678832
2024.6.3,24,0.000408,1.215732
2024.6.4,1,0.000408,1.156286
2024.6.4,2,0.001164,0.823184
2024.6.4,3,0.0006,0.236695
2024.6.4,4,0.00046,0.569416
2024.6.4,5,0.000408,0.977932
2024.6.4,6,1.174281,0.804217
2024.6.4,7,19.348855,0.449077
2024.6.4,8,68.784167,1.942805
2024.6.4,9,114.68485,8.368859
2024.6.4,10,155.211097,15.2136
2024.6.4,11,187.835479,15.722317
2024.6.4,12,206.155589,17.62023
2024.6.4,13,230.433381,19.856227
2024.6.4,14,242.493197,21.032219
2024.6.4,15,227.880071,13.7074
2024.6.4,16,174.86559,10.809347
2024.6.4,17,128.847198,8.134471
2024.6.4,18,72.228259,0.831929
2024.6.4,19,29.845997,0.134938
2024.6.4,20,7.263203,0
2024.6.4,21,3.364856,0.103264
2024.6.4,22,2.005832,0.054432
2024.6.4,23,0.287672,0.009679
2024.6.4,24,0.000704,0.286272
2024.6.5,1,0.000288,2.00252
2024.6.5,2,0.0011,2.496236
2024.6.5,3,0.000356,2.486296
2024.6.5,4,0.000376,4.692796
2024.6.5,5,0.000452,3.946616
2024.6.5,6,1.044026,10.899541
2024.6.5,7,25.344568,13.141953
2024.6.5,8,64.729787,13.234566
2024.6.5,9,112.332207,15.908569
2024.6.5,10,124.817025,23.105569
2024.6.5,11,156.288972,26.716146
2024.6.5,12,158.198055,25.79818
2024.6.5,13,161.414177,21.230645
2024.6.5,14,111.005077,14.160387
2024.6.5,15,79.178414,12.211156
2024.6.5,16,55.279368,15.753964
2024.6.5,17,83.525325,22.225303
2024.6.5,18,42.978641,9.395374
2024.6.5,19,13.668347,3.657231
2024.6.5,20,4.428687,0.431025
2024.6.5,21,2.100996,3.214921
2024.6.5,22,0.749832,9.370265
2024.6.5,23,0.001456,7.276547
2024.6.5,24,0.0003,0.356093
2024.6.6,1,0.000216,0.13806
2024.6.6,2,0.000316,0.776455
2024.6.6,3,0.000544,0.639799
2024.6.6,4,0.000304,1.47582
2024.6.6,5,0.000184,0.459211
2024.6.6,6,0.072877,1.069792
2024.6.6,7,6.867794,1.221851
2024.6.6,8,23.264168,0.283266
2024.6.6,9,44.868926,0.09067
2024.6.6,10,70.499715,0.857638
2024.6.6,11,73.794453,0.934252
2024.6.6,12,62.670512,0.135822
2024.6.6,13,76.447314,0.172403
2024.6.6,14,84.747488,0.561169
2024.6.6,15,86.677296,2.174684
2024.6.6,16,64.026089,6.21959
2024.6.6,17,41.344958,5.195202
2024.6.6,18,24.343662,11.503064
2024.6.6,19,10.024848,6.788575
2024.6.6,20,2.176414,2.558485
2024.6.6,21,0.511032,0.184127
2024.6.6,22,0.000376,4.841731
2024.6.6,23,0.000408,12.523373
2024.6.6,24,0.000384,1.907392
2024.6.7,1,0.0004,1.315221
2024.6.7,2,0.000392,1.007521
2024.6.7,3,0.000416,0.299772
2024.6.7,4,0.000416,0.3467
2024.6.7,5,0.0004,0.951548
2024.6.7,6,0.579092,0.550383
2024.6.7,7,16.675644,0.076561
2024.6.7,8,44.257074,0.101193
2024.6.7,9,52.90805,0.217821
2024.6.7,10,96.294785,0.914207
2024.6.7,11,120.385306,2.212728
2024.6.7,12,120.300794,4.075969
2024.6.7,13,122.764209,3.548591
2024.6.7,14,142.048959,4.537268
2024.6.7,15,126.539154,4.469179
2024.6.7,16,79.928372,3.780351
2024.6.7,17,48.976062,7.37101
2024.6.7,18,42.054478,16.304714
2024.6.7,19,20.34418,13.603063
2024.6.7,20,6.176017,7.985545
2024.6.7,21,3.885048,6.551083
2024.6.7,22,1.937876,7.632103
2024.6.7,23,0.129416,8.807538
2024.6.7,24,0.000304,9.624313
2024.6.8,1,0.000288,15.563817
2024.6.8,2,0.00054,14.470179
2024.6.8,3,0.000288,11.697354
2024.6.8,4,0.000424,9.186752
2024.6.8,5,0.000528,13.259211
2024.6.8,6,0.0678,3.763543
2024.6.8,7,1.102649,2.492351
2024.6.8,8,8.64451,3.578764
2024.6.8,9,19.029913,3.187256
2024.6.8,10,33.743873,5.331525
2024.6.8,11,51.711101,3.108615
2024.6.8,12,65.501388,2.231391
2024.6.8,13,77.511674,1.873701
2024.6.8,14,77.5233,0.89542
2024.6.8,15,74.076132,1.285472
2024.6.8,16,83.353112,1.638051
2024.6.8,17,85.75159,3.993408
2024.6.8,18,54.618112,2.267428
2024.6.8,19,27.67531,3.363418
2024.6.8,20,5.825819,6.276267
2024.6.8,21,0.839772,8.23675
2024.6.8,22,0.10912,10.616999
2024.6.8,23,0.000408,16.211051
2024.6.8,24,0.000392,24.630089
2024.6.9,1,0.0004,28.083296
2024.6.9,2,0.00036,25.004561
2024.6.9,3,0.000408,25.344148
2024.6.9,4,0.000416,29.974597
2024.6.9,5,0.000408,35.076087
2024.6.9,6,0.298889,35.925225
2024.6.9,7,8.48262,34.289982
2024.6.9,8,29.087494,29.02797
2024.6.9,9,50.597636,20.920684
2024.6.9,10,54.933724,8.544337
2024.6.9,11,50.913004,3.252072
2024.6.9,12,55.097418,1.899007
2024.6.9,13,78.656792,2.934918
2024.6.9,14,115.985796,1.195649
2024.6.9,15,193.008247,0.463383
2024.6.9,16,199.307818,0.514852
2024.6.9,17,153.981297,0.667329
2024.6.9,18,86.637685,1.193527
2024.6.9,19,28.806312,1.253742
2024.6.9,20,7.413018,2.297303
2024.6.9,21,3.951056,3.259756
2024.6.9,22,0.99622,3.510158
2024.6.9,23,0.008964,2.338343
2024.6.9,24,0.000256,1.779877
2024.6.10,1,0.000232,1.53807
2024.6.10,2,0.000396,0.992303
2024.6.10,3,0.000312,1.164914
2024.6.10,4,0.00024,0.730984
2024.6.10,5,0.00024,0.466685
2024.6.10,6,1.649098,0.440447
2024.6.10,7,26.017821,0.634588
2024.6.10,8,54.776637,0.563305
2024.6.10,9,123.685494,1.217856
2024.6.10,10,174.497591,1.491546
2024.6.10,11,201.329394,1.071555
2024.6.10,12,243.472616,1.091659
2024.6.10,13,266.876009,0.940578
2024.6.10,14,261.426025,3.287091
2024.6.10,15,241.727638,4.681311
2024.6.10,16,204.738114,7.730069
2024.6.10,17,150.740101,6.3112
2024.6.10,18,85.136471,7.497674
2024.6.10,19,29.662983,6.046576
2024.6.10,20,8.005712,3.257118
2024.6.10,21,4.70664,3.535068
2024.6.10,22,3.68726,5.729896
2024.6.10,23,0.86014,7.04534
2024.6.10,24,0.001328,5.464268
2024.6.11,1,0.000408,3.983928
2024.6.11,2,0.000648,3.080144
2024.6.11,3,0.000608,0.809724
2024.6.11,4,0.000384,0.036064
2024.6.11,5,0.000492,0.114688
2024.6.11,6,1.12951,0.013216
2024.6.11,7,20.724247,0.395652
2024.6.11,8,57.850567,0.0625
2024.6.11,9,102.533405,0.00468
2024.6.11,10,152.848832,0.00774
2024.6.11,11,167.897912,0.0144
2024.6.11,12,169.248391,0.01764
2024.6.11,13,202.532464,0.026272
2024.6.11,14,229.984088,0.01548
2024.6.11,15,176.479304,0.0126
2024.6.11,16,136.659596,0.01062
2024.6.11,17,104.845365,0.0027
2024.6.11,18,63.814523,0
2024.6.11,19,32.002534,0.003584
2024.6.11,20,9.462599,0
2024.6.11,21,4.672072,0
2024.6.11,22,3.076012,0.0036
2024.6.11,23,0.372528,0.003046
2024.6.11,24,0.00044,0.02718
2024.6.12,1,0.00044,0
2024.6.12,2,0.000748,0
2024.6.12,3,0.0005,0.2313
2024.6.12,4,0.0004,0.29286
2024.6.12,5,0.0004,0.800536
2024.6.12,6,0.974563,0.991576
2024.6.12,7,20.295095,2.18116
2024.6.12,8,67.915801,2.426388
2024.6.12,9,119.137372,1.14248
2024.6.12,10,161.454136,0.681612
2024.6.12,11,185.271192,2.113463
2024.6.12,12,175.067912,2.7084
2024.6.12,13,136.147355,2.37481
2024.6.12,14,99.250524,1.289829
2024.6.12,15,87.209061,0.29902
2024.6.12,16,146.940108,0.262396
2024.6.12,17,142.142817,0.865133
2024.6.12,18,85.510228,1.018238
2024.6.12,19,30.729135,0.413874
2024.6.12,20,7.569855,0.051346
2024.6.12,21,3.445312,0.02814
2024.6.12,22,1.11788,0.295605
2024.6.12,23,0.001392,0.152565
2024.6.12,24,0.000664,0.172291
2024.6.13,1,0.00044,0.574936
2024.6.13,2,0.0009,0.998887
2024.6.13,3,0.00044,0.986586
2024.6.13,4,0.000456,0.368494
2024.6.13,5,0.00044,0.290672
2024.6.13,6,1.302734,0.39529
2024.6.13,7,17.643132,0.207203
2024.6.13,8,70.219013,0.018421
2024.6.13,9,136.790428,0.466903
2024.6.13,10,190.212067,0.097717
2024.6.13,11,220.600221,0.01998
2024.6.13,12,245.468181,0.0189
2024.6.13,13,251.434046,0.02934
2024.6.13,14,244.597855,0.066644
2024.6.13,15,222.094218,0.130232
2024.6.13,16,165.480806,0.561619
2024.6.13,17,138.825524,0.71201
2024.6.13,18,81.951608,0.29054
2024.6.13,19,30.363582,0.004098
2024.6.13,20,7.994541,0
2024.6.13,21,4.405952,0
2024.6.13,22,3.336948,0.006267
2024.6.13,23,0.805584,0.014085
2024.6.13,24,0.000424,0.024142
2024.6.14,1,0.0004,0.009952
2024.6.14,2,0.001188,0.000672
2024.6.14,3,0.0005,0
2024.6.14,4,0.000376,0
2024.6.14,5,0.000624,0.155322
2024.6.14,6,1.17118,2.079884
2024.6.14,7,20.481278,1.065488
2024.6.14,8,58.099049,0.25394
2024.6.14,9,90.281343,1.337973
2024.6.14,10,149.644419,1.990583
2024.6.14,11,151.811662,2.93266
2024.6.14,12,177.566426,4.468228
2024.6.14,13,192.020208,5.524574
2024.6.14,14,169.122878,3.591995
2024.6.14,15,140.014167,2.854105
2024.6.14,16,89.611807,2.473138
2024.6.14,17,78.927262,2.328061
2024.6.14,18,48.06029,5.292225
2024.6.14,19,24.686042,9.593398
2024.6.14,20,6.916635,2.012587
2024.6.14,21,4.113504,0.92302
2024.6.14,22,2.79972,1.648602
2024.6.14,23,0.48846,0.345086
2024.6.14,24,0.000264,1.218284
2024.6.15,1,0.000256,0.604318
2024.6.15,2,0.000992,0.360479
2024.6.15,3,0.000408,0.156449
2024.6.15,4,0.000488,0.46486
2024.6.15,5,0.000516,0.81638
2024.6.15,6,0.66584,1.344758
2024.6.15,7,13.741723,0.755308
2024.6.15,8,46.807237,0.130638
2024.6.15,9,95.400033,0.075647
2024.6.15,10,117.530847,0.392039
2024.6.15,11,130.573646,1.098148
2024.6.15,12,154.810814,1.091199
2024.6.15,13,155.703174,0.613807
2024.6.15,14,153.146758,0.383474
2024.6.15,15,151.497507,0.60633
2024.6.15,16,152.223929,0.575521
2024.6.15,17,97.314783,0.149798
2024.6.15,18,66.237207,0.062067
2024.6.15,19,23.494599,0.002893
2024.6.15,20,8.537289,0.935899
2024.6.15,21,3.039792,3.836429
2024.6.15,22,1.706432,6.008033
2024.6.15,23,0.255588,3.747629
2024.6.15,24,0.000464,3.584153
2024.6.16,1,0.000336,1.591592
2024.6.16,2,0.000692,1.128698
2024.6.16,3,0.000352,0.819478
2024.6.16,4,0.000376,1.052239
2024.6.16,5,0.000224,1.814862
2024.6.16,6,1.179392,2.79624
2024.6.16,7,19.164673,1.938796
2024.6.16,8,56.250438,1.622484
2024.6.16,9,108.790777,2.107476
2024.6.16,10,134.592281,2.26655
2024.6.16,11,170.539694,2.574793
2024.6.16,12,183.303111,2.274352
2024.6.16,13,196.827402,2.121315
2024.6.16,14,217.50634,1.669002
2024.6.16,15,217.187708,1.975352
2024.6.16,16,185.077763,2.092362
2024.6.16,17,118.912087,2.577148
2024.6.16,18,68.913206,1.909999
2024.6.16,19,32.698261,2.355946
2024.6.16,20,6.670692,4.235916
2024.6.16,21,4.309488,4.461165
2024.6.16,22,3.1779,3.110601
2024.6.16,23,0.570416,1.862245
2024.6.16,24,0.000456,1.267116
2024.6.17,1,0.000336,1.467288
2024.6.17,2,0.000756,1.477842
2024.6.17,3,0.000492,1.428284
2024.6.17,4,0.000296,1.331285
2024.6.17,5,0.000276,0.911465
2024.6.17,6,0.094676,1.114775
2024.6.17,7,2.001012,2.658003
2024.6.17,8,15.374027,2.185383
2024.6.17,9,22.37025,1.094198
2024.6.17,10,12.830703,0.04258
2024.6.17,11,33.61616,0.01422
2024.6.17,12,64.80914,0.223332
2024.6.17,13,58.03563,0.47664
2024.6.17,14,28.236058,0.743175
2024.6.17,15,34.734028,2.520907
2024.6.17,16,53.127698,2.775623
2024.6.17,17,70.380239,0.983062
2024.6.17,18,48.91893,0.984741
2024.6.17,19,36.381553,0.692579
2024.6.17,20,8.29108,0.0036
2024.6.17,21,0.125096,0.008315
2024.6.17,22,0.000304,0.217952
2024.6.17,23,0.000312,0.580036
2024.6.17,24,0.00032,0.117996
2024.6.18,1,0.000344,0.331511
2024.6.18,2,0.000376,1.584644
2024.6.18,3,0.0004,3.240171
2024.6.18,4,0.000376,4.94652
2024.6.18,5,0.000408,5.717934
2024.6.18,6,0.958629,6.531962
2024.6.18,7,17.480538,7.21109
2024.6.18,8,69.827709,5.837976
2024.6.18,9,138.716952,3.695521
2024.6.18,10,199.710966,3.376231
2024.6.18,11,240.323745,3.357743
2024.6.18,12,265.795017,2.549064
2024.6.18,13,275.298494,2.184594
2024.6.18,14,268.938774,2.688409
2024.6.18,15,250.112332,2.763798
2024.6.18,16,210.763501,2.235768
2024.6.18,17,155.025632,2.155336
2024.6.18,18,89.848581,2.16925
2024.6.18,19,30.84355,1.959974
2024.6.18,20,8.131241,2.115032
2024.6.18,21,5.18974,2.515744
2024.6.18,22,3.672872,2.093756
2024.6.18,23,0.785008,1.842219
2024.6.18,24,0.000376,1.399924
2024.6.19,1,0.000368,0.870681
2024.6.19,2,0.001264,0.992649
2024.6.19,3,0.000532,0.76198
2024.6.19,4,0.000384,0.704933
2024.6.19,5,0.00056,0.475436
2024.6.19,6,0.734847,0.064974
2024.6.19,7,19.418473,0
2024.6.19,8,67.851486,0.017208
2024.6.19,9,129.576845,0.603756
2024.6.19,10,179.774393,1.355182
2024.6.19,11,194.299658,2.074743
2024.6.19,12,202.849928,3.287328
2024.6.19,13,163.771799,6.037559
2024.6.19,14,98.932188,11.934216
2024.6.19,15,83.015762,12.77275
2024.6.19,16,70.683433,6.782622
2024.6.19,17,78.193168,6.393448
2024.6.19,18,41.943934,7.676126
2024.6.19,19,14.560152,4.760139
2024.6.19,20,4.506035,9.200932
2024.6.19,21,1.924108,7.80758
2024.6.19,22,0.983592,21.510611
2024.6.19,23,0.012424,20.978951
2024.6.19,24,0.000432,22.560309
2024.6.20,1,0.000448,9.551373
2024.6.20,2,0.000456,5.425185
2024.6.20,3,0.00032,3.120617
2024.6.20,4,0.000376,2.14522
2024.6.20,5,0.000424,2.365728
2024.6.20,6,0.020874,6.209987
2024.6.20,7,1.222372,6.757081
2024.6.20,8,5.467838,7.113948
2024.6.20,9,5.099802,7.553595
2024.6.20,10,6.594395,10.490429
2024.6.20,11,11.122274,10.60824
2024.6.20,12,5.817905,10.579296
2024.6.20,13,7.45248,9.836324
2024.6.20,14,4.981882,9.176895
2024.6.20,15,5.861948,21.954965
2024.6.20,16,9.200945,33.677514
2024.6.20,17,11.494993,33.354826
2024.6.20,18,12.697359,16.387007
2024.6.20,19,3.679848,8.739689
2024.6.20,20,0.353731,12.235802
2024.6.20,21,0.000384,12.565048
2024.6.20,22,0.000384,19.602706
2024.6.20,23,0.000368,22.787341
2024.6.20,24,0.000376,24.157732
2024.6.21,1,0.000336,10.728628
2024.6.21,2,0.00024,2.102287
2024.6.21,3,0.000232,0.152427
2024.6.21,4,0.000296,0.177647
2024.6.21,5,0.000424,0.091233
2024.6.21,6,0.249426,0.233391
2024.6.21,7,7.336543,0.461269
2024.6.21,8,18.230235,0.617338
2024.6.21,9,32.343441,0.756026
2024.6.21,10,99.762328,0.754901
2024.6.21,11,136.55892,1.003724
2024.6.21,12,146.308775,0.81031
2024.6.21,13,138.13366,1.264775
2024.6.21,14,118.801322,1.946923
2024.6.21,15,94.653756,2.701752
2024.6.21,16,87.712746,1.477889
2024.6.21,17,76.095033,1.475115
2024.6.21,18,55.353052,1.222416
2024.6.21,19,26.537548,2.680184
2024.6.21,20,5.80209,3.499957
2024.6.21,21,4.295764,2.026547
2024.6.21,22,2.612252,2.146708
2024.6.21,23,0.24664,0.823122
2024.6.21,24,0.000384,0.910789
2024.6.22,1,0.000416,1.369762
2024.6.22,2,0.00058,1.63266
2024.6.22,3,0.0004,3.488801
2024.6.22,4,0.000368,7.717358
2024.6.22,5,0.000416,12.589319
2024.6.22,6,0.148054,20.039323
2024.6.22,7,1.617961,27.471231
2024.6.22,8,8.009496,20.28623
2024.6.22,9,15.27598,22.010167
2024.6.22,10,17.231282,31.052277
2024.6.22,11,16.359294,32.646
2024.6.22,12,17.752493,31.041571
2024.6.22,13,17.744358,27.851101
2024.6.22,14,41.389102,28.914337
2024.6.22,15,33.139728,30.590338
2024.6.22,16,21.411522,29.037501
2024.6.22,17,12.277523,30.752782
2024.6.22,18,9.235512,30.905659
2024.6.22,19,3.774735,30.21091
2024.6.22,20,1.319403,36.993848
2024.6.22,21,0.007648,32.727956
2024.6.22,22,0.000424,30.8598
2024.6.22,23,0.000416,30.603598
2024.6.22,24,0.0004,27.212295
2024.6.23,1,0.000416,33.171437
2024.6.23,2,0.000432,31.623107
2024.6.23,3,0.000424,30.7939
2024.6.23,4,0.000384,32.081059
2024.6.23,5,0.000432,17.249554
2024.6.23,6,0.036706,7.803671
2024.6.23,7,0.020129,1.474064
2024.6.23,8,0.475139,2.758352
2024.6.23,9,6.302416,0.930447
2024.6.23,10,36.82191,1.435792
2024.6.23,11,79.90611,1.245535
2024.6.23,12,120.484495,1.558129
2024.6.23,13,131.267701,2.69941
2024.6.23,14,99.151403,3.468429
2024.6.23,15,74.037058,3.402955
2024.6.23,16,63.712587,3.149474
2024.6.23,17,67.713487,3.57909
2024.6.23,18,63.212044,7.450563
2024.6.23,19,34.042441,9.236706
2024.6.23,20,6.762107,4.165218
2024.6.23,21,1.479172,2.776225
2024.6.23,22,0.084176,3.583319
2024.6.23,23,0.00028,7.38326
2024.6.23,24,0.00028,15.194879
2024.6.24,1,0.000272,11.093574
2024.6.24,2,0.000336,9.476928
2024.6.24,3,0.000264,7.754663
2024.6.24,4,0.000264,6.392199
2024.6.24,5,0.00032,9.78164
2024.6.24,6,0.711759,11.837257
2024.6.24,7,14.607565,10.202892
2024.6.24,8,34.435903,12.965892
2024.6.24,9,36.544457,10.024035
2024.6.24,10,74.486303,1.907739
2024.6.24,11,107.962867,2.014943
2024.6.24,12,146.019404,7.391134
2024.6.24,13,161.183396,15.388163
2024.6.24,14,210.319701,16.686043
2024.6.24,15,201.466844,11.828954
2024.6.24,16,123.28646,14.571667
2024.6.24,17,56.437598,17.058841
2024.6.24,18,40.983678,15.114331
2024.6.24,19,24.150378,12.329521
2024.6.24,20,7.553161,10.84786
2024.6.24,21,3.462096,12.857483
2024.6.24,22,1.802576,9.590417
2024.6.24,23,0.056912,8.431891
2024.6.24,24,0.000352,5.88336
2024.6.25,1,0.000384,2.003268
2024.6.25,2,0.000408,2.618109
2024.6.25,3,0.000304,1.618598
2024.6.25,4,0.000328,2.041642
2024.6.25,5,0.000368,2.095815
2024.6.25,6,0.346115,0.932587
2024.6.25,7,9.83071,0.198139
2024.6.25,8,29.343315,1.059461
2024.6.25,9,43.208194,1.703266
2024.6.25,10,58.368301,2.29638
2024.6.25,11,64.253108,3.200476
2024.6.25,12,49.639826,2.217761
2024.6.25,13,56.539354,3.020529
2024.6.25,14,61.904903,1.631476
2024.6.25,15,42.810941,0.129465
2024.6.25,16,40.180042,0.0162
2024.6.25,17,54.68691,0.02016
2024.6.25,18,35.583447,0.066127
2024.6.25,19,14.286552,0.011139
2024.6.25,20,2.665092,0.0306
2024.6.25,21,0.159552,0.993956
2024.6.25,22,0.000368,1.579783
2024.6.25,23,0.000392,2.380033
2024.6.25,24,0.000376,2.756934
2024.6.26,1,0.000392,0.989845
2024.6.26,2,0.000264,0.702722
2024.6.26,3,0.000248,1.179021
2024.6.26,4,0.000232,0.559779
2024.6.26,5,0.000256,0.530867
2024.6.26,6,0.506911,0.118252
2024.6.26,7,14.194699,0.009394
2024.6.26,8,25.025976,0.042493
2024.6.26,9,33.546293,0
2024.6.26,10,38.90883,0
2024.6.26,11,70.553079,0.00378
2024.6.26,12,113.612639,0.0081
2024.6.26,13,145.944293,0.015843
2024.6.26,14,120.178755,0.016004
2024.6.26,15,155.579215,0.03576
2024.6.26,16,152.167657,1.385405
2024.6.26,17,100.073656,1.59858
2024.6.26,18,51.686549,1.112404
2024.6.26,19,20.044723,0.671826
2024.6.26,20,8.323857,0.035964
2024.6.26,21,2.358768,0.014077
2024.6.26,22,0.969256,0.0081
2024.6.26,23,0.03608,0
2024.6.26,24,0.000596,0
2024.6.27,1,0.000408,0.07711
2024.6.27,2,0.000392,0.433112
2024.6.27,3,0.000384,0.065626
2024.6.27,4,0.000448,0.186189
2024.6.27,5,0.000344,0.312145
2024.6.27,6,0.006601,1.071629
2024.6.27,7,1.186438,4.238519
2024.6.27,8,6.5855,4.065985
2024.6.27,9,13.703907,1.593791
2024.6.27,10,15.183778,2.834643
2024.6.27,11,16.366663,5.497235
2024.6.27,12,18.426911,10.171673
2024.6.27,13,10.022575,5.084537
2024.6.27,14,11.836863,5.265566
2024.6.27,15,19.715676,3.617115
2024.6.27,16,21.605431,5.198536
2024.6.27,17,13.113627,6.427844
2024.6.27,18,6.772161,6.638098
2024.6.27,19,2.554505,6.863308
2024.6.27,20,0.769871,4.081007
2024.6.27,21,0.000368,5.124698
2024.6.27,22,0.000408,25.460681
2024.6.27,23,0.000352,31.795014
2024.6.27,24,0.000288,23.991089
2024.6.28,1,0.000288,11.028824
2024.6.28,2,0.000416,5.32293
2024.6.28,3,0.000432,2.355618
2024.6.28,4,0.00044,0.0108
2024.6.28,5,0.000384,0.245412
2024.6.28,6,0.345619,0.431445
2024.6.28,7,7.091148,1.90681
2024.6.28,8,27.771672,1.995254
2024.6.28,9,58.489947,1.066912
2024.6.28,10,73.259569,1.703922
2024.6.28,11,91.319767,1.573037
2024.6.28,12,105.548341,0.734558
2024.6.28,13,92.797265,1.946047
2024.6.28,14,70.846203,2.13895
2024.6.28,15,117.834783,1.929983
2024.6.28,16,99.59057,1.098132
2024.6.28,17,64.342955,1.139558
2024.6.28,18,34.580516,6.564451
2024.6.28,19,16.159713,10.543611
2024.6.28,20,5.827321,7.646627
2024.6.28,21,1.921224,4.56656
2024.6.28,22,0.728264,6.447787
2024.6.28,23,0.001392,6.046288
2024.6.28,24,0.000408,10.191844
2024.6.29,1,0.000416,13.6038
2024.6.29,2,0.000424,15.958508
2024.6.29,3,0.00044,16.229113
2024.6.29,4,0.000416,14.243398
2024.6.29,5,0.000344,7.426588
2024.6.29,6,0.051414,6.316909
2024.6.29,7,0.7875,8.567719
2024.6.29,8,0.926688,17.632769
2024.6.29,9,2.868962,25.178622
2024.6.29,10,11.436066,34.397089
2024.6.29,11,10.271431,39.35611
2024.6.29,12,8.428406,40.666169
2024.6.29,13,13.014351,40.752941
2024.6.29,14,13.446489,40.406912
2024.6.29,15,17.780678,39.197685
2024.6.29,16,17.639888,43.320722
2024.6.29,17,13.009139,43.161913
2024.6.29,18,9.434047,42.520695
2024.6.29,19,3.755655,44.767238
2024.6.29,20,0.599946,42.69922
2024.6.29,21,0.001384,42.629454
2024.6.29,22,0.000208,41.693224
2024.6.29,23,0.0002,43.191792
2024.6.29,24,0.000192,41.952293
2024.6.30,1,0.000256,44.662956
2024.6.30,2,0.000248,43.939354
2024.6.30,3,0.000344,43.962246
2024.6.30,4,0.000352,43.437727
2024.6.30,5,0.00032,45.639569
2024.6.30,6,0.046213,44.811286
2024.6.30,7,1.675374,43.921726
2024.6.30,8,3.689337,39.083244
2024.6.30,9,11.03055,42.246164
2024.6.30,10,13.008894,40.065453
2024.6.30,11,13.533364,36.807684
2024.6.30,12,20.748742,37.017414
2024.6.30,13,25.384908,38.599942
2024.6.30,14,29.846156,37.102755
2024.6.30,15,29.691482,37.758792
2024.6.30,16,31.702954,35.850896
2024.6.30,17,37.344404,38.532404
2024.6.30,18,16.988956,37.667024
2024.6.30,19,4.954714,36.642167
2024.6.30,20,1.140389,30.510732
2024.6.30,21,0.266184,25.132493
2024.6.30,22,0.000312,19.230057
2024.6.30,23,0.000328,15.756101
2024.6.30,24,0.000304,18.815569
2024.7.1,1,0.000312,18.343028
2024.7.1,2,0.0512,15.021224
2024.7.1,3,0.132084,10.450004
2024.7.1,4,0.030672,4.572496
2024.7.1,5,0.017452,3.299601
2024.7.1,6,0.403002,5.680226
2024.7.1,7,11.688871,6.485738
2024.7.1,8,36.005331,4.697171
2024.7.1,9,51.700199,1.454037
2024.7.1,10,49.990752,1.343274
2024.7.1,11,46.310729,1.231675
2024.7.1,12,80.966481,0.004256
2024.7.1,13,131.194869,0.00594
2024.7.1,14,60.696174,0.00774
2024.7.1,15,34.300719,1.010608
2024.7.1,16,25.600171,2.827204
2024.7.1,17,27.842965,4.215018
2024.7.1,18,27.578745,3.166034
2024.7.1,19,8.78564,3.318999
2024.7.1,20,2.108523,1.956547
2024.7.1,21,0.794912,6.306398
2024.7.1,22,0.501624,13.861199
2024.7.1,23,0.000504,20.241419
2024.7.1,24,0.000488,28.153497
2024.7.2,1,0.00036,36.301693
2024.7.2,2,0.000296,37.208585
2024.7.2,3,0.000392,39.264516
2024.7.2,4,0.00048,32.359853
2024.7.2,5,0.000456,33.734228
2024.7.2,6,0.13493,35.050958
2024.7.2,7,4.302094,33.48703
2024.7.2,8,23.329985,33.875093
2024.7.2,9,34.605688,36.129849
2024.7.2,10,57.683577,38.23309
2024.7.2,11,81.032404,31.149789
2024.7.2,12,104.827997,30.211103
2024.7.2,13,93.783756,31.203926
2024.7.2,14,82.710876,34.375989
2024.7.2,15,71.563934,37.551085
2024.7.2,16,55.277049,34.301323
2024.7.2,17,43.001902,33.815313
2024.7.2,18,32.155099,35.369257
2024.7.2,19,18.780262,31.504499
2024.7.2,20,3.908222,28.348591
2024.7.2,21,1.052448,24.174784
2024.7.2,22,0.633572,29.100279
2024.7.2,23,0.001472,32.447017
2024.7.2,24,0.00052,30.203504
2024.7.3,1,0.000432,35.668041
2024.7.3,2,0.000376,40.077448
2024.7.3,3,0.000432,31.90591
2024.7.3,4,0.001708,35.803584
2024.7.3,5,0.000328,28.658432
2024.7.3,6,0.284289,23.443074
2024.7.3,7,6.780048,26.013973
2024.7.3,8,25.282449,25.323335
2024.7.3,9,41.81904,25.472452
2024.7.3,10,61.599334,27.123484
2024.7.3,11,102.087479,27.686879
2024.7.3,12,116.92126,25.147545
2024.7.3,13,123.817388,20.514591
2024.7.3,14,139.044673,23.852165
2024.7.3,15,144.904561,18.111336
2024.7.3,16,121.750333,13.36517
2024.7.3,17,98.619082,5.767993
2024.7.3,18,55.374729,7.580267
2024.7.3,19,21.945179,7.539532
2024.7.3,20,4.125688,4.91526
2024.7.3,21,0.9566,4.98762
2024.7.3,22,0.618736,5.599844
2024.7.3,23,0.012048,8.22982
2024.7.3,24,0.000544,7.358108
2024.7.4,1,0.000552,11.21058
2024.7.4,2,0.000424,11.815676
2024.7.4,3,0.000432,8.648308
2024.7.4,4,0.000416,8.463176
2024.7.4,5,0.000328,8.831708
2024.7.4,6,0.420951,5.985168
2024.7.4,7,10.428094,8.90252
2024.7.4,8,42.582059,9.524968
2024.7.4,9,87.026785,11.300324
2024.7.4,10,139.55019,12.903328
2024.7.4,11,183.755282,13.461092
2024.7.4,12,207.264552,16.204316
2024.7.4,13,203.55196,19.689244
2024.7.4,14,195.103143,23.317203
2024.7.4,15,173.400914,23.810371
2024.7.4,16,156.168451,25.777698
2024.7.4,17,125.089325,20.822912
2024.7.4,18,69.923414,27.151289
2024.7.4,19,26.70661,25.538492
2024.7.4,20,5.724337,27.986548
2024.7.4,21,1.699768,29.24537
2024.7.4,22,0.715944,29.688116
2024.7.4,23,0.002352,28.331839
2024.7.4,24,0.000496,29.171452
2024.7.5,1,0.000536,25.782771
2024.7.5,2,0.000544,19.013487
2024.7.5,3,0.000432,16.088305
2024.7.5,4,0.0004,17.158704
2024.7.5,5,0.000376,17.041147
2024.7.5,6,0.196782,7.294214
2024.7.5,7,0.754564,7.534378
2024.7.5,8,22.505095,3.601657
2024.7.5,9,59.344036,2.396751
2024.7.5,10,90.175292,2.976039
2024.7.5,11,131.839732,4.24104
2024.7.5,12,175.914448,10.216751
2024.7.5,13,219.715304,10.438972
2024.7.5,14,231.785081,8.840747
2024.7.5,15,208.227143,9.622701
2024.7.5,16,184.684029,6.583255
2024.7.5,17,139.360026,5.401488
2024.7.5,18,82.883224,6.609868
2024.7.5,19,28.555659,10.4986
2024.7.5,20,7.874673,14.339276
2024.7.5,21,4.612984,15.294596
2024.7.5,22,2.713172,14.906796
2024.7.5,23,0.220492,21.301852
2024.7.5,24,0.000532,23.129746
2024.7.6,1,0.0005,23.24432
2024.7.6,2,0.000372,23.814129
2024.7.6,3,0.000456,25.746385
2024.7.6,4,0.000524,27.89003
2024.7.6,5,0.000432,26.45702
2024.7.6,6,0.837205,25.909059
2024.7.6,7,17.073539,30.688379
2024.7.6,8,54.161028,31.490642
2024.7.6,9,82.774288,28.748351
2024.7.6,10,137.956138,27.15665
2024.7.6,11,171.734387,28.354607
2024.7.6,12,189.388989,26.062384
2024.7.6,13,205.062106,27.06793
2024.7.6,14,193.601992,23.934882
2024.7.6,15,162.959882,25.287091
2024.7.6,16,131.764588,25.625207
2024.7.6,17,114.164716,23.11965
2024.7.6,18,66.041813,22.844892
2024.7.6,19,23.753309,25.780097
2024.7.6,20,4.380374,28.522229
2024.7.6,21,2.062436,27.385625
2024.7.6,22,1.071524,27.296081
2024.7.6,23,0.001416,27.187904
2024.7.6,24,0.000432,25.026214
2024.7.7,1,0.000456,27.485328
2024.7.7,2,0.000432,30.070155
2024.7.7,3,0.00048,24.469502
2024.7.7,4,0.000344,30.210108
2024.7.7,5,0.000312,29.721193
2024.7.7,6,0.201334,28.678906
2024.7.7,7,8.09247,27.389814
2024.7.7,8,16.490502,27.625031
2024.7.7,9,45.027233,29.201979
2024.7.7,10,69.692233,27.721349
2024.7.7,11,100.261874,23.208893
2024.7.7,12,117.928287,19.409127
2024.7.7,13,154.091012,18.602938
2024.7.7,14,124.578739,21.05033
2024.7.7,15,93.98329,20.867811
2024.7.7,16,76.05997,20.038079
2024.7.7,17,59.489659,17.579906
2024.7.7,18,41.87346,18.079247
2024.7.7,19,19.500544,17.383429
2024.7.7,20,3.458064,15.708867
2024.7.7,21,0.967368,16.579049
2024.7.7,22,0.6312,22.796926
2024.7.7,23,0.001496,22.235765
2024.7.7,24,0.00052,21.823868
2024.7.8,1,0.000536,21.694182
2024.7.8,2,0.000392,22.127528
2024.7.8,3,0.000432,21.829241
2024.7.8,4,0.00044,22.850643
2024.7.8,5,0.000304,21.373748
2024.7.8,6,0.513962,22.932216
2024.7.8,7,12.728111,23.058376
2024.7.8,8,43.161281,22.873889
2024.7.8,9,89.997105,20.584782
2024.7.8,10,111.262747,23.2773
2024.7.8,11,128.724561,20.450457
2024.7.8,12,123.675259,24.012623
2024.7.8,13,119.01307,23.004696
2024.7.8,14,130.548679,23.156923
2024.7.8,15,141.784461,22.818538
2024.7.8,16,109.013279,22.574838
2024.7.8,17,65.171073,22.390031
2024.7.8,18,31.661826,19.104032
2024.7.8,19,14.07896,15.341652
2024.7.8,20,3.158129,18.428392
2024.7.8,21,0.917744,20.211056
2024.7.8,22,0.631128,22.011544
2024.7.8,23,0.000384,25.452019
2024.7.8,24,0.000408,23.401037
2024.7.9,1,0.000416,22.786657
2024.7.9,2,0.000376,23.359041
2024.7.9,3,0.000456,22.171495
2024.7.9,4,0.000472,21.572217
2024.7.9,5,0.000456,22.227202
2024.7.9,6,0.065662,21.970252
2024.7.9,7,5.105187,22.336861
2024.7.9,8,31.031655,22.046375
2024.7.9,9,71.077219,22.342508
2024.7.9,10,118.897662,23.830265
2024.7.9,11,137.537026,19.085217
2024.7.9,12,147.197956,18.643789
2024.7.9,13,152.822189,20.142832
2024.7.9,14,155.775923,23.273202
2024.7.9,15,126.447987,24.501972
2024.7.9,16,113.943087,24.857834
2024.7.9,17,70.615815,23.899973
2024.7.9,18,45.396678,22.97048
2024.7.9,19,20.090028,24.78537
2024.7.9,20,3.566678,29.305215
2024.7.9,21,1.360896,31.047268
2024.7.9,22,0.875328,28.681396
2024.7.9,23,0.00228,27.774112
2024.7.9,24,0.000352,28.625494
2024.7.10,1,0.000368,30.277941
2024.7.10,2,0.00032,27.227567
2024.7.10,3,0.000376,23.487406
2024.7.10,4,0.000384,23.381621
2024.7.10,5,0.000408,22.019351
2024.7.10,6,0.004584,21.164503
2024.7.10,7,1.482123,22.64901
2024.7.10,8,2.458567,21.092361
2024.7.10,9,1.500935,24.339885
2024.7.10,10,16.947768,24.520388
2024.7.10,11,27.037111,17.917469
2024.7.10,12,54.088506,13.694269
2024.7.10,13,34.630765,16.573138
2024.7.10,14,14.107352,15.365388
2024.7.10,15,10.433672,11.966715
2024.7.10,16,12.465057,7.642374
2024.7.10,17,23.208621,2.720223
2024.7.10,18,28.68042,4.564422
2024.7.10,19,9.372711,10.79363
2024.7.10,20,0.789413,17.126373
2024.7.10,21,0.000384,2.569084
2024.7.10,22,0.000376,1.483976
2024.7.10,23,0.000464,0.694231
2024.7.10,24,0.000456,3.956812
2024.7.11,1,0.000456,4.321691
2024.7.11,2,0.000456,3.967603
2024.7.11,3,0.000488,3.413253
2024.7.11,4,0.000312,2.836513
2024.7.11,5,0.000296,2.502842
2024.7.11,6,0.038048,1.336748
2024.7.11,7,3.419947,0.598144
2024.7.11,8,20.836737,0.312643
2024.7.11,9,35.443852,0.045963
2024.7.11,10,32.733136,0.032095
2024.7.11,11,40.339745,0.013021
2024.7.11,12,40.887113,0.018624
2024.7.11,13,35.21658,0.105824
2024.7.11,14,39.820098,0.985256
2024.7.11,15,42.932414,0.68592
2024.7.11,16,31.540169,0.12744
2024.7.11,17,21.11634,0.317024
2024.7.11,18,14.141109,0.273596
2024.7.11,19,6.419475,0.003069
2024.7.11,20,1.837929,0.007216
2024.7.11,21,0.090576,0.12141
2024.7.11,22,0.000528,0.489082
2024.7.11,23,0.000552,1.145023
2024.7.11,24,0.000528,0.152597
2024.7.12,1,0.000432,0.421589
2024.7.12,2,0.0004,2.049006
2024.7.12,3,0.000456,1.350178
2024.7.12,4,0.000296,1.441908
2024.7.12,5,0.000416,1.424646
2024.7.12,6,0.316755,1.005052
2024.7.12,7,14.232526,0.516647
2024.7.12,8,52.747152,0.433661
2024.7.12,9,116.897185,0.231234
2024.7.12,10,172.570556,0.045263
2024.7.12,11,181.494513,0.053476
2024.7.12,12,101.209669,0.03438
2024.7.12,13,83.552875,0
2024.7.12,14,91.675669,0.00018
2024.7.12,15,94.046217,0.00036
2024.7.12,16,95.868089,0
2024.7.12,17,82.477665,0
2024.7.12,18,58.62085,0
2024.7.12,19,29.19177,0
2024.7.12,20,9.958462,0.108548
2024.7.12,21,3.469596,0.140324
2024.7.12,22,1.734576,0
2024.7.12,23,0.182332,0
2024.7.12,24,0.000272,0
2024.7.13,1,0.00028,0
2024.7.13,2,0.000504,0
2024.7.13,3,0.000392,0
2024.7.13,4,0.000408,0.000448
2024.7.13,5,0.000392,0.524448
2024.7.13,6,0.64122,0.681216
2024.7.13,7,11.86077,0.359744
2024.7.13,8,20.459076,0.022848
2024.7.13,9,24.678775,0.471455
2024.7.13,10,40.855796,1.454777
2024.7.13,11,39.001226,2.405796
2024.7.13,12,27.459586,2.230318
2024.7.13,13,15.160272,1.635611
2024.7.13,14,23.012539,3.008823
2024.7.13,15,60.087098,5.493703
2024.7.13,16,20.934402,5.31496
2024.7.13,17,8.848924,8.310831
2024.7.13,18,11.783797,7.696057
2024.7.13,19,11.445202,8.202088
2024.7.13,20,2.322351,8.09903
2024.7.13,21,0.032848,14.757481
2024.7.13,22,0.000464,25.245232
2024.7.13,23,0.000504,19.32284
2024.7.13,24,0.000504,8.133028
2024.7.14,1,0.000512,5.890499
2024.7.14,2,0.00052,4.627795
2024.7.14,3,0.000504,0.939701
2024.7.14,4,0.000448,2.884994
2024.7.14,5,0.000336,4.725945
2024.7.14,6,0.019944,7.879143
2024.7.14,7,2.421652,11.816753
2024.7.14,8,7.787204,12.297772
2024.7.14,9,20.469492,11.037794
2024.7.14,10,20.327945,13.470769
2024.7.14,11,29.305128,18.48176
2024.7.14,12,54.954159,16.75991
2024.7.14,13,86.850063,11.440712
2024.7.14,14,67.765019,13.546589
2024.7.14,15,76.00609,12.045745
2024.7.14,16,82.025489,7.722996
2024.7.14,17,42.827606,3.624716
2024.7.14,18,27.636567,1.208401
2024.7.14,19,15.749148,0.040488
2024.7.14,20,4.837303,0.100128
2024.7.14,21,0.717408,2.866916
2024.7.14,22,0.066064,2.445392
2024.7.14,23,0.00052,2.295372
2024.7.14,24,0.000488,0.535152
2024.7.15,1,0.000472,0.179992
2024.7.15,2,0.000376,0.6649
2024.7.15,3,0.000352,0.047082
2024.7.15,4,0.000408,0
2024.7.15,5,0.00044,0.009448
2024.7.15,6,0.010304,0.00018
2024.7.15,7,1.683427,0
2024.7.15,8,10.644387,0.210583
2024.7.15,9,39.610985,0.337056
2024.7.15,10,80.159653,0.317646
2024.7.15,11,88.572635,0.343827
2024.7.15,12,74.295537,0.866992
2024.7.15,13,42.451513,0.860781
2024.7.15,14,60.025804,0.874202
2024.7.15,15,47.063362,2.276902
2024.7.15,16,20.591749,2.550696
2024.7.15,17,18.322202,1.590384
2024.7.15,18,15.58068,2.000512
2024.7.15,19,11.121963,1.146928
2024.7.15,20,2.586344,8.460953
2024.7.15,21,0.849,26.136509
2024.7.15,22,0.020592,19.827778
2024.7.15,23,0.000424,30.142426
2024.7.15,24,0.000432,34.792518
2024.7.16,1,0.000448,33.571655
2024.7.16,2,0.000456,39.889814
2024.7.16,3,0.000448,40.009762
2024.7.16,4,0.000464,39.080734
2024.7.16,5,0.000472,35.939876
2024.7.16,6,0.00834,31.242037
2024.7.16,7,2.106912,21.758427
2024.7.16,8,15.965183,20.4934
2024.7.16,9,54.00516,16.190952
2024.7.16,10,96.300217,20.970923
2024.7.16,11,118.615767,21.954041
2024.7.16,12,143.851467,22.05696
2024.7.16,13,96.668754,25.851332
2024.7.16,14,108.088739,30.321281
2024.7.16,15,128.502759,29.149141
2024.7.16,16,104.082179,25.413267
2024.7.16,17,75.449967,23.38784
2024.7.16,18,62.013888,23.059032
2024.7.16,19,32.346685,22.101552
2024.7.16,20,7.14911,25.070416
2024.7.16,21,3.181664,29.490736
2024.7.16,22,1.521292,27.461424
2024.7.16,23,0.077664,27.692564
2024.7.16,24,0.000472,28.498964
2024.7.17,1,0.000488,28.06838
2024.7.17,2,0.000536,25.945196
2024.7.17,3,0.000472,26.853116
2024.7.17,4,0.000504,26.505224
2024.7.17,5,0.000408,27.606112
2024.7.17,6,0.181401,22.4439
2024.7.17,7,7.575403,19.555716
2024.7.17,8,37.735004,22.170936
2024.7.17,9,63.011288,21.52586
2024.7.17,10,102.0297,15.234536
2024.7.17,11,110.648796,14.375076
2024.7.17,12,149.335723,15.97342
2024.7.17,13,174.814354,17.519892
2024.7.17,14,174.453703,17.611016
2024.7.17,15,157.743252,18.415548
2024.7.17,16,128.826326,22.012041
2024.7.17,17,72.13425,21.305342
2024.7.17,18,42.635722,22.980611
2024.7.17,19,22.202861,25.34958
2024.7.17,20,6.62101,31.272676
2024.7.17,21,4.259212,29.394296
2024.7.17,22,3.309256,26.917206
2024.7.17,23,0.674708,30.082456
2024.7.17,24,0.000416,31.340788
2024.7.18,1,0.0004,31.4226
2024.7.18,2,0.00058,33.729352
2024.7.18,3,0.000436,33.122648
2024.7.18,4,0.000448,31.110928
2024.7.18,5,0.000588,29.951964
2024.7.18,6,0.141083,28.432256
2024.7.18,7,7.116916,27.075108
2024.7.18,8,19.728586,27.1539
2024.7.18,9,38.206104,28.305716
2024.7.18,10,41.425878,28.039164
2024.7.18,11,69.496182,28.288068
2024.7.18,12,67.960771,27.148763
2024.7.18,13,51.515031,29.218391
2024.7.18,14,89.889969,24.832294
2024.7.18,15,97.915433,21.870357
2024.7.18,16,103.977591,16.634702
2024.7.18,17,72.13318,18.478003
2024.7.18,18,54.219012,17.486193
2024.7.18,19,22.786383,10.902789
2024.7.18,20,4.641246,7.799345
2024.7.18,21,1.095824,6.28738
2024.7.18,22,0.449656,2.781815
2024.7.18,23,0.000416,6.543073
2024.7.18,24,0.00036,17.73957
2024.7.19,1,0.000352,14.44769
2024.7.19,2,0.000392,11.262173
2024.7.19,3,0.0004,9.167078
2024.7.19,4,0.0004,11.952414
2024.7.19,5,0.000432,20.908489
2024.7.19,6,0.039376,14.464775
2024.7.19,7,6.702837,12.673639
2024.7.19,8,18.222149,18.971329
2024.7.19,9,22.110755,4.967101
2024.7.19,10,34.28183,13.232278
2024.7.19,11,5.800999,5.179802
2024.7.19,12,34.392545,12.972329
2024.7.19,13,136.854726,4.200544
2024.7.19,14,131.603085,13.085752
2024.7.19,15,126.028724,21.955449
2024.7.19,16,86.613811,17.585938
2024.7.19,17,84.530571,5.913373
2024.7.19,18,51.201734,1.266614
2024.7.19,19,21.407686,2.603731
2024.7.19,20,4.657874,3.886786
2024.7.19,21,1.350944,2.795222
2024.7.19,22,0.22116,3.417384
2024.7.19,23,0.000424,8.98626
2024.7.19,24,0.000512,13.44315
2024.7.20,1,0.000544,10.491598
2024.7.20,2,0.000536,17.483316
2024.7.20,3,0.000472,23.370633
2024.7.20,4,0.000432,22.983352
2024.7.20,5,0.000424,25.117715
2024.7.20,6,0.029678,25.824811
2024.7.20,7,6.812639,25.996648
2024.7.20,8,23.05573,25.520744
2024.7.20,9,62.991244,12.208936
2024.7.20,10,108.825339,10.885088
2024.7.20,11,151.706799,11.79942
2024.7.20,12,172.160371,11.149095
2024.7.20,13,189.188589,25.473148
2024.7.20,14,195.337571,28.479761
2024.7.20,15,164.895858,28.618638
2024.7.20,16,139.551417,25.110355
2024.7.20,17,102.009732,27.185251
2024.7.20,18,64.754255,27.139002
2024.7.20,19,26.599522,26.792943
2024.7.20,20,6.928326,24.24245
2024.7.20,21,2.494272,27.834846
2024.7.20,22,1.170208,27.04465
2024.7.20,23,0.058048,25.837188
2024.7.20,24,0.00072,26.426449
2024.7.21,1,0.000512,28.503723
2024.7.21,2,0.000528,28.75543
2024.7.21,3,0.000528,27.584757
2024.7.21,4,0.0004,24.153818
2024.7.21,5,0.00044,15.330037
2024.7.21,6,0.212834,8.371253
2024.7.21,7,15.637515,2.950754
2024.7.21,8,40.366353,0.728479
2024.7.21,9,49.868805,2.667732
2024.7.21,10,91.491159,5.415656
2024.7.21,11,150.844517,10.435972
2024.7.21,12,171.960385,13.321385
2024.7.21,13,165.305673,22.291984
2024.7.21,14,155.12924,21.76836
2024.7.21,15,122.851392,17.514524
2024.7.21,16,128.486938,19.536462
2024.7.21,17,128.222653,15.580414
2024.7.21,18,84.474613,9.951257
2024.7.21,19,32.041749,10.271985
2024.7.21,20,6.997878,11.14136
2024.7.21,21,4.380804,11.443817
2024.7.21,22,2.290172,15.909815
2024.7.21,23,0.047436,14.053193
2024.7.21,24,0.000592,11.908914
2024.7.22,1,0.000536,13.639905
2024.7.22,2,0.000564,21.002559
2024.7.22,3,0.000436,20.55451
2024.7.22,4,0.000392,10.525426
2024.7.22,5,0.000456,10.388561
2024.7.22,6,0.133418,13.927248
2024.7.22,7,8.594433,14.641676
2024.7.22,8,41.136756,14.794281
2024.7.22,9,94.815971,13.931393
2024.7.22,10,136.150848,16.548846
2024.7.22,11,178.600366,15.13766
2024.7.22,12,204.38288,16.622081
2024.7.22,13,221.872861,18.507002
2024.7.22,14,222.840696,16.391276
2024.7.22,15,195.517174,12.256125
2024.7.22,16,152.256119,12.584304
2024.7.22,17,87.886815,17.069521
2024.7.22,18,54.683813,19.228046
2024.7.22,19,27.990137,21.730902
2024.7.22,20,6.893504,32.448584
2024.7.22,21,4.376332,30.302895
2024.7.22,22,3.331056,32.602366
2024.7.22,23,0.65754,27.561294
2024.7.22,24,0.000424,32.955742
2024.7.23,1,0.000504,30.488817
2024.7.23,2,0.000844,27.90474
2024.7.23,3,0.000616,25.332676
2024.7.23,4,0.00056,11.874404
2024.7.23,5,0.000632,12.044645
2024.7.23,6,0.164454,14.47064
2024.7.23,7,9.72869,21.113918
2024.7.23,8,32.434478,23.507054
2024.7.23,9,68.449042,19.711984
2024.7.23,10,128.467142,16.17347
2024.7.23,11,156.237749,17.954942
2024.7.23,12,178.984772,18.185791
2024.7.23,13,214.078032,18.253041
2024.7.23,14,213.649734,20.690993
2024.7.23,15,181.510634,14.082912
2024.7.23,16,148.00516,14.072513
2024.7.23,17,104.314436,19.33414
2024.7.23,18,61.432147,23.647313
2024.7.23,19,26.046277,22.565628
2024.7.23,20,6.490207,16.23948
2024.7.23,21,4.290252,15.998939
2024.7.23,22,3.327072,23.93493
2024.7.23,23,0.480604,31.529567
2024.7.23,24,0.000416,28.194581
2024.7.24,1,0.00044,20.797003
2024.7.24,2,0.000716,12.963154
2024.7.24,3,0.000488,13.09632
2024.7.24,4,0.000384,25.173245
2024.7.24,5,0.00036,15.188381
2024.7.24,6,0.089864,14.950527
2024.7.24,7,9.025576,10.187398
2024.7.24,8,41.032581,8.187092
2024.7.24,9,86.093269,10.816324
2024.7.24,10,133.378486,7.228641
2024.7.24,11,148.619637,4.25892
2024.7.24,12,159.713897,5.03006
2024.7.24,13,167.480228,6.633007
2024.7.24,14,203.638487,9.037279
2024.7.24,15,173.956291,13.543714
2024.7.24,16,143.158896,14.132879
2024.7.24,17,109.611865,10.785293
2024.7.24,18,71.860175,12.419858
2024.7.24,19,34.539946,14.819309
2024.7.24,20,7.630144,13.632662
2024.7.24,21,4.182772,4.021524
2024.7.24,22,2.590084,7.724894
2024.7.24,23,0.308568,15.021678
2024.7.24,24,0.00736,18.191607
2024.7.25,1,0.000408,15.720046
2024.7.25,2,0.000668,13.392077
2024.7.25,3,0.000304,7.349672
2024.7.25,4,0.000264,3.716651
2024.7.25,5,0.000272,2.685674
2024.7.25,6,0.080835,3.439415
2024.7.25,7,5.526417,20.05116
2024.7.25,8,44.652807,16.498095
2024.7.25,9,94.54145,17.035559
2024.7.25,10,138.347604,24.919781
2024.7.25,11,175.941041,27.340236
2024.7.25,12,194.319299,29.205768
2024.7.25,13,190.132361,29.28176
2024.7.25,14,171.645463,29.842464
2024.7.25,15,169.020254,32.635712
2024.7.25,16,135.419211,30.409933
2024.7.25,17,113.992,28.15454
2024.7.25,18,62.893439,31.457743
2024.7.25,19,23.489013,26.04127
2024.7.25,20,8.232691,22.079779
2024.7.25,21,4.202248,17.606834
2024.7.25,22,2.98284,18.752877
2024.7.25,23,0.71042,12.803987
2024.7.25,24,0.000424,20.266745
2024.7.26,1,0.00048,21.923122
2024.7.26,2,0.000964,28.035373
2024.7.26,3,0.000788,25.186977
2024.7.26,4,0.000584,25.850164
2024.7.26,5,0.000616,27.197755
2024.7.26,6,0.183267,19.818376
2024.7.26,7,8.029429,16.351509
2024.7.26,8,14.62965,16.480915
2024.7.26,9,17.761385,20.706642
2024.7.26,10,23.927125,17.131641
2024.7.26,11,59.436362,20.909826
2024.7.26,12,78.480408,22.819678
2024.7.26,13,98.74822,23.929728
2024.7.26,14,88.445038,24.1944
2024.7.26,15,110.137218,24.050566
2024.7.26,16,77.876451,28.646419
2024.7.26,17,55.939198,26.691951
2024.7.26,18,27.677684,20.883383
2024.7.26,19,15.952577,25.255764
2024.7.26,20,4.960239,25.753538
2024.7.26,21,2.483232,24.340463
2024.7.26,22,0.687556,20.355149
2024.7.26,23,0.00928,24.02404
2024.7.26,24,0.000488,26.809711
2024.7.27,1,0.000528,24.814013
2024.7.27,2,0.000896,27.241082
2024.7.27,3,0.000608,26.931701
2024.7.27,4,0.000464,23.457228
2024.7.27,5,0.000544,27.030255
2024.7.27,6,0.068933,24.817429
2024.7.27,7,7.915762,21.673275
2024.7.27,8,36.070748,22.13446
2024.7.27,9,64.406623,28.265775
2024.7.27,10,87.760578,27.017156
2024.7.27,11,97.041682,27.811781
2024.7.27,12,125.14434,25.345003
2024.7.27,13,158.768895,24.026982
2024.7.27,14,162.264496,17.822291
2024.7.27,15,144.710104,24.454745
2024.7.27,16,103.063436,26.583467
2024.7.27,17,71.238589,23.525168
2024.7.27,18,45.393072,23.952036
2024.7.27,19,20.513169,23.79069
2024.7.27,20,5.787718,24.61944
2024.7.27,21,4.061052,21.025126
2024.7.27,22,2.398648,26.294895
2024.7.27,23,0.440008,25.186742
2024.7.27,24,0.000584,24.136784
2024.7.28,1,0.000328,19.794742
2024.7.28,2,0.001036,21.266064
2024.7.28,3,0.000584,19.063552
2024.7.28,4,0.000524,20.222582
2024.7.28,5,0.00036,21.172863
2024.7.28,6,0.081016,18.856871
2024.7.28,7,9.974622,17.392079
2024.7.28,8,45.578136,20.558098
2024.7.28,9,95.523818,20.670208
2024.7.28,10,140.472903,18.993002
2024.7.28,11,178.539088,19.307526
2024.7.28,12,203.637632,23.592522
2024.7.28,13,205.715634,21.934231
2024.7.28,14,197.649305,22.185019
2024.7.28,15,189.769029,18.434666
2024.7.28,16,162.170103,15.446956
2024.7.28,17,134.146737,11.32682
2024.7.28,18,78.336979,10.129765
2024.7.28,19,26.721118,11.652305
2024.7.28,20,6.082876,12.493046
2024.7.28,21,4.110996,11.598029
2024.7.28,22,3.06018,7.339898
2024.7.28,23,0.647808,10.485714
2024.7.28,24,0.000464,11.789414
2024.7.29,1,0.000408,10.997964
2024.7.29,2,0.000892,9.048989
2024.7.29,3,0.000616,7.012619
2024.7.29,4,0.000536,10.30396
2024.7.29,5,0.000612,10.580818
2024.7.29,6,0.071554,10.394881
2024.7.29,7,8.302039,6.382488
2024.7.29,8,51.476162,6.401796
2024.7.29,9,111.896453,8.287564
2024.7.29,10,171.115825,7.242424
2024.7.29,11,212.160774,4.823843
2024.7.29,12,236.927269,3.833482
2024.7.29,13,243.806709,6.951285
2024.7.29,14,213.975637,9.789956
2024.7.29,15,182.209944,5.078365
2024.7.29,16,156.567012,3.50666
2024.7.29,17,111.940405,2.635108
2024.7.29,18,68.719446,4.319483
2024.7.29,19,24.780468,2.910364
2024.7.29,20,6.110216,2.9392
2024.7.29,21,4.198784,2.532768
2024.7.29,22,3.086028,2.921604
2024.7.29,23,0.401772,1.583525
2024.7.29,24,0.000608,0.29648
2024.7.30,1,0.000512,0.419448
2024.7.30,2,0.000988,1.859464
2024.7.30,3,0.000492,1.838508
2024.7.30,4,0.000664,2.715592
2024.7.30,5,0.000692,0.901396
2024.7.30,6,0.065919,1.530109
2024.7.30,7,8.139163,1.557299
2024.7.30,8,52.906156,2.574735
2024.7.30,9,115.237387,5.193496
2024.7.30,10,168.288722,5.045186
2024.7.30,11,201.68842,4.687563
2024.7.30,12,213.663701,5.134725
2024.7.30,13,212.473499,5.83008
2024.7.30,14,201.207167,4.447652
2024.7.30,15,181.584201,4.540827
2024.7.30,16,160.137164,3.390271
2024.7.30,17,124.619701,5.518936
2024.7.30,18,68.594429,7.528136
2024.7.30,19,25.927925,8.342521
2024.7.30,20,6.357245,5.743689
2024.7.30,21,4.0778,2.042153
2024.7.30,22,3.007476,0.882157
2024.7.30,23,0.498248,1.490497
2024.7.30,24,0.00044,2.526204
2024.7.31,1,0.000432,2.6054
2024.7.31,2,0.001024,2.74118
2024.7.31,3,0.000452,3.483126
2024.7.31,4,0.00056,3.247852
2024.7.31,5,0.00052,4.752608
2024.7.31,6,0.051304,3.337932
2024.7.31,7,7.664821,2.60746
2024.7.31,8,51.413896,2.412948
2024.7.31,9,111.823692,2.433986
2024.7.31,10,160.361569,3.36154
2024.7.31,11,200.678505,2.661937
2024.7.31,12,224.498058,2.57118
2024.7.31,13,233.099841,5.139342
2024.7.31,14,218.204472,6.184678
2024.7.31,15,196.319509,6.336702
2024.7.31,16,174.845429,8.555568
2024.7.31,17,135.462724,8.222633
2024.7.31,18,79.675948,7.929916
2024.7.31,19,25.599066,8.014893
2024.7.31,20,5.911773,5.389173
2024.7.31,21,4.082032,7.131584
2024.7.31,22,3.080552,7.681359
2024.7.31,23,0.580152,8.165776
2024.7.31,24,0.000432,10.974827
2024.8.1,1,0.000432,11.76441
2024.8.1,2,0.001032,7.449549
2024.8.1,3,0.000484,9.209861
2024.8.1,4,0.000488,8.26842
2024.8.1,5,0.00028,5.940148
2024.8.1,6,0.047285,6.683528
2024.8.1,7,8.12296,4.870996
2024.8.1,8,49.139752,4.239532
2024.8.1,9,108.648216,5.78716
2024.8.1,10,147.521768,4.06428
2024.8.1,11,169.322412,4.920207
2024.8.1,12,205.44663,4.700155
2024.8.1,13,214.989611,4.979069
2024.8.1,14,189.990845,6.646084
2024.8.1,15,164.554568,4.276465
2024.8.1,16,158.43629,3.94328
2024.8.1,17,131.017664,7.53017
2024.8.1,18,76.97948,9.17977
2024.8.1,19,25.949072,9.351609
2024.8.1,20,6.065612,6.426868
2024.8.1,21,3.98436,9.112056
2024.8.1,22,2.485704,6.102168
2024.8.1,23,0.238064,8.55396
2024.8.1,24,0.000696,9.717916
2024.8.2,1,0.00056,10.355092
2024.8.2,2,0.00102,10.04708
2024.8.2,3,0.000424,8.871352
2024.8.2,4,0.000328,6.654116
2024.8.2,5,0.000448,4.894476
2024.8.2,6,0.044931,2.606028
2024.8.2,7,8.401632,2.905672
2024.8.2,8,48.462087,0.145688
2024.8.2,9,101.076515,0.10962
2024.8.2,10,151.392266,0.1503
2024.8.2,11,185.909616,0.119564
2024.8.2,12,200.879284,0.256764
2024.8.2,13,197.951596,0.754152
2024.8.2,14,200.828852,0.951092
2024.8.2,15,156.044863,2.256916
2024.8.2,16,127.240799,0.542502
2024.8.2,17,115.118915,0.395036
2024.8.2,18,68.83265,4.393784
2024.8.2,19,24.68288,4.26024
2024.8.2,20,6.594206,3.057716
2024.8.2,21,4.071184,2.100932
2024.8.2,22,3.02756,2.594832
2024.8.2,23,0.548672,3.820832
2024.8.2,24,0.00068,3.773416
2024.8.3,1,0.000568,2.893744
2024.8.3,2,0.001148,3.99812
2024.8.3,3,0.000676,4.27804
2024.8.3,4,0.000576,2.664876
2024.8.3,5,0.000696,1.921412
2024.8.3,6,0.031243,0.991292
2024.8.3,7,8.56872,0.137553
2024.8.3,8,49.059647,0.112896
2024.8.3,9,106.793415,0.03244
2024.8.3,10,154.142566,0.106403
2024.8.3,11,164.347944,0.052234
2024.8.3,12,156.753303,0.219767
2024.8.3,13,139.476827,0.162686
2024.8.3,14,146.731704,0.146879
2024.8.3,15,167.937109,0.088466
2024.8.3,16,175.896289,0.062842
2024.8.3,17,127.449739,0.01818
2024.8.3,18,67.27676,0
2024.8.3,19,24.001887,0
2024.8.3,20,6.313873,0
2024.8.3,21,4.249648,0
2024.8.3,22,3.014888,0
2024.8.3,23,0.649304,0.185677
2024.8.3,24,0.000536,0.485939
2024.8.4,1,0.000584,0.420673
2024.8.4,2,0.00106,0.356714
2024.8.4,3,0.00048,0.383359
2024.8.4,4,0.00036,0.630127
2024.8.4,5,0.000472,0.673044
2024.8.4,6,0.032862,1.003011
2024.8.4,7,8.157733,0.989462
2024.8.4,8,47.200346,0.251987
2024.8.4,9,105.719538,0.058232
2024.8.4,10,155.270167,0.090037
2024.8.4,11,179.892991,0.060557
2024.8.4,12,201.183099,0.077101
2024.8.4,13,181.523355,0.02592
2024.8.4,14,180.923689,0.013262
2024.8.4,15,145.571112,0.056799
2024.8.4,16,95.656156,0.010093
2024.8.4,17,80.006263,0.003243
2024.8.4,18,65.767444,0.032541
2024.8.4,19,26.27815,0.032301
2024.8.4,20,6.167641,0.005063
2024.8.4,21,4.341088,0
2024.8.4,22,3.18434,0
2024.8.4,23,0.6596,0
2024.8.4,24,0.281904,0
2024.8.5,1,0.000408,0
2024.8.5,2,0.001044,0
2024.8.5,3,0.000512,0.076584
2024.8.5,4,0.000552,0.308516
2024.8.5,5,0.00036,0.528024
2024.8.5,6,0.010643,0.80416
2024.8.5,7,4.819214,1.584854
2024.8.5,8,45.66142,1.209824
2024.8.5,9,102.413961,0.45136
2024.8.5,10,159.919743,0.489956
2024.8.5,11,185.915412,0.749554
2024.8.5,12,190.942496,1.481141
2024.8.5,13,169.408262,2.479393
2024.8.5,14,122.231714,2.724907
2024.8.5,15,60.404578,3.083614
2024.8.5,16,63.437359,1.790072
2024.8.5,17,58.965031,1.210871
2024.8.5,18,41.990166,0.6399
2024.8.5,19,26.373817,3.954896
2024.8.5,20,5.925398,1.58503
2024.8.5,21,3.478224,0
2024.8.5,22,1.406668,0
2024.8.5,23,0.003296,0.900772
2024.8.5,24,0.000432,3.863947
2024.8.6,1,0.000432,3.152402
2024.8.6,2,0.001012,2.081481
2024.8.6,3,0.000408,1.337986
2024.8.6,4,0.000456,1.407766
2024.8.6,5,0.000512,1.00694
2024.8.6,6,0.028769,1.013147
2024.8.6,7,7.289175,0.476491
2024.8.6,8,46.987899,0.197519
2024.8.6,9,108.597406,0.44248
2024.8.6,10,159.800871,0.652056
2024.8.6,11,174.012399,2.561888
2024.8.6,12,189.188233,5.540241
2024.8.6,13,164.962105,3.615544
2024.8.6,14,128.868731,2.11484
2024.8.6,15,115.734355,2.100676
2024.8.6,16,152.68457,1.662465
2024.8.6,17,122.660242,2.664379
2024.8.6,18,78.931465,0.620776
2024.8.6,19,26.232779,0.401674
2024.8.6,20,5.884577,0.38285
2024.8.6,21,3.096192,0.378476
2024.8.6,22,1.208296,0.395665
2024.8.6,23,0.10678,0.451735
2024.8.6,24,0.000808,0.021362
2024.8.7,1,0.000456,0
2024.8.7,2,0.000476,0
2024.8.7,3,0.000472,0
2024.8.7,4,0.000472,0
2024.8.7,5,0.000464,0
2024.8.7,6,0.021686,0
2024.8.7,7,7.676951,0
2024.8.7,8,48.975818,0
2024.8.7,9,111.063436,0.00342
2024.8.7,10,167.413588,0.00936
2024.8.7,11,207.902645,0.03636
2024.8.7,12,232.069242,0.1782
2024.8.7,13,245.77158,0.409171
2024.8.7,14,234.676226,0.4257
2024.8.7,15,211.214496,0.3294
2024.8.7,16,170.513824,0.21636
2024.8.7,17,114.24194,0.0927
2024.8.7,18,64.05898,0.00828
2024.8.7,19,23.727686,0
2024.8.7,20,6.349227,0
2024.8.7,21,4.469548,0
2024.8.7,22,3.042724,0.00162
2024.8.7,23,0.587528,0.01188
2024.8.7,24,0.000552,0.0273
2024.8.8,1,0.00048,0.188733
2024.8.8,2,0.001092,0.861634
2024.8.8,3,0.000396,0.957377
2024.8.8,4,0.000472,0.74085
2024.8.8,5,0.000556,0.44861
2024.8.8,6,0.014656,0.136626
2024.8.8,7,7.416228,0.003857
2024.8.8,8,49.087513,0.029731
2024.8.8,9,109.93642,0.058154
2024.8.8,10,155.172664,0.032168
2024.8.8,11,188.814263,0.01242
2024.8.8,12,205.832615,0.071958
2024.8.8,13,193.94426,0.6205
2024.8.8,14,190.891758,1.038179
2024.8.8,15,198.505938,0.276489
2024.8.8,16,144.361786,0.130645
2024.8.8,17,105.627101,0.522659
2024.8.8,18,58.870372,1.315346
2024.8.8,19,16.001331,1.627652
2024.8.8,20,6.056093,0.495797
2024.8.8,21,4.061504,0.267561
2024.8.8,22,2.85816,0.183611
2024.8.8,23,0.520448,0.144848
2024.8.8,24,0.000488,0.0096
2024.8.9,1,0.000512,0.150069
2024.8.9,2,0.0011,0.474031
2024.8.9,3,0.000668,0.219478
2024.8.9,4,0.00056,0.050335
2024.8.9,5,0.00056,0.022891
2024.8.9,6,0.006594,0.016925
2024.8.9,7,7.032391,0.164424
2024.8.9,8,45.340201,0.020392
2024.8.9,9,110.068128,0.003606
2024.8.9,10,156.887425,0.009404
2024.8.9,11,184.403878,0.0126
2024.8.9,12,198.695254,0.06883
2024.8.9,13,191.216137,0.090334
2024.8.9,14,180.824871,0.150311
2024.8.9,15,163.829757,0.084068
2024.8.9,16,128.600531,0.030508
2024.8.9,17,97.224491,0.013672
2024.8.9,18,57.819336,0
2024.8.9,19,23.77332,0
2024.8.9,20,5.765692,0
2024.8.9,21,4.286752,0
2024.8.9,22,3.011372,0
2024.8.9,23,0.586288,0
2024.8.9,24,0.000664,0
2024.8.10,1,0.00052,0
2024.8.10,2,0.001096,0
2024.8.10,3,0.0006,0
2024.8.10,4,0.000488,0
2024.8.10,5,0.000576,0
2024.8.10,6,0.011853,0
2024.8.10,7,7.568745,0
2024.8.10,8,47.970857,0
2024.8.10,9,110.047761,0.00198
2024.8.10,10,159.418447,0.018453
2024.8.10,11,183.728354,1.244276
2024.8.10,12,189.892034,3.089557
2024.8.10,13,162.872653,3.487693
2024.8.10,14,129.981943,2.538791
2024.8.10,15,114.252321,1.428721
2024.8.10,16,119.063618,1.56822
2024.8.10,17,107.095729,1.095412
2024.8.10,18,64.199871,1.1387
2024.8.10,19,24.824834,0.772525
2024.8.10,20,5.51866,0.216395
2024.8.10,21,3.332492,0.284384
2024.8.10,22,1.690156,0.323381
2024.8.10,23,0.08952,0.65051
2024.8.10,24,0.000456,0.617494
2024.8.11,1,0.000384,0.283012
2024.8.11,2,0.000944,0.108603
2024.8.11,3,0.000448,0.175802
2024.8.11,4,0.000496,0.194408
2024.8.11,5,0.000536,0.20474
2024.8.11,6,0.008799,0.988834
2024.8.11,7,7.346474,0.460394
2024.8.11,8,48.617118,0.137794
2024.8.11,9,105.401268,0.08463
2024.8.11,10,147.783099,0.573085
2024.8.11,11,167.615923,1.388844
2024.8.11,12,166.872392,2.261809
2024.8.11,13,156.207826,4.005571
2024.8.11,14,144.865042,6.498966
2024.8.11,15,149.75419,3.069173
2024.8.11,16,137.008401,2.607516
2024.8.11,17,114.731914,2.445267
2024.8.11,18,68.431746,1.77633
2024.8.11,19,22.471073,1.258067
2024.8.11,20,5.243279,0.82692
2024.8.11,21,4.062312,0.66888
2024.8.11,22,2.145176,0.86904
2024.8.11,23,0.110484,0.63486
2024.8.11,24,0.000664,0.74664
2024.8.12,1,0.0004,0.49158
2024.8.12,2,0.001128,0.34908
2024.8.12,3,0.000512,0.27054
2024.8.12,4,0.000464,0.16398
2024.8.12,5,0.000472,0.0504
2024.8.12,6,0.015964,0.02718
2024.8.12,7,8.56856,0.01962
2024.8.12,8,51.319195,0.041064
2024.8.12,9,112.47742,0.74306
2024.8.12,10,168.187683,2.255884
2024.8.12,11,210.387967,3.48698
2024.8.12,12,232.967794,4.882068
2024.8.12,13,231.571608,7.024132
2024.8.12,14,231.895406,5.2726
2024.8.12,15,212.213744,3.556456
2024.8.12,16,175.051599,6.812666
2024.8.12,17,122.320701,12.005503
2024.8.12,18,70.76241,14.68397
2024.8.12,19,21.597214,11.258131
2024.8.12,20,5.638177,1.730887
2024.8.12,21,4.088796,1.367027
2024.8.12,22,3.200196,1.211753
2024.8.12,23,0.667668,2.439601
2024.8.12,24,0.000536,2.46736
2024.8.13,1,0.000544,1.726619
2024.8.13,2,0.001096,1.335468
2024.8.13,3,0.00064,3.100486
2024.8.13,4,0.000696,3.166934
2024.8.13,5,0.000476,4.6375
2024.8.13,6,0.009153,4.70808
2024.8.13,7,7.426427,4.165496
2024.8.13,8,39.25116,9.048935
2024.8.13,9,88.12586,12.473134
2024.8.13,10,152.380686,13.251859
2024.8.13,11,195.86737,14.754526
2024.8.13,12,202.827369,11.404154
2024.8.13,13,222.80501,13.202684
2024.8.13,14,231.573459,12.00252
2024.8.13,15,204.929018,10.915624
2024.8.13,16,173.581973,11.356042
2024.8.13,17,113.999587,12.422117
2024.8.13,18,56.984473,10.277383
2024.8.13,19,19.885422,7.464775
2024.8.13,20,5.54751,5.048455
2024.8.13,21,4.064508,2.706321
2024.8.13,22,2.617756,2.773583
2024.8.13,23,0.30596,2.406364
2024.8.13,24,0.000464,3.564011
2024.8.14,1,0.000528,5.124939
2024.8.14,2,0.00114,1.442671
2024.8.14,3,0.000448,0.97878
2024.8.14,4,0.000416,0.566821
2024.8.14,5,0.000448,0.955011
2024.8.14,6,0.005032,2.724681
2024.8.14,7,5.695915,5.447469
2024.8.14,8,27.601803,5.388466
2024.8.14,9,79.16362,5.360508
2024.8.14,10,104.214803,6.680848
2024.8.14,11,113.526988,9.13683
2024.8.14,12,58.158876,9.470008
2024.8.14,13,36.467847,7.532407
2024.8.14,14,68.982055,9.317352
2024.8.14,15,145.998601,10.252632
2024.8.14,16,148.144994,9.015462
2024.8.14,17,94.402598,6.087678
2024.8.14,18,54.995976,1.47507
2024.8.14,19,21.483408,1.363309
2024.8.14,20,3.0633,0.91091
2024.8.14,21,1.082048,0.672465
2024.8.14,22,0.428264,3.107872
2024.8.14,23,0.00144,0.330304
2024.8.14,24,0.00048,0.282321
2024.8.15,1,0.000504,0.820814
2024.8.15,2,0.000488,0.345088
2024.8.15,3,0.00048,3.445322
2024.8.15,4,0.000496,1.783825
2024.8.15,5,0.000424,0.222656
2024.8.15,6,0.0061,0.047136
2024.8.15,7,6.041437,0.249673
2024.8.15,8,38.588795,1.622656
2024.8.15,9,76.996084,3.912247
2024.8.15,10,132.298168,3.537823
2024.8.15,11,114.918339,2.791772
2024.8.15,12,131.894523,3.046384
2024.8.15,13,127.894799,2.5284
2024.8.15,14,106.276089,4.615184
2024.8.15,15,63.911559,3.809245
2024.8.15,16,48.866954,3.694689
2024.8.15,17,70.686172,1.45282
2024.8.15,18,43.007747,0.337416
2024.8.15,19,12.080041,0.71232
2024.8.15,20,3.254956,1.691424
2024.8.15,21,1.472704,0.41052
2024.8.15,22,0.681524,1.528324
2024.8.15,23,0.016112,1.31152
2024.8.15,24,0.000488,0.293888
2024.8.16,1,0.000328,0.446137
2024.8.16,2,0.00064,9.254045
2024.8.16,3,0.000344,0.475045
2024.8.16,4,0.000272,0.674272
2024.8.16,5,0.000288,1.272508
2024.8.16,6,0.002826,3.249632
2024.8.16,7,0.647129,5.010522
2024.8.16,8,5.531497,1.991784
2024.8.16,9,29.302982,0.340939
2024.8.16,10,123.596044,1.316248
2024.8.16,11,195.54969,2.27408
2024.8.16,12,197.488146,3.507748
2024.8.16,13,172.678431,3.563281
2024.8.16,14,150.020297,0.867617
2024.8.16,15,157.290354,0.621624
2024.8.16,16,162.117789,0.806622
2024.8.16,17,126.542308,1.12331
2024.8.16,18,67.705896,1.04525
2024.8.16,19,16.047419,0.458331
2024.8.16,20,4.642322,0.289514
2024.8.16,21,3.573944,0.030679
2024.8.16,22,1.632156,0.0096
2024.8.16,23,0.066584,0
2024.8.16,24,0.000528,0
2024.8.17,1,0.000552,0
2024.8.17,2,0.0007,0
2024.8.17,3,0.000296,0.000448
2024.8.17,4,0.000312,0.0018
2024.8.17,5,0.000312,0.361536
2024.8.17,6,0.005604,1.996064
2024.8.17,7,4.678876,0.688576
2024.8.17,8,27.554275,1.47996
2024.8.17,9,95.458743,1.480377
2024.8.17,10,154.82822,3.707711
2024.8.17,11,161.650856,4.487838
2024.8.17,12,112.895459,6.38803
2024.8.17,13,69.272286,3.727795
2024.8.17,14,95.700367,1.97848
2024.8.17,15,128.31269,1.122009
2024.8.17,16,142.710582,2.786909
2024.8.17,17,122.828904,7.621424
2024.8.17,18,54.13096,9.302136
2024.8.17,19,20.157332,15.345204
2024.8.17,20,4.695307,3.455279
2024.8.17,21,2.262528,0.288685
2024.8.17,22,1.035684,4.573252
2024.8.17,23,0.100192,3.411093
2024.8.17,24,0.000528,2.085381
2024.8.18,1,0.000408,2.590536
2024.8.18,2,0.00036,0.12186
2024.8.18,3,0.000384,0.02664
2024.8.18,4,0.000456,1.876448
2024.8.18,5,0.000504,1.363292
2024.8.18,6,0.004632,1.655648
2024.8.18,7,4.999016,4.974956
2024.8.18,8,33.129848,8.970528
2024.8.18,9,72.710163,5.232292
2024.8.18,10,123.721287,8.46154
2024.8.18,11,134.877849,14.57398
2024.8.18,12,113.315112,23.531508
2024.8.18,13,125.292602,24.933812
2024.8.18,14,177.049149,24.479652
2024.8.18,15,119.403322,24.081453
2024.8.18,16,89.293286,19.964862
2024.8.18,17,107.751482,21.075326
2024.8.18,18,52.103169,15.925674
2024.8.18,19,19.193672,20.111672
2024.8.18,20,4.580911,16.358613
2024.8.18,21,2.136636,6.523688
2024.8.18,22,0.845492,1.478922
2024.8.18,23,0.00256,1.317834
2024.8.18,24,0.0006,0.641502
2024.8.19,1,0.000408,0.045921
2024.8.19,2,0.000504,0.001681
2024.8.19,3,0.000344,0
2024.8.19,4,0.00044,0
2024.8.19,5,0.000424,0
2024.8.19,6,0.0054,0.541443
2024.8.19,7,5.681817,1.53782
2024.8.19,8,45.873786,1.254569
2024.8.19,9,103.885292,0.971494
2024.8.19,10,153.284023,1.99341
2024.8.19,11,197.961173,2.201441
2024.8.19,12,225.102096,2.12739
2024.8.19,13,222.486242,2.054523
2024.8.19,14,207.303051,2.673983
2024.8.19,15,184.362964,2.099555
2024.8.19,16,143.41342,1.042134
2024.8.19,17,96.996219,2.482859
2024.8.19,18,51.576858,15.361922
2024.8.19,19,16.90017,9.292125
2024.8.19,20,5.046109,7.396221
2024.8.19,21,4.107148,4.92114
2024.8.19,22,3.069716,7.345711
2024.8.19,23,0.943352,1.283008
2024.8.19,24,0.066432,0.07128
2024.8.20,1,0.000392,0
2024.8.20,2,0.000352,0.07434
2024.8.20,3,0.000476,0.246481
2024.8.20,4,0.00036,0.586321
2024.8.20,5,0.000392,0.957358
2024.8.20,6,0.004368,1.091834
2024.8.20,7,4.912951,6.429931
2024.8.20,8,35.443332,14.082113
2024.8.20,9,96.476541,18.186448
2024.8.20,10,114.204603,26.052824
2024.8.20,11,117.090325,26.366759
2024.8.20,12,103.752933,12.625506
2024.8.20,13,104.029942,28.219655
2024.8.20,14,123.018736,45.72456
2024.8.20,15,86.063138,33.024855
2024.8.20,16,57.714381,33.286956
2024.8.20,17,44.046828,27.77449
2024.8.20,18,22.375874,33.994208
2024.8.20,19,8.295301,33.730698
2024.8.20,20,3.906566,39.367578
2024.8.20,21,1.983584,38.247283
2024.8.20,22,0.869016,35.277475
2024.8.20,23,0.08308,33.916975
2024.8.20,24,0.000328,25.385885
2024.8.21,1,0.00028,20.564712
2024.8.21,2,0.000452,22.713245
2024.8.21,3,0.000272,19.581232
2024.8.21,4,0.000368,20.765425
2024.8.21,5,0.00044,28.645045
2024.8.21,6,0.004334,26.967321
2024.8.21,7,5.514472,25.095106
2024.8.21,8,34.38383,26.42389
2024.8.21,9,69.825272,23.321962
2024.8.21,10,98.716201,23.985243
2024.8.21,11,99.739814,20.150644
2024.8.21,12,121.270353,17.950358
2024.8.21,13,146.780745,16.396569
2024.8.21,14,161.979186,20.947911
2024.8.21,15,167.239994,25.729006
2024.8.21,16,130.858094,21.49294
2024.8.21,17,94.438105,26.276461
2024.8.21,18,47.640492,21.576534
2024.8.21,19,13.505081,14.827723
2024.8.21,20,4.696552,14.835176
2024.8.21,21,4.008352,15.339185
2024.8.21,22,3.088996,13.590628
2024.8.21,23,0.832944,14.015328
2024.8.21,24,0.121264,15.085164
2024.8.22,1,0.002328,10.956568
2024.8.22,2,0.00028,18.392992
2024.8.22,3,0.000248,22.391376
2024.8.22,4,0.00032,22.319772
2024.8.22,5,0.000336,26.534272
2024.8.22,6,0.003802,32.130068
2024.8.22,7,5.167999,32.677452
2024.8.22,8,36.350706,33.485896
2024.8.22,9,79.976136,28.270188
2024.8.22,10,101.542149,28.68554
2024.8.22,11,104.288485,27.182284
2024.8.22,12,132.014357,29.6223
2024.8.22,13,141.743809,26.07602
2024.8.22,14,150.042155,25.663096
2024.8.22,15,158.43476,15.3422
2024.8.22,16,118.662966,6.695848
2024.8.22,17,95.584694,4.583228
2024.8.22,18,59.549293,5.171304
2024.8.22,19,17.130415,3.003308
2024.8.22,20,4.505194,1.703584
2024.8.22,21,4.024676,1.332876
2024.8.22,22,2.746368,2.2932
2024.8.22,23,0.393176,1.027368
2024.8.22,24,0.000464,0.78684
2024.8.23,1,0.000432,0.583072
2024.8.23,2,0.000456,0.009464
2024.8.23,3,0.00028,0.280408
2024.8.23,4,0.00028,0.34018
2024.8.23,5,0.00028,1.002832
2024.8.23,6,0.003048,0.944168
2024.8.23,7,4.470852,0.859724
2024.8.23,8,40.995596,0.20478
2024.8.23,9,88.732735,0.05508
2024.8.23,10,142.167814,0.10584
2024.8.23,11,174.645132,0.06336
2024.8.23,12,186.283338,0.13356
2024.8.23,13,184.641576,0.276644
2024.8.23,14,162.475131,0.180044
2024.8.23,15,145.207739,0.11052
2024.8.23,16,110.360495,0.04482
2024.8.23,17,79.730225,0.00018
2024.8.23,18,41.606454,0
2024.8.23,19,14.735795,0
2024.8.23,20,4.918876,0
2024.8.23,21,3.916516,0
2024.8.23,22,2.692528,0
2024.8.23,23,0.482084,0
2024.8.23,24,0.012832,0
2024.8.24,1,0.000424,0
2024.8.24,2,0.000512,0
2024.8.24,3,0.000492,0
2024.8.24,4,0.000456,0
2024.8.24,5,0.000432,0
2024.8.24,6,0.0044,0
2024.8.24,7,5.556796,0
2024.8.24,8,42.703963,0
2024.8.24,9,105.179586,0.00198
2024.8.24,10,154.019232,0.00864
2024.8.24,11,176.387468,0.013228
2024.8.24,12,193.609283,0.04352
2024.8.24,13,179.999081,0.273488
2024.8.24,14,161.506514,0.31296
2024.8.24,15,141.009738,0.230768
2024.8.24,16,104.217979,0.13814
2024.8.24,17,84.580937,0.07812
2024.8.24,18,52.515888,0.05832
2024.8.24,19,16.768593,0.05868
2024.8.24,20,4.770695,0.0018
2024.8.24,21,4.11498,0.04194
2024.8.24,22,3.122,0.0036
2024.8.24,23,0.44608,0
2024.8.24,24,0.014464,0.0018
2024.8.25,1,0.000464,0.00054
2024.8.25,2,0.00076,0.003616
2024.8.25,3,0.000468,0.004098
2024.8.25,4,0.00044,0.00241
2024.8.25,5,0.000504,0.014705
2024.8.25,6,0.003474,0.000241
2024.8.25,7,5.169092,0.06102
2024.8.25,8,42.26449,0.048148
2024.8.25,9,105.791495,0.043196
2024.8.25,10,167.874016,0.124052
2024.8.25,11,206.831844,0.293148
2024.8.25,12,216.376891,0.28234
2024.8.25,13,186.158524,1.22402
2024.8.25,14,173.31317,1.46048
2024.8.25,15,171.275751,0.715016
2024.8.25,16,144.936396,0.194536
2024.8.25,17,116.256348,0.10548
2024.8.25,18,63.989216,0.0117
2024.8.25,19,16.647258,0.014055
2024.8.25,20,4.193248,0
2024.8.25,21,3.260188,0
2024.8.25,22,1.797532,0.192571
2024.8.25,23,0.369136,0.229847
2024.8.25,24,0.100376,0.145796
2024.8.26,1,0.0004,0.046879
2024.8.26,2,0.000964,0.059848
2024.8.26,3,0.000316,0.008887
2024.8.26,4,0.000344,0.01392
2024.8.26,5,0.000264,0.027963
2024.8.26,6,0.003562,0.000241
2024.8.26,7,5.374452,0.016392
2024.8.26,8,43.528523,0
2024.8.26,9,105.096429,0.001504
2024.8.26,10,159.731534,0.00378
2024.8.26,11,186.116852,0.0387
2024.8.26,12,196.63097,0.072984
2024.8.26,13,207.579428,0.070196
2024.8.26,14,193.010097,0.279096
2024.8.26,15,146.556377,0.389264
2024.8.26,16,123.002193,0.163888
2024.8.26,17,87.331728,0.968876
2024.8.26,18,48.52924,2.685572
2024.8.26,19,13.892461,1.22729
2024.8.26,20,4.349418,0.037766
2024.8.26,21,3.957884,0.002411
2024.8.26,22,2.091188,0
2024.8.26,23,0.378876,0
2024.8.26,24,0.127976,0
2024.8.27,1,0.00396,0
2024.8.27,2,0.001092,0
2024.8.27,3,0.000396,0.001395
2024.8.27,4,0.000352,0.336689
2024.8.27,5,0.000388,1.73198
2024.8.27,6,0.004154,1.943284
2024.8.27,7,5.080893,2.801414
2024.8.27,8,37.554073,0.890833
2024.8.27,9,85.512037,0.60067
2024.8.27,10,132.386692,0.41326
2024.8.27,11,167.509108,1.675826
2024.8.27,12,174.022716,4.885134
2024.8.27,13,177.51799,9.312447
2024.8.27,14,155.644243,15.796315
2024.8.27,15,122.136246,12.293628
2024.8.27,16,92.820109,6.072435
2024.8.27,17,58.912125,9.568369
2024.8.27,18,25.767504,16.273048
2024.8.27,19,9.894651,21.576985
2024.8.27,20,4.091842,24.278504
2024.8.27,21,3.217548,27.046314
2024.8.27,22,1.538252,25.409306
2024.8.27,23,0.489492,44.523978
2024.8.27,24,0.006392,48.538887
2024.8.28,1,0.0004,42.221482
2024.8.28,2,0.000448,41.089947
2024.8.28,3,0.000216,41.724533
2024.8.28,4,0.000328,37.457035
2024.8.28,5,0.00028,42.935654
2024.8.28,6,0.002258,41.57646
2024.8.28,7,2.633603,42.457852
2024.8.28,8,18.905236,39.45935
2024.8.28,9,56.914478,39.45126
2024.8.28,10,74.350133,39.506528
2024.8.28,11,84.252766,32.388773
2024.8.28,12,105.020147,42.322218
2024.8.28,13,128.5386,40.871651
2024.8.28,14,131.639777,46.873064
2024.8.28,15,94.333962,46.260212
2024.8.28,16,72.75778,47.451268
2024.8.28,17,68.34474,44.840206
2024.8.28,18,54.475388,40.640398
2024.8.28,19,15.441616,38.726374
2024.8.28,20,3.61371,45.31304
2024.8.28,21,2.537808,46.678768
2024.8.28,22,0.744836,46.508375
2024.8.28,23,0.11638,45.101094
2024.8.28,24,0.000424,42.567322
2024.8.29,1,0.000424,38.532959
2024.8.29,2,0.000584,46.318422
2024.8.29,3,0.0004,46.012323
2024.8.29,4,0.000464,39.374945
2024.8.29,5,0.00054,40.328884
2024.8.29,6,0.002336,43.37758
2024.8.29,7,1.009292,33.308404
2024.8.29,8,20.395453,33.353715
2024.8.29,9,84.744546,29.352441
2024.8.29,10,110.582622,29.171291
2024.8.29,11,182.29877,26.78317
2024.8.29,12,177.894621,23.827106
2024.8.29,13,191.207079,15.702002
2024.8.29,14,229.901246,17.894034
2024.8.29,15,207.684649,22.160233
2024.8.29,16,174.394908,20.09284
2024.8.29,17,110.663948,20.635287
2024.8.29,18,56.551185,23.445282
2024.8.29,19,14.247213,22.061208
2024.8.29,20,4.280362,14.951229
2024.8.29,21,3.986652,14.894611
2024.8.29,22,3.08286,12.772795
2024.8.29,23,0.771944,4.507937
2024.8.29,24,0.129208,1.623493
2024.8.30,1,0.004816,3.023216
2024.8.30,2,0.000944,5.124764
2024.8.30,3,0.000364,3.684672
2024.8.30,4,0.00032,3.421037
2024.8.30,5,0.000392,3.116994
2024.8.30,6,0.002612,5.361679
2024.8.30,7,3.57849,8.516705
2024.8.30,8,41.646933,9.931832
2024.8.30,9,109.69301,8.680017
2024.8.30,10,172.291194,8.793043
2024.8.30,11,213.623195,8.849895
2024.8.30,12,238.125691,12.87184
2024.8.30,13,257.633885,11.270103
2024.8.30,14,250.424004,21.067652
2024.8.30,15,225.372716,28.674383
2024.8.30,16,194.633482,24.471616
2024.8.30,17,138.742372,28.122007
2024.8.30,18,65.43373,30.500857
2024.8.30,19,13.783582,33.554007
2024.8.30,20,4.576628,34.415567
2024.8.30,21,4.00566,33.042498
2024.8.30,22,3.094724,23.905366
2024.8.30,23,0.61958,16.478462
2024.8.30,24,0.117248,11.158816
2024.8.31,1,0.002864,12.961803
2024.8.31,2,0.000988,15.00966
2024.8.31,3,0.000492,10.908969
2024.8.31,4,0.000272,9.139967
2024.8.31,5,0.000404,9.30521
2024.8.31,6,0.003828,6.859523
2024.8.31,7,4.418138,9.083019
2024.8.31,8,48.977617,12.495635
2024.8.31,9,126.33239,11.700269
2024.8.31,10,181.595099,10.639212
2024.8.31,11,232.031438,7.437231
2024.8.31,12,257.539888,6.813896
2024.8.31,13,270.516626,6.701135
2024.8.31,14,260.78555,7.152709
2024.8.31,15,238.008165,7.136559
2024.8.31,16,193.13963,6.686388
2024.8.31,17,130.670072,6.465278
2024.8.31,18,62.47884,3.805944
2024.8.31,19,13.566092,3.099614
2024.8.31,20,4.821134,1.700207
2024.8.31,21,4.137844,0.870296
2024.8.31,22,3.080628,0.634937
2024.8.31,23,0.87908,0.323352
2024.8.31,24,0.131984,0.034504
2024.9.1,1,0.000392,0
2024.9.1,2,0.000932,0
2024.9.1,3,0.000444,0
2024.9.1,4,0.000512,0
2024.9.1,5,0.000532,0
2024.9.1,6,0.00358,0
2024.9.1,7,4.530663,0
2024.9.1,8,43.227333,0
2024.9.1,9,105.414684,0.00396
2024.9.1,10,157.012102,0.01134
2024.9.1,11,183.284735,0.05526
2024.9.1,12,200.627277,0.15462
2024.9.1,13,210.241736,0.25902
2024.9.1,14,189.516759,0.48046
2024.9.1,15,147.077165,0.186635
2024.9.1,16,107.651567,0.065376
2024.9.1,17,85.370667,0.024364
2024.9.1,18,58.097824,0.057541
2024.9.1,19,14.993401,0.024284
2024.9.1,20,3.233104,0.073978
2024.9.1,21,2.833132,0.27509
2024.9.1,22,1.877204,0.382534
2024.9.1,23,0.158388,0.631063
2024.9.1,24,0.000432,0.525808
2024.9.2,1,0.000344,0.327419
2024.9.2,2,0.001144,0.360084
2024.9.2,3,0.000468,0.417887
2024.9.2,4,0.000464,0.294151
2024.9.2,5,0.000512,0.105063
2024.9.2,6,0.004512,0.061044
2024.9.2,7,5.159515,0.007344
2024.9.2,8,44.643879,0.000482
2024.9.2,9,114.734424,0.006679
2024.9.2,10,162.185366,0.018035
2024.9.2,11,177.448618,0.009446
2024.9.2,12,199.761872,0.063078
2024.9.2,13,227.77722,0.029644
2024.9.2,14,214.159141,0.01566
2024.9.2,15,191.992449,0.01368
2024.9.2,16,141.850364,0.00288
2024.9.2,17,100.728522,0.00036
2024.9.2,18,42.640032,0
2024.9.2,19,11.106371,0
2024.9.2,20,3.418361,0
2024.9.2,21,2.652324,0
2024.9.2,22,1.70044,0.0378
2024.9.2,23,0.348044,0.085445
2024.9.2,24,0.000392,0.025502
2024.9.3,1,0.0004,0.00018
2024.9.3,2,0.00118,0.0459
2024.9.3,3,0.00036,0.13554
2024.9.3,4,0.000504,0.111677
2024.9.3,5,0.000552,0.311125
2024.9.3,6,0.003152,1.119726
2024.9.3,7,0.787052,1.271035
2024.9.3,8,13.641831,1.152528
2024.9.3,9,57.859126,0.2952
2024.9.3,10,96.10085,0.009176
2024.9.3,11,155.352288,0.198628
2024.9.3,12,157.67267,1.288773
2024.9.3,13,135.915555,1.386996
2024.9.3,14,100.339753,7.142528
2024.9.3,15,89.968648,10.830579
2024.9.3,16,80.190632,25.435679
2024.9.3,17,46.179118,23.007049
2024.9.3,18,32.193467,13.739084
2024.9.3,19,7.440391,10.732247
2024.9.3,20,2.757482,7.687335
2024.9.3,21,1.845072,7.837027
2024.9.3,22,0.649408,1.650821
2024.9.3,23,0.040672,2.018029
2024.9.3,24,0.00036,7.725103
2024.9.4,1,0.000376,26.369495
2024.9.4,2,0.000908,17.254941
2024.9.4,3,0.000424,28.098276
2024.9.4,4,0.00044,21.905478
2024.9.4,5,0.000432,28.105483
2024.9.4,6,0.003066,17.188349
2024.9.4,7,3.326744,14.264291
2024.9.4,8,35.244933,20.907696
2024.9.4,9,95.614671,18.081342
2024.9.4,10,147.890308,30.425258
2024.9.4,11,176.104103,33.936193
2024.9.4,12,183.09387,39.136739
2024.9.4,13,189.136001,37.615586
2024.9.4,14,178.403008,44.818696
2024.9.4,15,159.498949,44.909652
2024.9.4,16,127.08719,33.592182
2024.9.4,17,77.401776,38.704451
2024.9.4,18,40.161941,36.709772
2024.9.4,19,10.379535,19.813773
2024.9.4,20,2.885091,11.030469
2024.9.4,21,2.49058,1.266513
2024.9.4,22,1.858736,0.211589
2024.9.4,23,0.46192,0.174013
2024.9.4,24,0.000456,0.571735
2024.9.5,1,0.000408,0.616828
2024.9.5,2,0.001068,0.419065
2024.9.5,3,0.00038,0.315439
2024.9.5,4,0.000424,0.297888
2024.9.5,5,0.000488,0.292518
2024.9.5,6,0.002998,0.231623
2024.9.5,7,3.522547,0.128789
2024.9.5,8,37.323018,0.053102
2024.9.5,9,99.135334,0.087627
2024.9.5,10,157.805909,0.29388
2024.9.5,11,193.080747,0.46885
2024.9.5,12,218.864794,0.761155
2024.9.5,13,231.74718,1.056232
2024.9.5,14,216.30203,1.023567
2024.9.5,15,183.84872,0.803025
2024.9.5,16,141.947158,0.635137
2024.9.5,17,89.57805,0.347921
2024.9.5,18,40.568376,0.055009
2024.9.5,19,10.793611,0
2024.9.5,20,3.211889,0
2024.9.5,21,2.671224,0
2024.9.5,22,1.973964,0
2024.9.5,23,0.457912,0
2024.9.5,24,0.000336,0.000723
2024.9.6,1,0.00036,0.000662
2024.9.6,2,0.00086,0.002108
2024.9.6,3,0.000396,0.001446
2024.9.6,4,0.000384,0
2024.9.6,5,0.000524,0
2024.9.6,6,0.002988,0
2024.9.6,7,3.500356,0
2024.9.6,8,37.901748,0
2024.9.6,9,102.676991,0.0018
2024.9.6,10,165.054122,0.009
2024.9.6,11,202.389409,0.01476
2024.9.6,12,225.621988,0.02772
2024.9.6,13,222.369458,1.114588
2024.9.6,14,181.177537,1.22722
2024.9.6,15,123.617586,1.404248
2024.9.6,16,70.201726,0.7874
2024.9.6,17,52.761118,2.992285
2024.9.6,18,29.573495,0.827467
2024.9.6,19,7.592578,0.000482
2024.9.6,20,2.93111,0
2024.9.6,21,2.61608,0.137536
2024.9.6,22,1.89656,0.07392
2024.9.6,23,0.456324,0.131894
2024.9.6,24,0.00044,0.832921
2024.9.7,1,0.000432,2.632414
2024.9.7,2,0.001024,3.757603
2024.9.7,3,0.000424,2.955063
2024.9.7,4,0.000432,1.240351
2024.9.7,5,0.000424,1.608312
2024.9.7,6,0.0037,0.800656
2024.9.7,7,3.643982,2.280139
2024.9.7,8,38.833169,1.600734
2024.9.7,9,103.777045,0.462413
2024.9.7,10,152.899806,0.241888
2024.9.7,11,183.835342,0.134057
2024.9.7,12,197.723373,0.173714
2024.9.7,13,197.246983,0.395244
2024.9.7,14,167.251448,2.38443
2024.9.7,15,116.162332,9.729956
2024.9.7,16,68.524762,1.662102
2024.9.7,17,31.967714,0.303666
2024.9.7,18,21.779554,0.379591
2024.9.7,19,7.443937,0.347519
2024.9.7,20,3.017472,1.01083
2024.9.7,21,2.669724,0.00198
2024.9.7,22,1.973836,0
2024.9.7,23,0.434,0
2024.9.7,24,0.000424,0
2024.9.8,1,0.000456,0.009
2024.9.8,2,0.001028,0
2024.9.8,3,0.000444,0.05076
2024.9.8,4,0.000424,0.00144
2024.9.8,5,0.000496,0
2024.9.8,6,0.002774,0
2024.9.8,7,3.065451,0
2024.9.8,8,34.1513,0.046184
2024.9.8,9,92.033677,2.043832
2024.9.8,10,122.050522,0.686092
2024.9.8,11,126.735741,0.1017
2024.9.8,12,164.554128,1.026348
2024.9.8,13,149.892897,0.80698
2024.9.8,14,108.164604,0.35874
2024.9.8,15,77.137096,0.30276
2024.9.8,16,49.633624,0.117763
2024.9.8,17,35.096156,0.073898
2024.9.8,18,22.865276,0.03294
2024.9.8,19,7.336496,0.038108
2024.9.8,20,2.435778,0.021052
2024.9.8,21,0.954556,0.026324
2024.9.8,22,0.553352,0
2024.9.8,23,0.219256,0
2024.9.8,24,0.000548,0
2024.9.9,1,0.0004,0
2024.9.9,2,0.000376,0
2024.9.9,3,0.000384,0.092064
2024.9.9,4,0.000392,2.007328
2024.9.9,5,0.000288,1.88648
2024.9.9,6,0.002762,3.257552
2024.9.9,7,2.847227,4.950092
2024.9.9,8,34.49704,4.973516
2024.9.9,9,95.239322,3.897724
2024.9.9,10,150.33881,7.91886
2024.9.9,11,188.03775,15.949407
2024.9.9,12,201.897609,19.54555
2024.9.9,13,201.384159,35.397159
2024.9.9,14,187.187433,40.651594
2024.9.9,15,177.163764,42.281489
2024.9.9,16,151.431342,49.001178
2024.9.9,17,97.887615,48.249044
2024.9.9,18,42.816306,45.873323
2024.9.9,19,8.12143,51.776934
2024.9.9,20,2.914224,46.616565
2024.9.9,21,2.238436,32.943263
2024.9.9,22,1.210804,22.161697
2024.9.9,23,0.320332,24.411707
2024.9.9,24,0.00028,12.766725
2024.9.10,1,0.000304,11.425763
2024.9.10,2,0.000616,9.029903
2024.9.10,3,0.000352,31.393128
2024.9.10,4,0.000512,45.655985
2024.9.10,5,0.000448,41.894039
2024.9.10,6,0.003128,41.908521
2024.9.10,7,2.709519,51.19367
2024.9.10,8,34.006787,51.22531
2024.9.10,9,81.983226,56.405107
2024.9.10,10,134.615973,47.819644
2024.9.10,11,169.918749,49.472205
2024.9.10,12,181.215995,49.428591
2024.9.10,13,187.174892,41.334639
2024.9.10,14,154.028,49.957239
2024.9.10,15,131.929716,38.330712
2024.9.10,16,98.713881,51.905416
2024.9.10,17,61.261136,48.726368
2024.9.10,18,21.02643,45.894712
2024.9.10,19,3.796949,46.489669
2024.9.10,20,2.690484,13.965583
2024.9.10,21,2.119212,3.841693
2024.9.10,22,1.128912,5.451745
2024.9.10,23,0.128188,18.380909
2024.9.10,24,0.000248,15.717462
2024.9.11,1,0.000264,2.227743
2024.9.11,2,0.000904,2.50315
2024.9.11,3,0.000296,2.036563
2024.9.11,4,0.000248,0.922864
2024.9.11,5,0.000336,1.071711
2024.9.11,6,0.002828,1.690934
2024.9.11,7,1.630403,1.560191
2024.9.11,8,24.555005,1.411712
2024.9.11,9,68.467933,1.265182
2024.9.11,10,111.407571,1.754434
2024.9.11,11,155.348811,3.537315
2024.9.11,12,140.356994,5.031547
2024.9.11,13,104.985821,8.282388
2024.9.11,14,60.962032,4.192033
2024.9.11,15,89.229014,2.717067
2024.9.11,16,77.528909,3.415099
2024.9.11,17,32.413257,17.33403
2024.9.11,18,18.246258,6.278253
2024.9.11,19,6.797717,13.232625
2024.9.11,20,2.679906,15.677606
2024.9.11,21,2.290556,12.829059
2024.9.11,22,0.932364,27.247107
2024.9.11,23,0.120016,16.604046
2024.9.11,24,0.000368,31.984953
2024.9.12,1,0.000408,8.780088
2024.9.12,2,0.000468,3.460471
2024.9.12,3,0.000368,16.499444
2024.9.12,4,0.000384,8.766841
2024.9.12,5,0.000376,5.14962
2024.9.12,6,0.003292,13.169214
2024.9.12,7,2.469581,9.000169
2024.9.12,8,32.541788,4.70107
2024.9.12,9,84.900616,5.039331
2024.9.12,10,150.533894,6.048373
2024.9.12,11,174.847089,4.500276
2024.9.12,12,204.807095,9.465217
2024.9.12,13,199.754172,9.24855
2024.9.12,14,191.115164,3.492217
2024.9.12,15,156.19454,3.456977
2024.9.12,16,122.028525,2.534298
2024.9.12,17,88.400453,1.418859
2024.9.12,18,42.137456,2.64862
2024.9.12,19,6.716856,8.306832
2024.9.12,20,3.06665,13.493323
2024.9.12,21,2.57114,3.922259
2024.9.12,22,1.645916,0.520596
2024.9.12,23,0.07248,0.339341
2024.9.12,24,0.000384,0.192367
2024.9.13,1,0.000416,0.150565
2024.9.13,2,0.000836,1.512011
2024.9.13,3,0.000424,5.391305
2024.9.13,4,0.000408,0.427881
2024.9.13,5,0.000524,0.17766
2024.9.13,6,0.002988,0.045
2024.9.13,7,2.378182,0.04338
2024.9.13,8,41.152218,0.07146
2024.9.13,9,112.422908,0.00792
2024.9.13,10,172.459665,0.020063
2024.9.13,11,205.930017,0.062616
2024.9.13,12,222.068075,0.091442
2024.9.13,13,222.919046,0.139549
2024.9.13,14,206.191954,0.321416
2024.9.13,15,174.606844,0.224887
2024.9.13,16,134.525709,0.085298
2024.9.13,17,88.826624,0.061005
2024.9.13,18,36.864631,0.102835
2024.9.13,19,6.905661,0.538401
2024.9.13,20,3.06487,0.052704
2024.9.13,21,2.643204,0
2024.9.13,22,1.890212,0
2024.9.13,23,0.16042,0
2024.9.13,24,0.000408,0
2024.9.14,1,0.000456,0.007392
2024.9.14,2,0.000988,0.053768
2024.9.14,3,0.000364,0.889476
2024.9.14,4,0.000392,2.2998
2024.9.14,5,0.00044,3.680596
2024.9.14,6,0.003034,1.888024
2024.9.14,7,2.391301,3.065064
2024.9.14,8,39.789252,7.322156
2024.9.14,9,105.833829,6.555632
2024.9.14,10,169.679619,8.557616
2024.9.14,11,214.320968,11.326708
2024.9.14,12,237.213754,17.567896
2024.9.14,13,229.825036,16.528335
2024.9.14,14,206.325375,26.026764
2024.9.14,15,194.390589,24.260976
2024.9.14,16,160.186666,25.882664
2024.9.14,17,105.786783,31.05675
2024.9.14,18,46.163929,35.034722
2024.9.14,19,6.413048,27.472836
2024.9.14,20,3.015,20.055818
2024.9.14,21,2.721136,20.873376
2024.9.14,22,1.796072,15.012496
2024.9.14,23,0.121484,18.837195
2024.9.14,24,0.000368,22.614481
2024.9.15,1,0.00036,19.718509
2024.9.15,2,0.000964,21.91268
2024.9.15,3,0.000456,22.323307
2024.9.15,4,0.000424,14.343443
2024.9.15,5,0.000472,33.490209
2024.9.15,6,0.002954,47.49838
2024.9.15,7,2.155313,52.51207
2024.9.15,8,29.440162,49.090324
2024.9.15,9,67.627261,57.389797
2024.9.15,10,88.069742,56.933782
2024.9.15,11,144.733567,58.353092
2024.9.15,12,189.944495,53.369108
2024.9.15,13,176.974063,54.10233
2024.9.15,14,156.900351,57.103415
2024.9.15,15,124.092567,54.082879
2024.9.15,16,106.009831,54.723101
2024.9.15,17,65.35862,55.027486
2024.9.15,18,30.049963,50.843289
2024.9.15,19,5.462535,53.164683
2024.9.15,20,2.811488,41.865506
2024.9.15,21,1.7845,35.090035
2024.9.15,22,0.606272,47.363559
2024.9.15,23,0.0048,54.517643
2024.9.15,24,0.00058,48.393525
2024.9.16,1,0.000408,47.597952
2024.9.16,2,0.000544,52.936929
2024.9.16,3,0.000336,43.939741
2024.9.16,4,0.000248,22.585724
2024.9.16,5,0.000336,10.262631
2024.9.16,6,0.00232,4.060942
2024.9.16,7,0.469522,8.20136
2024.9.16,8,9.041337,2.181305
2024.9.16,9,23.227515,5.741466
2024.9.16,10,39.351285,9.859685
2024.9.16,11,71.748009,5.518536
2024.9.16,12,82.268202,11.235975
2024.9.16,13,93.603491,9.157188
2024.9.16,14,107.273639,16.447264
2024.9.16,15,94.346841,2.69241
2024.9.16,16,93.831232,10.596077
2024.9.16,17,70.315606,6.124462
2024.9.16,18,35.632057,1.495428
2024.9.16,19,6.722393,1.238728
2024.9.16,20,2.488088,0.835307
2024.9.16,21,1.17482,0.845893
2024.9.16,22,0.031152,1.464927
2024.9.16,23,0.00072,0.527472
2024.9.16,24,0.000548,0.659818
2024.9.17,1,0.000352,0.706831
2024.9.17,2,0.000528,0.490095
2024.9.17,3,0.0004,0.280855
2024.9.17,4,0.0004,0.154217
2024.9.17,5,0.000384,0.024611
2024.9.17,6,0.002098,0.035854
2024.9.17,7,0.306496,0.050702
2024.9.17,8,18.65254,0.425494
2024.9.17,9,47.211949,0.405953
2024.9.17,10,84.393807,0.140296
2024.9.17,11,85.141652,0.050624
2024.9.17,12,71.714323,4.121472
2024.9.17,13,62.468719,4.420432
2024.9.17,14,79.091776,0.06282
2024.9.17,15,109.400749,0.01728
2024.9.17,16,119.919324,0.030161
2024.9.17,17,79.998896,0.011387
2024.9.17,18,37.24809,0.000241
2024.9.17,19,5.169006,0.027628
2024.9.17,20,2.023654,0.864428
2024.9.17,21,0.30804,2.44728
2024.9.17,22,0.0004,2.239292
2024.9.17,23,0.0004,0.44838
2024.9.17,24,0.000376,0.05526
2024.9.18,1,0.0004,0.012661
2024.9.18,2,0.000408,0.088871
2024.9.18,3,0.000424,0.630842
2024.9.18,4,0.000424,0.819756
2024.9.18,5,0.000448,0.874723
2024.9.18,6,0.002384,1.815787
2024.9.18,7,1.673066,0.518946
2024.9.18,8,30.419596,0.36994
2024.9.18,9,87.388615,0.383685
2024.9.18,10,138.461357,0.429963
2024.9.18,11,177.954397,5.501881
2024.9.18,12,200.318305,7.886732
2024.9.18,13,193.762854,1.765077
2024.9.18,14,203.688682,1.058366
2024.9.18,15,192.939068,1.480494
2024.9.18,16,136.470785,2.208137
2024.9.18,17,89.205644,6.721634
2024.9.18,18,37.624558,4.830929
2024.9.18,19,4.9566,7.976904
2024.9.18,20,3.018722,0.540301
2024.9.18,21,2.686192,3.825788
2024.9.18,22,1.961168,3.067813
2024.9.18,23,0.285176,0.181825
2024.9.18,24,0.000368,0.762596
2024.9.19,1,0.000392,6.466362
2024.9.19,2,0.000408,15.682864
2024.9.19,3,0.000496,20.191687
2024.9.19,4,0.000448,20.587861
2024.9.19,5,0.000448,9.476861
2024.9.19,6,0.002672,5.504039
2024.9.19,7,2.373822,5.413926
2024.9.19,8,38.353216,15.441323
2024.9.19,9,102.753627,16.666204
2024.9.19,10,162.303643,21.270897
2024.9.19,11,197.584962,30.987334
2024.9.19,12,194.425819,29.774569
2024.9.19,13,170.593102,31.09633
2024.9.19,14,154.088796,28.150791
2024.9.19,15,135.702219,34.866304
2024.9.19,16,41.990654,23.679151
2024.9.19,17,29.129707,14.776115
2024.9.19,18,8.752059,11.511431
2024.9.19,19,3.141643,24.984401
2024.9.19,20,2.917008,27.677076
2024.9.19,21,2.472788,23.946923
2024.9.19,22,1.62082,8.837491
2024.9.19,23,0.002352,9.2502
2024.9.19,24,0.00044,10.364798
2024.9.20,1,0.000432,21.85067
2024.9.20,2,0.000448,39.023515
2024.9.20,3,0.000512,40.644819
2024.9.20,4,0.00044,37.964109
2024.9.20,5,0.000432,35.937186
2024.9.20,6,0.002608,30.815034
2024.9.20,7,0.165225,25.9159
2024.9.20,8,2.432576,40.942074
2024.9.20,9,7.342032,39.909786
2024.9.20,10,20.858888,36.806233
2024.9.20,11,26.672176,42.965343
2024.9.20,12,62.881847,41.886491
2024.9.20,13,104.151734,41.218288
2024.9.20,14,111.792253,41.900834
2024.9.20,15,81.555415,43.265337
2024.9.20,16,65.974064,41.695775
2024.9.20,17,44.668307,38.089613
2024.9.20,18,16.576065,35.226101
2024.9.20,19,2.52204,35.554373
2024.9.20,20,2.196614,33.431457
2024.9.20,21,0.790408,34.434686
2024.9.20,22,0.00524,36.356816
2024.9.20,23,0.000504,40.019324
2024.9.20,24,0.000648,40.900582
2024.9.21,1,0.000456,40.511701
2024.9.21,2,0.00052,42.085477
2024.9.21,3,0.000456,41.12039
2024.9.21,4,0.000464,45.389865
2024.9.21,5,0.00044,44.240427
2024.9.21,6,0.003098,43.072805
2024.9.21,7,0.736023,42.196229
2024.9.21,8,19.286157,42.836998
2024.9.21,9,28.506914,44.194536
2024.9.21,10,29.481357,42.390586
2024.9.21,11,36.351232,40.21388
2024.9.21,12,41.120486,43.472019
2024.9.21,13,28.875065,44.443668
2024.9.21,14,7.283095,43.786514
2024.9.21,15,1.230231,45.643108
2024.9.21,16,2.174994,45.500392
2024.9.21,17,6.251604,44.629871
2024.9.21,18,2.826147,38.831734
2024.9.21,19,0.817571,15.85759
2024.9.21,20,0.3492,26.773509
2024.9.21,21,0.000416,36.747844
2024.9.21,22,0.000408,41.973647
2024.9.21,23,0.0004,44.315434
2024.9.21,24,0.000408,40.991318
2024.9.22,1,0.00044,37.712421
2024.9.22,2,0.000424,44.044118
2024.9.22,3,0.000448,36.961748
2024.9.22,4,0.000424,32.006117
2024.9.22,5,0.00044,34.845469
2024.9.22,6,0.002256,30.759432
2024.9.22,7,0.288679,36.331493
2024.9.22,8,10.240717,36.16297
2024.9.22,9,34.17152,34.027969
2024.9.22,10,60.355103,27.139713
2024.9.22,11,73.768034,24.615496
2024.9.22,12,88.316996,27.742459
2024.9.22,13,89.877271,24.617585
2024.9.22,14,78.350497,28.91143
2024.9.22,15,75.556331,30.126833
2024.9.22,16,56.555033,33.297045
2024.9.22,17,32.752521,37.071855
2024.9.22,18,12.896578,35.879395
2024.9.22,19,2.745843,36.007671
2024.9.22,20,0.86049,38.002663
2024.9.22,21,0.000392,37.308902
2024.9.22,22,0.000392,31.990061
2024.9.22,23,0.000416,25.897204
2024.9.22,24,0.000416,25.159566
2024.9.23,1,0.000424,32.625006
2024.9.23,2,0.000376,39.926375
2024.9.23,3,0.000432,45.310246
2024.9.23,4,0.000344,45.747522
2024.9.23,5,0.00028,42.089666
2024.9.23,6,0.00252,45.985034
2024.9.23,7,0.853742,46.714173
2024.9.23,8,24.710294,47.33956
2024.9.23,9,69.418122,46.908693
2024.9.23,10,122.974619,47.159573
2024.9.23,11,157.895712,45.126488
2024.9.23,12,150.33579,46.352336
2024.9.23,13,151.230361,45.424636
2024.9.23,14,148.227939,44.565752
2024.9.23,15,140.535405,44.823084
2024.9.23,16,123.732795,44.847776
2024.9.23,17,79.563857,44.8746
2024.9.23,18,29.045475,45.543028
2024.9.23,19,4.138063,44.565584
2024.9.23,20,3.106798,40.909656
2024.9.23,21,2.623632,43.276541
2024.9.23,22,1.768472,42.398872
2024.9.23,23,0.349904,43.595041
2024.9.23,24,0.004664,44.40241
2024.9.24,1,0.00036,40.516325
2024.9.24,2,0.000392,41.42127
2024.9.24,3,0.000448,43.041751
2024.9.24,4,0.00044,40.541686
2024.9.24,5,0.00044,41.894354
2024.9.24,6,0.002428,31.505229
2024.9.24,7,2.209616,29.747624
2024.9.24,8,30.007903,32.018631
2024.9.24,9,83.192872,27.655795
2024.9.24,10,136.444967,26.302812
2024.9.24,11,161.429709,25.623542
2024.9.24,12,180.506113,34.277074
2024.9.24,13,165.391935,40.56966
2024.9.24,14,118.035989,41.919614
2024.9.24,15,123.10208,42.703684
2024.9.24,16,94.620779,43.545858
2024.9.24,17,66.170308,42.578194
2024.9.24,18,21.227639,41.277688
2024.9.24,19,3.944307,38.70142
2024.9.24,20,2.706526,36.091004
2024.9.24,21,2.1181,37.777396
2024.9.24,22,1.235584,36.459167
2024.9.24,23,0.111484,34.882878
2024.9.24,24,0.000416,24.784656
2024.9.25,1,0.000432,31.864353
2024.9.25,2,0.000376,32.567477
2024.9.25,3,0.000472,31.10153
2024.9.25,4,0.000424,34.088234
2024.9.25,5,0.000416,20.290455
2024.9.25,6,0.002882,23.01189
2024.9.25,7,0.316371,30.123748
2024.9.25,8,17.04294,24.892946
2024.9.25,9,54.656281,27.152756
2024.9.25,10,88.232654,30.911298
2024.9.25,11,103.183671,30.802036
2024.9.25,12,130.616915,31.176844
2024.9.25,13,132.374011,34.700775
2024.9.25,14,127.811366,33.808098
2024.9.25,15,98.459226,33.900802
2024.9.25,16,80.801613,23.39675
2024.9.25,17,58.9196,10.273922
2024.9.25,18,26.041261,6.947291
2024.9.25,19,3.720694,9.443382
2024.9.25,20,2.706446,0.939605
2024.9.25,21,2.145776,0.327103
2024.9.25,22,0.36754,0.811606
2024.9.25,23,0.041632,5.226659
2024.9.25,24,0.000432,8.732817
2024.9.26,1,0.000448,3.789939
2024.9.26,2,0.000312,4.10664
2024.9.26,3,0.000516,6.199708
2024.9.26,4,0.000432,0.8273
2024.9.26,5,0.00044,0.214816
2024.9.26,6,0.002934,4.042193
2024.9.26,7,2.13254,9.644807
2024.9.26,8,33.769469,12.021759
2024.9.26,9,96.888342,9.672203
2024.9.26,10,148.401768,6.956462
2024.9.26,11,177.164684,4.869311
2024.9.26,12,211.762566,10.385055
2024.9.26,13,225.008083,10.551463
2024.9.26,14,218.144306,7.824982
2024.9.26,15,182.71556,7.57494
2024.9.26,16,138.158563,6.089492
2024.9.26,17,64.765262,5.867988
2024.9.26,18,24.089324,4.415856
2024.9.26,19,3.769256,3.256448
2024.9.26,20,3.235186,3.479636
2024.9.26,21,2.52352,2.602408
2024.9.26,22,1.650768,0.436753
2024.9.26,23,0.126248,0.31154
2024.9.26,24,0.000504,5.437711
2024.9.27,1,0.000472,7.452069
2024.9.27,2,0.000532,13.844476
2024.9.27,3,0.000448,14.696709
2024.9.27,4,0.0004,11.541396
2024.9.27,5,0.000472,12.380661
2024.9.27,6,0.002528,12.566118
2024.9.27,7,0.629345,17.899469
2024.9.27,8,17.022748,13.039095
2024.9.27,9,77.249239,15.000006
2024.9.27,10,151.394739,20.206566
2024.9.27,11,195.571638,15.343685
2024.9.27,12,207.220722,13.560927
2024.9.27,13,223.61656,10.183529
2024.9.27,14,225.17203,2.019743
2024.9.27,15,183.132353,1.554737
2024.9.27,16,142.425014,1.314132
2024.9.27,17,90.817635,10.735651
2024.9.27,18,29.016526,15.736246
2024.9.27,19,5.638066,13.560419
2024.9.27,20,3.402582,11.876632
2024.9.27,21,2.624904,13.073348
2024.9.27,22,1.850564,12.687184
2024.9.27,23,0.237264,13.981464
2024.9.27,24,0.00044,3.478904
2024.9.28,1,0.000424,2.999412
2024.9.28,2,0.000976,0.327956
2024.9.28,3,0.000372,0.0702
2024.9.28,4,0.000328,0.23004
2024.9.28,5,0.000444,2.577442
2024.9.28,6,0.00205,6.980041
2024.9.28,7,1.293804,9.934806
2024.9.28,8,31.161471,28.2946
2024.9.28,9,91.339918,58.807079
2024.9.28,10,145.137034,59.527438
2024.9.28,11,177.11628,60.136358
2024.9.28,12,187.894085,59.393608
2024.9.28,13,190.870422,56.633496
2024.9.28,14,177.998335,59.842484
2024.9.28,15,169.289049,62.389913
2024.9.28,16,138.225008,62.074879
2024.9.28,17,83.568612,63.921716
2024.9.28,18,28.005319,63.390548
2024.9.28,19,3.573467,62.468191
2024.9.28,20,3.044448,58.024641
2024.9.28,21,2.624204,56.45106
2024.9.28,22,1.721972,58.558189
2024.9.28,23,0.094028,56.680816
2024.9.28,24,0.000464,58.130976
2024.9.29,1,0.000432,56.868334
2024.9.29,2,0.000952,58.2697
2024.9.29,3,0.000532,60.703312
2024.9.29,4,0.00044,57.805782
2024.9.29,5,0.000432,58.777084
2024.9.29,6,0.00248,58.542624
2024.9.29,7,0.936188,60.769451
2024.9.29,8,22.880944,60.509404
2024.9.29,9,64.985277,60.464069
2024.9.29,10,108.673123,60.076761
2024.9.29,11,134.303451,57.340798
2024.9.29,12,160.530474,58.559128
2024.9.29,13,167.781633,59.671557
2024.9.29,14,158.845076,58.168178
2024.9.29,15,171.168835,57.927867
2024.9.29,16,142.257855,54.058881
2024.9.29,17,94.544686,54.999707
2024.9.29,18,30.879311,59.463706
2024.9.29,19,3.892855,59.47502
2024.9.29,20,3.030094,59.352141
2024.9.29,21,2.614552,58.716639
2024.9.29,22,1.554296,58.785864
2024.9.29,23,0.205416,56.075414
2024.9.29,24,0.000384,55.537173
2024.9.30,1,0.000408,49.571908
2024.9.30,2,0.00092,42.743805
2024.9.30,3,0.000336,42.260175
2024.9.30,4,0.000288,42.068989
2024.9.30,5,0.000432,50.004983
2024.9.30,6,0.0026,48.646333
2024.9.30,7,1.139085,49.046849
2024.9.30,8,27.520448,45.681864
2024.9.30,9,82.736839,46.16156
2024.9.30,10,137.39144,43.617026
2024.9.30,11,175.052391,26.182235
2024.9.30,12,180.391311,2.265067
2024.9.30,13,184.468823,2.390505
2024.9.30,14,171.507904,13.629498
2024.9.30,15,128.493553,15.995537
2024.9.30,16,77.155656,11.273376
2024.9.30,17,44.935734,16.40057
2024.9.30,18,19.865419,13.531416
2024.9.30,19,3.421639,9.872445
2024.9.30,20,2.631698,5.947894
2024.9.30,21,1.767792,2.23057
2024.9.30,22,1.111012,0.115688
2024.9.30,23,0.150508,0.00224
2024.9.30,24,0.000516,0
2024.10.1,1,0.00044,0
2024.10.1,2,0.000784,0
2024.10.1,3,0.000468,0.0036
2024.10.1,4,0.000532,0
2024.10.1,5,0.00036,0
2024.10.1,6,0.000392,0
2024.10.1,7,0.886064,0
2024.10.1,8,31.095703,0
2024.10.1,9,95.506411,0.00252
2024.10.1,10,150.198823,0.00936
2024.10.1,11,163.66517,0.01548
2024.10.1,12,136.76166,0.1143
2024.10.1,13,116.542012,0.24548
2024.10.1,14,84.629884,0.968612
2024.10.1,15,46.287615,3.87998
2024.10.1,16,27.782772,49.00542
2024.10.1,17,8.688531,68.439281
2024.10.1,18,2.834302,72.394632
2024.10.1,19,2.02946,73.759159
2024.10.1,20,2.185224,71.116424
2024.10.1,21,1.023188,64.311837
2024.10.1,22,0.651152,59.667603
2024.10.1,23,0.004192,56.945604
2024.10.1,24,0.0004,74.263911
2024.10.2,1,0.00036,70.125168
2024.10.2,2,0.000436,72.804058
2024.10.2,3,0.000368,75.334524
2024.10.2,4,0.000368,69.951261
2024.10.2,5,0.000376,71.481193
2024.10.2,6,0.000392,72.374005
2024.10.2,7,0.529704,69.682005
2024.10.2,8,17.359094,74.400592
2024.10.2,9,40.166366,73.57877
2024.10.2,10,68.993828,70.621827
2024.10.2,11,165.747719,26.976599
2024.10.2,12,187.366301,5.033908
2024.10.2,13,208.103143,3.858524
2024.10.2,14,201.250326,4.981574
2024.10.2,15,175.002751,10.970657
2024.10.2,16,127.443816,46.706951
2024.10.2,17,74.076127,54.320378
2024.10.2,18,25.347348,51.273089
2024.10.2,19,3.32585,47.234121
2024.10.2,20,3.083428,26.700765
2024.10.2,21,2.403808,20.75059
2024.10.2,22,1.319552,30.051641
2024.10.2,23,0.089732,20.303326
2024.10.2,24,0.00032,11.892037
2024.10.3,1,0.000312,5.506111
2024.10.3,2,0.00064,3.52419
2024.10.3,3,0.000356,6.469546
2024.10.3,4,0.00032,12.870143
2024.10.3,5,0.000436,17.822223
2024.10.3,6,0.00028,28.148409
2024.10.3,7,0.131287,37.145041
2024.10.3,8,7.444889,38.243389
2024.10.3,9,31.635694,49.773506
2024.10.3,10,59.379177,41.915479
2024.10.3,11,107.809442,27.476025
2024.10.3,12,124.976846,21.716558
2024.10.3,13,91.285992,24.119858
2024.10.3,14,78.86289,28.459696
2024.10.3,15,79.5501,23.000534
2024.10.3,16,53.343979,21.529072
2024.10.3,17,28.364484,31.221496
2024.10.3,18,14.019521,39.028942
2024.10.3,19,2.827299,43.586484
2024.10.3,20,2.286484,51.314835
2024.10.3,21,1.608836,38.686145
2024.10.3,22,0.728152,32.235298
2024.10.3,23,0.001944,26.104437
2024.10.3,24,0.0005,19.439621
2024.10.4,1,0.000264,9.829916
2024.10.4,2,0.000896,6.467395
2024.10.4,3,0.000188,7.497217
2024.10.4,4,0.000192,18.21242
2024.10.4,5,0.000284,29.507257
2024.10.4,6,0.000312,33.367369
2024.10.4,7,0.58859,42.471359
2024.10.4,8,24.582189,30.728206
2024.10.4,9,100.36917,25.980364
2024.10.4,10,146.009117,27.805973
2024.10.4,11,175.08213,42.039373
2024.10.4,12,197.961341,38.934632
2024.10.4,13,205.706932,45.339827
2024.10.4,14,207.567687,46.696034
2024.10.4,15,183.737187,51.835735
2024.10.4,16,135.020848,52.624904
2024.10.4,17,86.342549,52.009493
2024.10.4,18,27.428994,52.167612
2024.10.4,19,3.298507,36.767119
2024.10.4,20,3.399724,39.344162
2024.10.4,21,2.458196,48.911518
2024.10.4,22,1.362648,54.081687
2024.10.4,23,0.104856,38.635543
2024.10.4,24,0.000632,38.599589
2024.10.5,1,0.000216,41.172672
2024.10.5,2,0.000708,41.745011
2024.10.5,3,0.000212,39.790159
2024.10.5,4,0.000256,32.483645
2024.10.5,5,0.000168,28.737488
2024.10.5,6,0.000168,29.396447
2024.10.5,7,1.275228,9.837306
2024.10.5,8,28.753521,18.566812
2024.10.5,9,94.709256,25.464113
2024.10.5,10,156.787788,45.630483
2024.10.5,11,163.269801,35.372689
2024.10.5,12,187.180629,39.14802
2024.10.5,13,206.797131,48.390512
2024.10.5,14,205.906772,46.646987
2024.10.5,15,182.329152,48.24483
2024.10.5,16,138.096451,48.268817
2024.10.5,17,77.706336,49.298512
2024.10.5,18,21.536758,50.538223
2024.10.5,19,2.310216,39.572509
2024.10.5,20,2.861384,30.268599
2024.10.5,21,2.522636,13.652739
2024.10.5,22,1.842456,24.866162
2024.10.5,23,0.13486,32.700199
2024.10.5,24,0.000644,36.092629
2024.10.6,1,0.000384,33.105155
2024.10.6,2,0.000888,34.259067
2024.10.6,3,0.000412,42.817059
2024.10.6,4,0.0005,29.028427
2024.10.6,5,0.00028,27.429401
2024.10.6,6,0.000288,36.051537
2024.10.6,7,0.300752,31.063496
2024.10.6,8,13.67501,32.372658
2024.10.6,9,42.340544,36.698307
2024.10.6,10,87.954469,36.777136
2024.10.6,11,109.920269,46.6088
2024.10.6,12,121.937224,48.804182
2024.10.6,13,91.813109,39.52154
2024.10.6,14,120.062328,29.913805
2024.10.6,15,69.029579,33.575487
2024.10.6,16,27.062255,42.883342
2024.10.6,17,10.201245,59.78293
2024.10.6,18,2.677721,58.739204
2024.10.6,19,1.794968,46.733593
2024.10.6,20,1.6209,38.550319
2024.10.6,21,0.725128,25.432818
2024.10.6,22,0.060964,19.744204
2024.10.6,23,0.001272,15.298316
2024.10.6,24,0.000288,8.175316
2024.10.7,1,0.000264,6.749761
2024.10.7,2,0.000296,6.405288
2024.10.7,3,0.000224,21.031696
2024.10.7,4,0.000128,48.418543
2024.10.7,5,0.000144,65.645521
2024.10.7,6,0.000168,67.947111
2024.10.7,7,0.117988,66.6966
2024.10.7,8,8.272985,68.492145
2024.10.7,9,33.266427,67.533432
2024.10.7,10,64.387087,66.132137
2024.10.7,11,62.039929,60.341348
2024.10.7,12,68.033622,60.603857
2024.10.7,13,76.496201,54.203816
2024.10.7,14,70.736686,44.494978
2024.10.7,15,63.113852,30.443799
2024.10.7,16,34.230751,10.730156
2024.10.7,17,16.129778,9.836837
2024.10.7,18,4.711517,16.632398
2024.10.7,19,1.168325,19.997718
2024.10.7,20,0.723388,7.43232
2024.10.7,21,0.319024,1.984241
2024.10.7,22,0.000256,0.529718
2024.10.7,23,0.000432,0.713007
2024.10.7,24,0.000384,1.182314
2024.10.8,1,0.000392,3.599364
2024.10.8,2,0.00028,18.577508
2024.10.8,3,0.000312,18.586524
2024.10.8,4,0.000328,12.013431
2024.10.8,5,0.000344,14.067675
2024.10.8,6,0.000352,17.891441
2024.10.8,7,0.254284,16.2359
2024.10.8,8,19.331425,15.547779
2024.10.8,9,87.17649,17.609518
2024.10.8,10,150.527963,17.653547
2024.10.8,11,193.561068,19.521568
2024.10.8,12,216.981917,22.529563
2024.10.8,13,221.966197,22.735548
2024.10.8,14,209.143654,19.07301
2024.10.8,15,177.483603,22.1213
2024.10.8,16,126.622131,16.807675
2024.10.8,17,71.04292,18.457079
2024.10.8,18,20.165412,20.980998
2024.10.8,19,3.020072,25.899892
2024.10.8,20,3.317748,27.755205
2024.10.8,21,2.462904,26.209105
2024.10.8,22,1.511176,27.256944
2024.10.8,23,0.123072,21.013321
2024.10.8,24,0.000524,14.456029
2024.10.9,1,0.000368,14.603712
2024.10.9,2,0.001136,12.354292
2024.10.9,3,0.00038,8.568032
2024.10.9,4,0.00044,5.202161
2024.10.9,5,0.000352,7.626343
2024.10.9,6,0.000216,12.616031
2024.10.9,7,0.279734,10.379687
2024.10.9,8,14.642889,4.903408
2024.10.9,9,32.709828,2.753282
2024.10.9,10,53.285772,0.790629
2024.10.9,11,69.341921,3.303805
2024.10.9,12,87.820315,7.117
2024.10.9,13,59.922624,9.957135
2024.10.9,14,65.707799,5.545518
2024.10.9,15,36.82102,7.078613
2024.10.9,16,20.985012,4.475801
2024.10.9,17,15.433602,10.177394
2024.10.9,18,3.71144,2.618824
2024.10.9,19,1.836252,3.264205
2024.10.9,20,0.489616,23.636935
2024.10.9,21,0.000504,14.985536
2024.10.9,22,0.000348,8.643745
2024.10.9,23,0.000408,9.829026
2024.10.9,24,0.00032,9.527481
2024.10.10,1,0.000328,16.883335
2024.10.10,2,0.000312,42.648522
2024.10.10,3,0.000264,23.649539
2024.10.10,4,0.000312,29.487206
2024.10.10,5,0.000288,40.736984
2024.10.10,6,0.00028,41.401081
2024.10.10,7,0.190064,43.938601
2024.10.10,8,8.556786,46.689711
2024.10.10,9,37.257974,33.660425
2024.10.10,10,73.335229,25.860603
2024.10.10,11,127.462563,24.411773
2024.10.10,12,133.041303,25.30908
2024.10.10,13,174.287022,25.620741
2024.10.10,14,157.810182,24.174729
2024.10.10,15,137.672014,19.479212
2024.10.10,16,99.229217,13.617258
2024.10.10,17,48.178211,12.474657
2024.10.10,18,10.534402,9.848788
2024.10.10,19,2.769233,10.866852
2024.10.10,20,2.94756,4.609669
2024.10.10,21,1.083728,0.637248
2024.10.10,22,0.651492,1.269022
2024.10.10,23,0.002692,1.578966
2024.10.10,24,0.000336,15.623148
2024.10.11,1,0.000328,13.72389
2024.10.11,2,0.000344,7.794028
2024.10.11,3,0.000304,4.27058
2024.10.11,4,0.00028,2.866391
2024.10.11,5,0.000288,3.934471
2024.10.11,6,0.000288,5.847083
2024.10.11,7,0.511071,7.766373
2024.10.11,8,29.33813,3.003637
2024.10.11,9,103.803964,0.118032
2024.10.11,10,163.629796,8.339155
2024.10.11,11,196.34106,8.337935
2024.10.11,12,222.960853,4.485721
2024.10.11,13,206.349025,3.449245
2024.10.11,14,192.970237,3.317736
2024.10.11,15,165.376502,2.673756
2024.10.11,16,125.004081,1.645517
2024.10.11,17,75.893332,1.122265
2024.10.11,18,19.267499,1.47112
2024.10.11,19,2.854501,1.716792
2024.10.11,20,3.476832,0.919872
2024.10.11,21,2.786428,1.10354
2024.10.11,22,2.062924,0.88926
2024.10.11,23,0.234676,0.448488
2024.10.11,24,0.0006,0.480792
2024.10.12,1,0.000168,0.939904
2024.10.12,2,0.001168,0.410428
2024.10.12,3,0.000252,0.467948
2024.10.12,4,0.000184,1.402324
2024.10.12,5,0.000312,1.079236
2024.10.12,6,0.000144,2.39628
2024.10.12,7,0.382,1.946764
2024.10.12,8,27.870891,3.478584
2024.10.12,9,103.78724,2.742028
2024.10.12,10,154.712257,3.278327
2024.10.12,11,181.564489,3.865704
2024.10.12,12,196.255088,6.144952
2024.10.12,13,188.610111,14.259921
2024.10.12,14,170.456445,18.766166
2024.10.12,15,129.232031,23.906273
2024.10.12,16,99.932628,21.648807
2024.10.12,17,55.852674,21.857874
2024.10.12,18,13.01985,20.09759
2024.10.12,19,2.771334,17.434165
2024.10.12,20,3.256256,18.076285
2024.10.12,21,1.756004,14.36477
2024.10.12,22,1.006136,10.077299
2024.10.12,23,0.05152,4.145264
2024.10.12,24,0.000432,1.510208
2024.10.13,1,0.000368,5.48163
2024.10.13,2,0.00064,7.648449
2024.10.13,3,0.000304,10.209947
2024.10.13,4,0.00032,6.883956
2024.10.13,5,0.000376,5.300845
2024.10.13,6,0.000368,10.969315
2024.10.13,7,0.46394,5.62585
2024.10.13,8,25.984355,13.670429
2024.10.13,9,98.531597,16.152984
2024.10.13,10,161.740439,26.372421
2024.10.13,11,197.542572,49.039656
2024.10.13,12,226.134394,39.544577
2024.10.13,13,229.470625,35.892793
2024.10.13,14,185.513784,41.007373
2024.10.13,15,142.337702,46.63994
2024.10.13,16,87.649933,62.79817
2024.10.13,17,48.395162,58.129715
2024.10.13,18,10.672176,75.665425
2024.10.13,19,2.824811,56.856655
2024.10.13,20,3.480536,21.044602
2024.10.13,21,2.15,5.539646
2024.10.13,22,1.185628,4.793133
2024.10.13,23,0.042532,3.414664
2024.10.13,24,0.0006,4.724933
2024.10.14,1,0.000392,1.362387
2024.10.14,2,0.0005,0.352487
2024.10.14,3,0.000384,0.087917
2024.10.14,4,0.000336,0.304981
2024.10.14,5,0.000352,0.381376
2024.10.14,6,0.000328,0.470931
2024.10.14,7,0.007784,0.229898
2024.10.14,8,1.289144,0.277745
2024.10.14,9,8.53527,2.876284
2024.10.14,10,25.778143,5.7653
2024.10.14,11,28.64102,1.4746
2024.10.14,12,107.686813,2.177783
2024.10.14,13,145.987448,9.417101
2024.10.14,14,120.532111,20.080127
2024.10.14,15,55.960644,25.819691
2024.10.14,16,29.898224,26.442389
2024.10.14,17,19.330389,17.685511
2024.10.14,18,5.708171,16.504207
2024.10.14,19,2.353169,14.375748
2024.10.14,20,1.84752,29.486037
2024.10.14,21,0.44574,13.607971
2024.10.14,22,0.00054,13.55317
2024.10.14,23,0.000364,13.558107
2024.10.14,24,0.000416,12.436824
2024.10.15,1,0.000216,3.871564
2024.10.15,2,0.000272,1.1424
2024.10.15,3,0.00028,0.653205
2024.10.15,4,0.0004,0.434784
2024.10.15,5,0.0004,0.038976
2024.10.15,6,0.000376,0
2024.10.15,7,0.066128,0
2024.10.15,8,11.80968,0.00448
2024.10.15,9,62.787565,0.0009
2024.10.15,10,101.56568,0.040253
2024.10.15,11,122.953712,0.248458
2024.10.15,12,143.484625,0.261584
2024.10.15,13,108.019122,3.498236
2024.10.15,14,73.116346,2.054395
2024.10.15,15,68.63826,3.214671
2024.10.15,16,40.565516,4.514249
2024.10.15,17,16.993261,11.837704
2024.10.15,18,5.412796,6.345997
2024.10.15,19,2.408608,6.096238
2024.10.15,20,2.417973,11.779451
2024.10.15,21,1.366288,7.580504
2024.10.15,22,0.101736,10.910218
2024.10.15,23,0.000416,15.332583
2024.10.15,24,0.00036,15.596482
2024.10.16,1,0.00036,13.509376
2024.10.16,2,0.000336,14.133162
2024.10.16,3,0.000344,16.807274
2024.10.16,4,0.000336,19.968357
2024.10.16,5,0.000336,24.297527
2024.10.16,6,0.000368,33.275665
2024.10.16,7,0.462219,35.929995
2024.10.16,8,22.873906,27.944274
2024.10.16,9,63.089461,33.418743
2024.10.16,10,104.298078,35.796376
2024.10.16,11,157.453366,28.902424
2024.10.16,12,166.917082,32.61496
2024.10.16,13,150.775053,30.151382
2024.10.16,14,186.263594,29.470385
2024.10.16,15,114.962037,26.349581
2024.10.16,16,79.541293,32.813674
2024.10.16,17,45.336192,48.133627
2024.10.16,18,16.816631,48.000339
2024.10.16,19,3.408053,41.044634
2024.10.16,20,3.290654,27.179636
2024.10.16,21,2.094012,34.398935
2024.10.16,22,0.82594,48.429256
2024.10.16,23,0.001264,52.291838
2024.10.16,24,0.000288,51.609694
2024.10.17,1,0.00028,42.61099
2024.10.17,2,0.00032,34.833964
2024.10.17,3,0.000368,28.83658
2024.10.17,4,0.000344,52.815433
2024.10.17,5,0.000368,50.514106
2024.10.17,6,0.000376,47.092913
2024.10.17,7,0.241501,58.233443
2024.10.17,8,4.896383,63.530619
2024.10.17,9,17.796404,71.091088
2024.10.17,10,35.786626,68.11074
2024.10.17,11,55.034294,60.05618
2024.10.17,12,43.646137,55.96817
2024.10.17,13,71.18135,61.40406
2024.10.17,14,65.654798,62.542438
2024.10.17,15,53.413585,65.033589
2024.10.17,16,61.206984,60.087789
2024.10.17,17,48.755953,64.918455
2024.10.17,18,10.191053,61.618277
2024.10.17,19,1.764231,60.992627
2024.10.17,20,0.814676,64.342404
2024.10.17,21,0.000336,61.593928
2024.10.17,22,0.000328,41.780596
2024.10.17,23,0.00032,6.645832
2024.10.17,24,0.000312,3.717991
2024.10.18,1,0.000312,4.04644
2024.10.18,2,0.000216,3.115414
2024.10.18,3,0.00032,2.079207
2024.10.18,4,0.000392,1.545571
2024.10.18,5,0.000392,1.172378
2024.10.18,6,0.000384,1.740085
2024.10.18,7,0.123665,3.190873
2024.10.18,8,4.909648,3.18772
2024.10.18,9,11.442398,16.384092
2024.10.18,10,54.855019,42.890292
2024.10.18,11,88.975988,54.681256
2024.10.18,12,107.432716,55.87284
2024.10.18,13,96.636177,49.075867
2024.10.18,14,101.861068,60.08706
2024.10.18,15,97.857876,63.634109
2024.10.18,16,73.458695,68.122582
2024.10.18,17,37.156769,62.685651
2024.10.18,18,9.124733,50.690292
2024.10.18,19,2.265252,47.046414
2024.10.18,20,2.624603,48.986156
2024.10.18,21,1.551216,49.279765
2024.10.18,22,0.689456,48.29485
2024.10.18,23,0.003344,52.361459
2024.10.18,24,0.000488,53.6737
2024.10.19,1,0.000448,52.805824
2024.10.19,2,0.000432,38.521545
2024.10.19,3,0.000304,37.51715
2024.10.19,4,0.000296,41.003323
2024.10.19,5,0.000296,40.93556
2024.10.19,6,0.000368,39.342003
2024.10.19,7,0.033246,39.34692
2024.10.19,8,8.190324,40.055024
2024.10.19,9,24.333521,26.395957
2024.10.19,10,68.928601,25.865337
2024.10.19,11,127.479641,45.331025
2024.10.19,12,117.039371,64.643676
2024.10.19,13,94.866235,68.208193
2024.10.19,14,80.415369,64.938818
2024.10.19,15,78.005308,68.119205
2024.10.19,16,57.031137,63.705949
2024.10.19,17,34.643506,61.001426
2024.10.19,18,5.765852,62.525018
2024.10.19,19,1.941529,69.225892
2024.10.19,20,1.252608,53.653383
2024.10.19,21,0.150936,46.671104
2024.10.19,22,0.000344,53.613997
2024.10.19,23,0.00028,65.661198
2024.10.19,24,0.000288,63.224497
2024.10.20,1,0.000312,60.36271
2024.10.20,2,0.000312,54.30352
2024.10.20,3,0.000304,56.493752
2024.10.20,4,0.000336,58.404197
2024.10.20,5,0.00032,62.41583
2024.10.20,6,0.000336,68.55207
2024.10.20,7,0.1406,67.11569
2024.10.20,8,7.834578,64.825537
2024.10.20,9,32.098078,66.751566
2024.10.20,10,47.174932,55.281793
2024.10.20,11,59.503507,38.027847
2024.10.20,12,72.984464,48.735641
2024.10.20,13,88.446854,21.029672
2024.10.20,14,62.234161,30.928134
2024.10.20,15,68.337829,47.746208
2024.10.20,16,54.495761,64.591723
2024.10.20,17,25.2145,67.216456
2024.10.20,18,6.698325,69.061216
2024.10.20,19,2.324583,64.734502
2024.10.20,20,1.65794,65.54149
2024.10.20,21,0.353432,61.795062
2024.10.20,22,0.001264,63.839983
2024.10.20,23,0.000328,59.784745
2024.10.20,24,0.00028,58.639845
2024.10.21,1,0.000288,50.094456
2024.10.21,2,0.000296,48.802801
2024.10.21,3,0.00024,28.020824
2024.10.21,4,0.000272,56.716647
2024.10.21,5,0.000272,59.959515
2024.10.21,6,0.00028,60.391018
2024.10.21,7,0.042068,62.694412
2024.10.21,8,9.656915,63.038062
2024.10.21,9,26.602512,55.457719
2024.10.21,10,32.12832,53.113622
2024.10.21,11,44.360158,56.570008
2024.10.21,12,68.342592,57.11521
2024.10.21,13,92.074045,55.516238
2024.10.21,14,49.693166,61.588622
2024.10.21,15,24.848299,61.365781
2024.10.21,16,15.369146,49.508747
2024.10.21,17,8.945955,51.480132
2024.10.21,18,2.695349,59.599751
2024.10.21,19,1.125209,57.213875
2024.10.21,20,0.370392,49.100918
2024.10.21,21,0.000376,61.226546
2024.10.21,22,0.000384,60.845304
2024.10.21,23,0.000384,50.786976
2024.10.21,24,0.000408,37.87668
2024.10.22,1,0.000432,9.808985
2024.10.22,2,0.000416,13.212012
2024.10.22,3,0.0004,35.137324
2024.10.22,4,0.0004,35.709911
2024.10.22,5,0.000408,57.289257
2024.10.22,6,0.000376,53.001778
2024.10.22,7,0.028809,35.501843
2024.10.22,8,9.377004,50.747017
2024.10.22,9,59.335836,53.360278
2024.10.22,10,107.075579,46.671068
2024.10.22,11,129.150306,28.862136
2024.10.22,12,130.666167,16.560508
2024.10.22,13,90.28244,6.467134
2024.10.22,14,91.950687,1.978326
2024.10.22,15,53.558443,0.578644
2024.10.22,16,32.139963,6.270005
2024.10.22,17,19.160046,12.234815
2024.10.22,18,5.753589,21.1686
2024.10.22,19,2.575209,30.394325
2024.10.22,20,2.120633,36.199649
2024.10.22,21,0.91726,56.606372
2024.10.22,22,0.00896,65.757988
2024.10.22,23,0.00036,18.068592
2024.10.22,24,0.000384,8.486734
2024.10.23,1,0.000384,64.891605
2024.10.23,2,0.00044,66.203741
2024.10.23,3,0.000392,66.456348
2024.10.23,4,0.000328,64.700823
2024.10.23,5,0.000376,65.864328
2024.10.23,6,0.000384,66.08422
2024.10.23,7,0.154747,65.132615
2024.10.23,8,16.991581,64.535156
2024.10.23,9,31.310956,61.350143
2024.10.23,10,90.708737,56.667226
2024.10.23,11,124.508589,54.618385
2024.10.23,12,156.332384,31.429926
2024.10.23,13,149.783247,32.246945
2024.10.23,14,193.46572,7.761423
2024.10.23,15,190.735474,7.328314
2024.10.23,16,145.534454,8.162489
2024.10.23,17,75.783332,41.186846
2024.10.23,18,12.149774,46.881993
2024.10.23,19,2.282679,49.327301
2024.10.23,20,3.139984,41.755451
2024.10.23,21,2.2581,29.712465
2024.10.23,22,0.402112,32.071453
2024.10.23,23,0.00984,24.770581
2024.10.23,24,0.000344,25.113571
2024.10.24,1,0.000352,34.407038
2024.10.24,2,0.000344,40.961176
2024.10.24,3,0.000344,37.466579
2024.10.24,4,0.000312,29.23195
2024.10.24,5,0.000432,35.536431
2024.10.24,6,0.000368,38.471115
2024.10.24,7,0.093398,45.286067
2024.10.24,8,24.73182,49.711563
2024.10.24,9,108.690508,42.507443
2024.10.24,10,184.090022,4.380461
2024.10.24,11,231.988178,3.401662
2024.10.24,12,259.280637,2.163731
2024.10.24,13,266.613078,2.114004
2024.10.24,14,251.886611,2.738986
2024.10.24,15,217.913679,2.331769
2024.10.24,16,160.327274,10.24954
2024.10.24,17,81.273525,21.430256
2024.10.24,18,12.164085,24.848797
2024.10.24,19,2.765122,19.440801
2024.10.24,20,3.544207,16.922494
2024.10.24,21,2.991611,27.532706
2024.10.24,22,1.656285,38.585714
2024.10.24,23,0.167484,47.295969
2024.10.24,24,0.0002,46.618796
2024.10.25,1,0.0002,37.853766
2024.10.25,2,0.000564,30.782663
2024.10.25,3,0.000356,48.324076
2024.10.25,4,0.000336,53.819011
2024.10.25,5,0.000376,52.243316
2024.10.25,6,0.000412,53.798245
2024.10.25,7,0.165273,53.870148
2024.10.25,8,20.998638,54.432126
2024.10.25,9,77.516736,53.883908
2024.10.25,10,137.10833,54.779314
2024.10.25,11,162.65757,54.994895
2024.10.25,12,205.352962,43.163756
2024.10.25,13,200.044481,36.629348
2024.10.25,14,195.548978,45.38144
2024.10.25,15,163.071597,55.401212
2024.10.25,16,101.221931,55.582366
2024.10.25,17,49.892799,54.34784
2024.10.25,18,10.180475,54.224041
2024.10.25,19,2.694005,52.43244
2024.10.25,20,3.498201,53.857829
2024.10.25,21,3.023069,53.528849
2024.10.25,22,1.633975,52.859156
2024.10.25,23,0.197152,50.422832
2024.10.25,24,0.000408,52.347038
2024.10.26,1,0.000424,51.489652
2024.10.26,2,0.000768,53.230262
2024.10.26,3,0.000392,51.134734
2024.10.26,4,0.000448,52.238462
2024.10.26,5,0.0004,53.034934
2024.10.26,6,0.000408,53.029991
2024.10.26,7,0.006632,53.717238
2024.10.26,8,1.488493,54.243725
2024.10.26,9,10.34277,54.696721
2024.10.26,10,18.162851,54.03921
2024.10.26,11,48.368639,53.826013
2024.10.26,12,58.823584,54.395769
2024.10.26,13,53.981814,52.118664
2024.10.26,14,70.361391,52.880685
2024.10.26,15,42.241164,48.361192
2024.10.26,16,50.937725,49.697132
2024.10.26,17,19.910727,47.454988
2024.10.26,18,3.035864,52.595735
2024.10.26,19,2.103273,53.533417
2024.10.26,20,1.077759,53.248967
2024.10.26,21,0.001512,52.600073
2024.10.26,22,0.000416,51.968393
2024.10.26,23,0.000424,52.383065
2024.10.26,24,0.000392,51.032217
2024.10.27,1,0.000384,45.311842
2024.10.27,2,0.000416,44.665233
2024.10.27,3,0.000368,42.306716
2024.10.27,4,0.000424,19.924911
2024.10.27,5,0.000376,22.468744
2024.10.27,6,0.000376,33.209062
2024.10.27,7,0.00559,33.10158
2024.10.27,8,1.521686,40.173985
2024.10.27,9,10.360832,43.46102
2024.10.27,10,20.679557,45.543985
2024.10.27,11,23.931631,46.66594
2024.10.27,12,30.741492,46.228187
2024.10.27,13,28.732094,41.201729
2024.10.27,14,29.49119,31.924052
2024.10.27,15,25.158198,20.230658
2024.10.27,16,19.084719,20.831039
2024.10.27,17,8.343488,25.698481
2024.10.27,18,1.54555,25.709635
2024.10.27,19,0.06102,29.550314
2024.10.27,20,0.13968,48.510104
2024.10.27,21,0.000464,34.585876
2024.10.27,22,0.00024,25.819204
2024.10.27,23,0.00028,27.506376
2024.10.27,24,0.000288,15.768405
2024.10.28,1,0.000256,16.102666
2024.10.28,2,0.00024,21.400287
2024.10.28,3,0.000264,22.712142
2024.10.28,4,0.000264,20.106289
2024.10.28,5,0.000264,18.835352
2024.10.28,6,0.000256,16.108764
2024.10.28,7,0.006895,38.507326
2024.10.28,8,2.57335,30.049354
2024.10.28,9,20.189445,30.298667
2024.10.28,10,40.259992,15.359459
2024.10.28,11,80.807029,13.662163
2024.10.28,12,61.038771,18.455384
2024.10.28,13,72.667618,18.418463
2024.10.28,14,98.112226,15.046622
2024.10.28,15,95.97729,12.592863
2024.10.28,16,73.208066,7.002591
2024.10.28,17,39.912258,5.606937
2024.10.28,18,7.935267,3.728299
2024.10.28,19,2.076665,3.126171
2024.10.28,20,1.463504,0.943584
2024.10.28,21,0.020072,0.603684
2024.10.28,22,0.00016,1.997425
2024.10.28,23,0.000144,0.495679
2024.10.28,24,0.000168,0.651049
2024.10.29,1,0.00016,1.532686
2024.10.29,2,0.000168,8.161714
2024.10.29,3,0.000176,7.541121
2024.10.29,4,0.000184,19.794044
2024.10.29,5,0.000176,49.757573
2024.10.29,6,0.000168,58.946436
2024.10.29,7,0.006637,57.73291
2024.10.29,8,3.196437,58.669341
2024.10.29,9,31.77639,58.704149
2024.10.29,10,78.292346,58.658826
2024.10.29,11,127.515726,59.377515
2024.10.29,12,169.294457,59.797898
2024.10.29,13,163.354804,62.234729
2024.10.29,14,162.397264,39.167381
2024.10.29,15,119.159081,48.503651
2024.10.29,16,95.687462,62.728149
2024.10.29,17,49.552635,60.225278
2024.10.29,18,5.621219,57.251663
2024.10.29,19,2.752711,57.055142
2024.10.29,20,3.698291,56.661193
2024.10.29,21,2.711052,50.85313
2024.10.29,22,1.149644,54.124788
2024.10.29,23,0.171412,56.483529
2024.10.29,24,0.000392,40.622718
2024.10.30,1,0.000392,38.320038
2024.10.30,2,0.000624,32.584156
2024.10.30,3,0.000428,23.761096
2024.10.30,4,0.000392,24.712159
2024.10.30,5,0.000384,27.37134
2024.10.30,6,0.000408,36.346664
2024.10.30,7,0.026065,45.203408
2024.10.30,8,10.481254,45.082467
2024.10.30,9,44.92204,53.37279
2024.10.30,10,92.620346,54.905142
2024.10.30,11,139.72807,31.884954
2024.10.30,12,194.271971,29.293462
2024.10.30,13,221.373648,11.613868
2024.10.30,14,181.326875,24.77706
2024.10.30,15,147.124373,22.078486
2024.10.30,16,80.521203,24.853126
2024.10.30,17,40.474745,23.71031
2024.10.30,18,7.043421,19.111756
2024.10.30,19,2.743698,12.936919
2024.10.30,20,3.701841,25.131885
2024.10.30,21,2.601939,30.126949
2024.10.30,22,1.296496,41.848565
2024.10.30,23,0.148828,46.114658
2024.10.30,24,0.000336,49.92609
2024.10.31,1,0.000344,31.688167
2024.10.31,2,0.000564,49.324773
2024.10.31,3,0.000192,59.582208
2024.10.31,4,0.0003,52.814958
2024.10.31,5,0.000224,70.137553
2024.10.31,6,0.000216,71.370944
2024.10.31,7,0.004542,63.737363
2024.10.31,8,4.063072,61.194436
2024.10.31,9,22.698337,69.867213
2024.10.31,10,44.278973,61.678764
2024.10.31,11,104.805366,64.058048
2024.10.31,12,119.870301,23.032963
2024.10.31,13,100.764483,60.907143
2024.10.31,14,78.312979,56.831744
2024.10.31,15,60.963444,51.28466
2024.10.31,16,36.374766,51.566835
2024.10.31,17,18.140109,60.607067
2024.10.31,18,3.006142,58.680034
2024.10.31,19,2.13373,64.843228
2024.10.31,20,1.453764,38.718607
2024.10.31,21,0.877616,12.010912
2024.10.31,22,0.029584,18.620442
2024.10.31,23,0.000376,59.531091
2024.10.31,24,0.000376,63.806435
2024.11.1,1,0.000312,62.89958
2024.11.1,2,0.000176,66.297295
2024.11.1,3,0.000176,67.155103
2024.11.1,4,0.000152,67.098925
2024.11.1,5,0.000152,72.723261
2024.11.1,6,0.000144,72.662175
2024.11.1,7,0.002672,68.535257
2024.11.1,8,0.010646,72.394747
2024.11.1,9,1.030263,74.861926
2024.11.1,10,2.489785,70.982129
2024.11.1,11,3.808026,73.051662
2024.11.1,12,3.734753,84.201903
2024.11.1,13,2.795367,79.897211
2024.11.1,14,3.047593,79.905753
2024.11.1,15,4.454079,84.77796
2024.11.1,16,2.485557,82.653149
2024.11.1,17,0.292871,79.601226
2024.11.1,18,0.017795,84.418767
2024.11.1,19,0.000256,82.574602
2024.11.1,20,0.000404,77.871457
2024.11.1,21,0.000224,83.021689
2024.11.1,22,0.000248,83.114214
2024.11.1,23,0.000352,79.961756
2024.11.1,24,0.000376,83.705374
2024.11.2,1,0.000312,85.101332
2024.11.2,2,0.000344,79.785154
2024.11.2,3,0.000344,82.107265
2024.11.2,4,0.00036,84.646107
2024.11.2,5,0.000352,79.962075
2024.11.2,6,0.000344,78.428649
2024.11.2,7,0.003342,80.816397
2024.11.2,8,1.525911,73.509414
2024.11.2,9,17.702427,73.106915
2024.11.2,10,45.759082,73.725421
2024.11.2,11,70.138016,56.699081
2024.11.2,12,116.159546,14.185818
2024.11.2,13,109.964663,0.791353
2024.11.2,14,89.252923,1.285064
2024.11.2,15,76.225106,3.804618
2024.11.2,16,67.717279,3.91874
2024.11.2,17,50.794683,2.745526
2024.11.2,18,7.230385,1.66856
2024.11.2,19,2.195448,4.404883
2024.11.2,20,2.686218,12.225854
2024.11.2,21,1.069084,19.917677
2024.11.2,22,0.442724,11.291575
2024.11.2,23,0.111292,17.990261
2024.11.2,24,0.000352,28.150815
2024.11.3,1,0.000328,27.172039
2024.11.3,2,0.000392,28.702609
2024.11.3,3,0.000376,24.936187
2024.11.3,4,0.000384,27.965822
2024.11.3,5,0.000352,27.07686
2024.11.3,6,0.000304,42.403916
2024.11.3,7,0.019861,35.451437
2024.11.3,8,11.397944,24.580351
2024.11.3,9,78.614867,40.516442
2024.11.3,10,149.832663,20.7519
2024.11.3,11,184.221944,24.25486
2024.11.3,12,210.205571,4.003408
2024.11.3,13,200.78455,8.951614
2024.11.3,14,169.206034,40.816862
2024.11.3,15,148.542854,42.37283
2024.11.3,16,99.801255,36.13002
2024.11.3,17,42.256305,30.072118
2024.11.3,18,6.121384,29.934043
2024.11.3,19,2.530233,23.597097
2024.11.3,20,3.565909,24.633328
2024.11.3,21,2.793091,17.915347
2024.11.3,22,1.689636,15.889989
2024.11.3,23,0.295872,9.843141
2024.11.3,24,0.021528,3.518578
2024.11.4,1,0,0.425207
2024.11.4,2,0.00036,0.033785
2024.11.4,3,3.60E-05,0
2024.11.4,4,0,0
2024.11.4,5,0,0
2024.11.4,6,0,0
2024.11.4,7,0.020094,0
2024.11.4,8,14.225214,0
2024.11.4,9,81.10678,0.0009
2024.11.4,10,152.295405,0.0099
2024.11.4,11,173.441119,0.027
2024.11.4,12,158.703162,0.151811
2024.11.4,13,90.390981,26.63699
2024.11.4,14,45.984483,16.428066
2024.11.4,15,111.291374,11.698706
2024.11.4,16,110.148777,13.464344
2024.11.4,17,46.885846,10.843589
2024.11.4,18,5.238615,32.226194
2024.11.4,19,2.727296,48.74925
2024.11.4,20,2.800246,71.606484
2024.11.4,21,1.537248,72.34105
2024.11.4,22,0.778668,70.918027
2024.11.4,23,0.076928,58.954646
2024.11.4,24,0.000356,50.876574
2024.11.5,1,0.000152,48.365434
2024.11.5,2,0.000424,52.136452
2024.11.5,3,0.000232,44.940811
2024.11.5,4,0.000224,36.445215
2024.11.5,5,0.000364,43.074685
2024.11.5,6,0.000272,41.661288
2024.11.5,7,0.003924,40.969498
2024.11.5,8,9.302973,42.564117
2024.11.5,9,43.52169,43.894037
2024.11.5,10,54.502345,49.532507
2024.11.5,11,113.23872,43.871036
2024.11.5,12,185.607106,6.692819
2024.11.5,13,204.270222,7.092815
2024.11.5,14,200.512034,7.570838
2024.11.5,15,172.688739,18.447645
2024.11.5,16,139.626445,24.321648
2024.11.5,17,58.497182,66.272111
2024.11.5,18,6.016312,82.892932
2024.11.5,19,2.704092,84.67972
2024.11.5,20,3.731412,76.042995
2024.11.5,21,2.66256,73.691751
2024.11.5,22,1.370036,77.317631
2024.11.5,23,0.412604,82.573643
2024.11.5,24,0.01254,82.242765
2024.11.6,1,0.000256,83.723303
2024.11.6,2,0.000788,80.327563
2024.11.6,3,0.000224,78.034775
2024.11.6,4,0.000264,72.327659
2024.11.6,5,0.0005,82.465178
2024.11.6,6,0.00024,81.323892
2024.11.6,7,0.011062,75.684195
2024.11.6,8,12.292028,68.9111
2024.11.6,9,77.503081,56.63852
2024.11.6,10,138.378447,53.350625
2024.11.6,11,182.781863,18.164736
2024.11.6,12,224.361746,6.90021
2024.11.6,13,231.337983,7.265063
2024.11.6,14,214.810989,7.600626
2024.11.6,15,164.558661,8.343102
2024.11.6,16,108.786242,43.375938
2024.11.6,17,49.102692,78.179107
2024.11.6,18,5.050061,76.66865
2024.11.6,19,2.696468,78.224098
2024.11.6,20,3.802332,72.120011
2024.11.6,21,2.579128,53.037528
2024.11.6,22,1.481976,44.555468
2024.11.6,23,0.355368,22.005536
2024.11.6,24,0.015696,24.347801
2024.11.7,1,0.000344,24.008363
2024.11.7,2,0.00106,28.838687
2024.11.7,3,0.000424,25.307667
2024.11.7,4,0.000416,17.302196
2024.11.7,5,0.000448,4.721052
2024.11.7,6,0.000344,10.100249
2024.11.7,7,0.009695,11.179132
2024.11.7,8,11.046422,8.587114
2024.11.7,9,77.136279,4.187358
2024.11.7,10,160.351036,8.769746
2024.11.7,11,210.02612,7.870609
2024.11.7,12,232.953976,10.970137
2024.11.7,13,214.727836,9.854211
2024.11.7,14,169.165712,9.613466
2024.11.7,15,184.521795,11.990916
2024.11.7,16,102.386347,10.928058
2024.11.7,17,41.550396,8.94822
2024.11.7,18,4.817326,9.64183
2024.11.7,19,2.745104,8.418629
2024.11.7,20,3.828408,7.801856
2024.11.7,21,2.85926,4.853373
2024.11.7,22,1.602464,3.707554
2024.11.7,23,0.299292,4.087683
2024.11.7,24,0.01014,9.613781
2024.11.8,1,0.000368,16.569214
2024.11.8,2,0.000888,17.301104
2024.11.8,3,0.000208,13.57881
2024.11.8,4,0.00034,15.829135
2024.11.8,5,0.000404,25.900339
2024.11.8,6,0.000208,16.657399
2024.11.8,7,0.016269,18.354482
2024.11.8,8,11.816913,21.899042
2024.11.8,9,71.575301,23.012083
2024.11.8,10,136.445457,58.886376
2024.11.8,11,163.493243,37.294264
2024.11.8,12,172.768508,35.759117
2024.11.8,13,129.777591,46.884409
2024.11.8,14,116.70276,46.84572
2024.11.8,15,122.60663,49.268443
2024.11.8,16,76.867708,64.414135
2024.11.8,17,35.111166,60.612616
2024.11.8,18,4.120331,46.546575
2024.11.8,19,2.448588,42.529734
2024.11.8,20,2.578736,30.964347
2024.11.8,21,1.628288,36.331249
2024.11.8,22,0.920556,31.304371
2024.11.8,23,0.003288,32.500903
2024.11.8,24,0.000416,27.161442
2024.11.9,1,0.00036,19.156845
2024.11.9,2,0.001084,17.964163
2024.11.9,3,0.000328,18.316489
2024.11.9,4,0.000216,22.983403
2024.11.9,5,0.00024,29.976414
2024.11.9,6,0.00024,29.79912
2024.11.9,7,0.006346,36.560891
2024.11.9,8,10.608528,41.909191
2024.11.9,9,58.120126,38.873447
2024.11.9,10,61.390804,36.579594
2024.11.9,11,133.128333,42.51052
2024.11.9,12,115.464225,55.140603
2024.11.9,13,85.953756,50.591537
2024.11.9,14,84.408869,48.067357
2024.11.9,15,78.642416,56.246356
2024.11.9,16,36.81437,54.750477
2024.11.9,17,17.800347,65.61519
2024.11.9,18,2.764537,55.973834
2024.11.9,19,2.304776,55.337894
2024.11.9,20,2.06316,35.304107
2024.11.9,21,1.017128,39.97528
2024.11.9,22,0.163772,39.882904
2024.11.9,23,0.0166,31.221798
2024.11.9,24,0.000328,12.353425
2024.11.10,1,0.000312,15.81187
2024.11.10,2,0.00032,17.697988
2024.11.10,3,0.000272,22.633048
2024.11.10,4,0.000296,36.480659
2024.11.10,5,0.000272,61.234955
2024.11.10,6,0.000248,59.720549
2024.11.10,7,0.002616,57.086944
2024.11.10,8,0.263068,29.126231
2024.11.10,9,6.013414,8.895045
2024.11.10,10,9.839694,46.022533
2024.11.10,11,27.573552,40.80359
2024.11.10,12,46.330968,20.097671
2024.11.10,13,45.919701,16.642348
2024.11.10,14,30.559923,31.652072
2024.11.10,15,20.170031,43.66492
2024.11.10,16,11.282807,30.581401
2024.11.10,17,4.617115,28.433798
2024.11.10,18,0.772929,23.078217
2024.11.10,19,0.282576,22.375618
2024.11.10,20,0.446976,27.280201
2024.11.10,21,0.000288,23.750407
2024.11.10,22,0.000272,23.401381
2024.11.10,23,0.000248,19.64085
2024.11.10,24,0.000304,16.855089
2024.11.11,1,0.000288,13.960076
2024.11.11,2,0.000312,13.004708
2024.11.11,3,0.000296,8.82808
2024.11.11,4,0.000288,13.045261
2024.11.11,5,0.000328,16.757091
2024.11.11,6,0.000304,19.075832
2024.11.11,7,0.004726,21.095517
2024.11.11,8,8.848173,20.685809
2024.11.11,9,72.770925,28.617731
2024.11.11,10,150.615919,23.291264
2024.11.11,11,199.248019,10.300575
2024.11.11,12,226.816847,7.555331
2024.11.11,13,232.008453,9.915241
2024.11.11,14,218.514397,8.225776
2024.11.11,15,182.882396,8.063373
2024.11.11,16,123.400615,3.298567
2024.11.11,17,45.99499,2.999596
2024.11.11,18,4.119916,1.212054
2024.11.11,19,2.829824,0.805186
2024.11.11,20,4.014548,1.941452
2024.11.11,21,3.644636,3.692836
2024.11.11,22,2.39244,3.868036
2024.11.11,23,0.474608,2.888424
2024.11.11,24,0.011444,1.241758
2024.11.12,1,0.000256,0.162673
2024.11.12,2,0.000764,0.930805
2024.11.12,3,0.000268,5.646254
2024.11.12,4,0.0002,8.515351
2024.11.12,5,0.000388,9.264586
2024.11.12,6,0.000288,14.141102
2024.11.12,7,0.004412,14.764695
2024.11.12,8,8.997037,16.143378
2024.11.12,9,61.370368,14.776132
2024.11.12,10,127.064878,18.535746
2024.11.12,11,184.065666,15.770497
2024.11.12,12,221.455776,10.444289
2024.11.12,13,226.247106,7.120958
2024.11.12,14,205.679947,6.824594
2024.11.12,15,166.741846,5.397609
2024.11.12,16,105.729736,9.332525
2024.11.12,17,39.171378,11.059931
2024.11.12,18,4.846015,9.897855
2024.11.12,19,2.856792,15.820649
2024.11.12,20,3.617632,18.753863
2024.11.12,21,2.691952,33.460821
2024.11.12,22,1.899764,24.352707
2024.11.12,23,0.489832,24.342843
2024.11.12,24,0.013696,24.175208
2024.11.13,1,0.000376,17.761411
2024.11.13,2,0.00078,18.280018
2024.11.13,3,0.000384,10.707789
2024.11.13,4,0.000376,6.516701
2024.11.13,5,0.000388,1.655046
2024.11.13,6,0.000496,4.520717
2024.11.13,7,0.005126,5.136584
2024.11.13,8,7.476045,9.12574
2024.11.13,9,60.788176,11.506962
2024.11.13,10,127.674444,14.477547
2024.11.13,11,171.18192,21.558019
2024.11.13,12,175.692976,27.6942
2024.11.13,13,169.725111,42.151886
2024.11.13,14,142.583781,46.737863
2024.11.13,15,116.432449,54.320467
2024.11.13,16,77.450515,62.29615
2024.11.13,17,34.108618,54.119666
2024.11.13,18,3.916993,44.052953
2024.11.13,19,2.89872,41.599102
2024.11.13,20,3.840952,49.072151
2024.11.13,21,3.215288,25.082627
2024.11.13,22,2.238212,15.071037
2024.11.13,23,0.48862,24.956496
2024.11.13,24,0.013812,19.996853
2024.11.14,1,0.000352,17.491826
2024.11.14,2,0.00036,52.155986
2024.11.14,3,0.000304,59.565455
2024.11.14,4,0.00024,57.801276
2024.11.14,5,0.00024,36.894786
2024.11.14,6,0.000348,44.034222
2024.11.14,7,0.00411,48.605789
2024.11.14,8,2.556785,41.11173
2024.11.14,9,21.969005,20.458047
2024.11.14,10,69.994498,6.79236
2024.11.14,11,144.865542,9.691337
2024.11.14,12,187.884181,9.640107
2024.11.14,13,180.310873,1.467336
2024.11.14,14,197.563523,1.05526
2024.11.14,15,166.137191,20.331892
2024.11.14,16,77.522684,13.453341
2024.11.14,17,22.738828,14.531985
2024.11.14,18,2.488563,5.286835
2024.11.14,19,2.218176,1.30268
2024.11.14,20,3.265172,0.094884
2024.11.14,21,3.167532,0.267379
2024.11.14,22,2.524616,0.101556
2024.11.14,23,0.916124,0.024164
2024.11.14,24,0.014752,0
2024.11.15,1,0.0004,0.09504
2024.11.15,2,0.000516,0.240151
2024.11.15,3,0.000324,0.057544
2024.11.15,4,0.00024,3.761489
2024.11.15,5,0.00028,8.398432
2024.11.15,6,0.000312,6.909608
2024.11.15,7,0.002858,8.804352
2024.11.15,8,0.264328,9.89171
2024.11.15,9,7.742066,6.217085
2024.11.15,10,20.136234,9.156864
2024.11.15,11,45.879844,13.671512
2024.11.15,12,73.295745,7.737411
2024.11.15,13,40.465834,19.38673
2024.11.15,14,29.272144,23.200375
2024.11.15,15,20.984771,36.336392
2024.11.15,16,10.081023,34.347085
2024.11.15,17,8.024905,58.015826
2024.11.15,18,1.532311,64.912409
2024.11.15,19,1.372384,79.907374
2024.11.15,20,0.721908,68.912427
2024.11.15,21,0.239532,46.301841
2024.11.15,22,0.000296,19.879132
2024.11.15,23,0.00032,8.777144
2024.11.15,24,0.00036,5.672838
2024.11.16,1,0.000376,28.394343
2024.11.16,2,0.000368,40.255891
2024.11.16,3,0.000344,53.90505
2024.11.16,4,0.000296,86.311074
2024.11.16,5,0.000336,79.589244
2024.11.16,6,0.000352,72.132472
2024.11.16,7,0.00274,45.996084
2024.11.16,8,0.445044,25.286778
2024.11.16,9,11.151833,13.914943
2024.11.16,10,54.104111,1.817325
2024.11.16,11,78.540076,1.463489
2024.11.16,12,121.842224,1.517009
2024.11.16,13,101.176171,0.672621
2024.11.16,14,136.273278,0.123961
2024.11.16,15,90.901356,0.368977
2024.11.16,16,50.655592,3.957633
2024.11.16,17,21.913604,5.886275
2024.11.16,18,3.242194,1.533197
2024.11.16,19,2.650668,0.03996
2024.11.16,20,2.952644,0.107452
2024.11.16,21,1.619208,1.493432
2024.11.16,22,1.02804,0.393796
2024.11.16,23,0.10498,5.012632
2024.11.16,24,0.000272,36.453689
2024.11.17,1,0.000248,32.763291
2024.11.17,2,0.000248,21.182432
2024.11.17,3,0.0002,32.076137
2024.11.17,4,0.00024,46.34435
2024.11.17,5,0.00028,60.491045
2024.11.17,6,0.00028,68.500892
2024.11.17,7,0.002612,75.033173
2024.11.17,8,1.641931,91.793282
2024.11.17,9,35.794038,82.836666
2024.11.17,10,117.625662,67.834159
2024.11.17,11,190.322291,5.929242
2024.11.17,12,204.760898,19.792955
2024.11.17,13,198.532523,8.561463
2024.11.17,14,211.757016,7.07729
2024.11.17,15,170.294638,7.208029
2024.11.17,16,109.794444,41.531676
2024.11.17,17,27.623276,84.519949
2024.11.17,18,3.227808,82.643656
2024.11.17,19,2.87904,86.350803
2024.11.17,20,3.661908,81.173973
2024.11.17,21,2.874264,85.86942
2024.11.17,22,2.157796,86.380056
2024.11.17,23,0.484752,81.995608
2024.11.17,24,0.014072,84.527221
2024.11.18,1,0.000328,88.753331
2024.11.18,2,0.000612,86.322472
2024.11.18,3,0.00032,83.378084
2024.11.18,4,0.000704,86.826341
2024.11.18,5,0.0004,82.292227
2024.11.18,6,0.000392,77.621452
2024.11.18,7,0.003414,81.153484
2024.11.18,8,8.03182,83.877556
2024.11.18,9,70.010379,80.395516
2024.11.18,10,159.820536,64.828071
2024.11.18,11,217.48664,8.459876
2024.11.18,12,239.994998,27.612157
2024.11.18,13,253.648944,7.600179
2024.11.18,14,224.885255,6.598852
2024.11.18,15,199.245948,42.390564
2024.11.18,16,137.276779,80.002427
2024.11.18,17,48.893352,68.704805
2024.11.18,18,4.650211,57.406256
2024.11.18,19,2.883384,46.534008
2024.11.18,20,3.722524,37.99363
2024.11.18,21,2.969072,25.611556
2024.11.18,22,2.215884,19.701279
2024.11.18,23,0.518908,13.330347
2024.11.18,24,0.016992,12.100104
2024.11.19,1,0.000304,8.846316
2024.11.19,2,0.000624,7.972446
2024.11.19,3,0.0005,11.571215
2024.11.19,4,0.000564,10.83403
2024.11.19,5,0.000468,10.84747
2024.11.19,6,0.000392,15.688372
2024.11.19,7,0.003284,16.098721
2024.11.19,8,3.178125,35.909396
2024.11.19,9,34.716552,28.931119
2024.11.19,10,80.975666,41.243055
2024.11.19,11,117.702383,55.130262
2024.11.19,12,143.462386,68.733475
2024.11.19,13,115.928567,65.681753
2024.11.19,14,82.808887,59.929687
2024.11.19,15,103.554016,64.703758
2024.11.19,16,40.917447,46.445655
2024.11.19,17,16.705777,40.378858
2024.11.19,18,2.101204,28.273185
2024.11.19,19,2.015912,18.9986
2024.11.19,20,2.304512,8.074215
2024.11.19,21,0.740496,22.902887
2024.11.19,22,0.095144,32.001809
2024.11.19,23,0.00052,18.179323
2024.11.19,24,0.00044,11.295301
2024.11.20,1,0.000384,10.619132
2024.11.20,2,0.000456,17.310425
2024.11.20,3,0.000248,12.180178
2024.11.20,4,0.00024,8.10038
2024.11.20,5,0.000216,11.590489
2024.11.20,6,0.000288,22.152964
2024.11.20,7,0.002014,17.917252
2024.11.20,8,0.104725,10.319193
2024.11.20,9,3.522611,9.728869
2024.11.20,10,11.358232,15.184785
2024.11.20,11,23.532273,14.402194
2024.11.20,12,34.490578,13.180406
2024.11.20,13,52.645543,11.428113
2024.11.20,14,37.72043,9.589563
2024.11.20,15,26.074444,21.895549
2024.11.20,16,15.696903,16.241171
2024.11.20,17,5.42287,20.976659
2024.11.20,18,1.138664,24.965668
2024.11.20,19,0.556872,26.202284
2024.11.20,20,0.517908,33.791793
2024.11.20,21,0.000336,33.107467
2024.11.20,22,0.00036,30.681468
2024.11.20,23,0.000384,33.639962
2024.11.20,24,0.000416,40.071406
2024.11.21,1,0.0004,48.375516
2024.11.21,2,0.000328,42.360422
2024.11.21,3,0.000288,40.639889
2024.11.21,4,0.000304,32.843805
2024.11.21,5,0.000296,23.222847
2024.11.21,6,0.00028,19.272133
2024.11.21,7,0.002588,13.270129
2024.11.21,8,3.713154,16.367693
2024.11.21,9,42.8891,6.997739
2024.11.21,10,127.721314,3.416596
2024.11.21,11,189.094289,3.382539
2024.11.21,12,212.021283,1.975972
2024.11.21,13,213.56994,0.360352
2024.11.21,14,207.097484,0.395083
2024.11.21,15,171.563364,1.79717
2024.11.21,16,91.74608,4.755503
2024.11.21,17,32.276997,10.06892
2024.11.21,18,3.234517,13.174259
2024.11.21,19,2.25964,22.253323
2024.11.21,20,3.356224,36.504222
2024.11.21,21,2.718892,39.492773
2024.11.21,22,1.874656,29.511747
2024.11.21,23,0.409248,28.899845
2024.11.21,24,0.011184,27.53029
2024.11.22,1,0.000368,33.341291
2024.11.22,2,0.000404,38.557753
2024.11.22,3,0.000428,38.475608
2024.11.22,4,0.000392,37.37575
2024.11.22,5,0.0004,38.397749
2024.11.22,6,0.0004,24.645801
2024.11.22,7,0.00207,36.870522
2024.11.22,8,1.98471,64.042165
2024.11.22,9,19.049563,72.450112
2024.11.22,10,79.966054,54.68875
2024.11.22,11,158.546907,36.219312
2024.11.22,12,186.701652,56.470691
2024.11.22,13,175.849576,74.385497
2024.11.22,14,187.741947,68.262079
2024.11.22,15,169.516791,53.792451
2024.11.22,16,111.534895,60.959088
2024.11.22,17,34.139241,57.483587
2024.11.22,18,2.956415,51.664058
2024.11.22,19,2.265568,44.386908
2024.11.22,20,3.253852,46.419523
2024.11.22,21,2.7521,50.903955
2024.11.22,22,1.742152,49.310698
2024.11.22,23,0.447916,45.0992
2024.11.22,24,0.016896,35.104808
2024.11.23,1,0.000384,34.01657
2024.11.23,2,0.000688,36.191566
2024.11.23,3,0.000488,27.448189
2024.11.23,4,0.000528,22.914272
2024.11.23,5,0.0004,23.062805
2024.11.23,6,0.0004,20.518364
2024.11.23,7,0.003672,25.079769
2024.11.23,8,5.040898,20.669588
2024.11.23,9,55.069949,18.630499
2024.11.23,10,131.094241,13.564257
2024.11.23,11,174.187823,13.876922
2024.11.23,12,192.292572,11.98312
2024.11.23,13,206.651993,12.46004
2024.11.23,14,205.153343,11.502432
2024.11.23,15,169.096715,12.063468
2024.11.23,16,108.108953,20.24972
2024.11.23,17,35.02592,18.054404
2024.11.23,18,2.901673,15.624172
2024.11.23,19,2.232336,11.523405
2024.11.23,20,3.15338,9.826344
2024.11.23,21,2.199324,8.519532
2024.11.23,22,1.524544,6.531277
2024.11.23,23,0.495768,10.102382
2024.11.23,24,0.016336,8.603688
2024.11.24,1,0.000296,6.229272
2024.11.24,2,0.00088,6.169423
2024.11.24,3,0.000328,4.561556
2024.11.24,4,0.00046,3.807081
2024.11.24,5,0.000392,1.87004
2024.11.24,6,0.00032,3.661639
2024.11.24,7,0.00302,4.114075
2024.11.24,8,4.689304,6.360034
2024.11.24,9,44.108156,4.315596
2024.11.24,10,92.013065,4.230607
2024.11.24,11,114.19886,5.357615
2024.11.24,12,101.792702,10.83922
2024.11.24,13,95.902686,17.836327
2024.11.24,14,93.258658,16.466076
2024.11.24,15,77.081415,15.83324
2024.11.24,16,40.341937,42.997578
2024.11.24,17,18.854251,28.847685
2024.11.24,18,2.455266,11.08496
2024.11.24,19,1.919404,3.570512
2024.11.24,20,2.57188,0.376712
2024.11.24,21,2.114192,0.84907
2024.11.24,22,1.448988,0.623942
2024.11.24,23,0.428032,0.945315
2024.11.24,24,0.000328,1.760264
2024.11.25,1,0.000336,2.0795
2024.11.25,2,0.000828,1.740541
2024.11.25,3,0.00036,2.178628
2024.11.25,4,0.000328,2.726911
2024.11.25,5,0.0004,2.708012
2024.11.25,6,0.000336,4.868685
2024.11.25,7,0.003582,6.144634
2024.11.25,8,3.11333,6.812991
2024.11.25,9,32.134013,4.358789
2024.11.25,10,75.51333,6.696184
2024.11.25,11,104.301987,14.990369
2024.11.25,12,113.205516,7.547902
2024.11.25,13,108.98761,14.002205
2024.11.25,14,87.837094,17.368491
2024.11.25,15,46.634518,15.817451
2024.11.25,16,19.986665,13.558579
2024.11.25,17,6.16762,8.428433
2024.11.25,18,1.40671,15.940373
2024.11.25,19,1.800636,25.55559
2024.11.25,20,1.899956,23.518347
2024.11.25,21,0.885528,5.186686
2024.11.25,22,0.033412,48.84147
2024.11.25,23,0.000224,73.040667
2024.11.25,24,0.000256,68.791405
2024.11.26,1,0.000304,61.819164
2024.11.26,2,0.000256,79.920227
2024.11.26,3,0.000264,85.003323
2024.11.26,4,0.000216,83.341847
2024.11.26,5,0.00028,90.203846
2024.11.26,6,0.00028,87.226538
2024.11.26,7,0.002122,85.77652
2024.11.26,8,0.194428,91.122431
2024.11.26,9,4.271436,90.06301
2024.11.26,10,14.267922,87.339736
2024.11.26,11,48.120982,92.835562
2024.11.26,12,125.410821,88.221345
2024.11.26,13,134.702566,75.558242
2024.11.26,14,109.155992,93.329881
2024.11.26,15,77.433221,71.893995
2024.11.26,16,54.523564,81.578888
2024.11.26,17,8.67604,91.571642
2024.11.26,18,1.111611,86.965774
2024.11.26,19,1.535056,82.201775
2024.11.26,20,1.417476,87.35838
2024.11.26,21,0.322888,74.292028
2024.11.26,22,0.001732,65.636105
2024.11.26,23,0.000416,69.146125
2024.11.26,24,0.000384,77.345079
2024.11.27,1,0.00032,89.659296
2024.11.27,2,0.000408,90.812676
2024.11.27,3,0.000392,87.140221
2024.11.27,4,0.00036,89.395265
2024.11.27,5,0.000408,94.542552
2024.11.27,6,0.000368,86.468004
2024.11.27,7,0.002578,77.181285
2024.11.27,8,0.586477,61.153339
2024.11.27,9,9.610738,78.932281
2024.11.27,10,35.728556,84.958921
2024.11.27,11,55.110902,92.298386
2024.11.27,12,82.778138,88.838307
2024.11.27,13,107.066225,87.166243
2024.11.27,14,112.142023,93.177605
2024.11.27,15,62.488359,87.286163
2024.11.27,16,33.780493,84.294754
2024.11.27,17,9.829762,92.972672
2024.11.27,18,1.187605,89.126397
2024.11.27,19,0.796764,84.370385
2024.11.27,20,0.917124,89.960971
2024.11.27,21,0.04552,86.612559
2024.11.27,22,0.000272,82.162446
2024.11.27,23,0.000296,89.442049
2024.11.27,24,0.000296,86.865035
2024.11.28,1,0.000368,85.145061
2024.11.28,2,0.000376,82.14281
2024.11.28,3,0.000328,84.56131
2024.11.28,4,0.000368,86.949418
2024.11.28,5,0.00032,87.793531
2024.11.28,6,0.00032,88.220891
2024.11.28,7,0.002916,66.192501
2024.11.28,8,3.275071,81.051277
2024.11.28,9,36.16537,60.820551
2024.11.28,10,75.629473,74.172938
2024.11.28,11,115.408927,46.414616
2024.11.28,12,52.009686,75.204769
2024.11.28,13,79.330412,68.856189
2024.11.28,14,116.911218,64.728431
2024.11.28,15,55.214711,82.692088
2024.11.28,16,20.657662,79.583246
2024.11.28,17,3.998891,85.735148
2024.11.28,18,1.070908,87.500964
2024.11.28,19,1.298112,84.482516
2024.11.28,20,1.1253,81.757838
2024.11.28,21,0.34928,89.944752
2024.11.28,22,0.000344,84.273183
2024.11.28,23,0.000264,86.542914
2024.11.28,24,0.000288,90.391588
2024.11.29,1,0.000304,83.550813
2024.11.29,2,0.000296,78.329162
2024.11.29,3,0.000288,78.041946
2024.11.29,4,0.000296,77.980313
2024.11.29,5,0.000296,83.629446
2024.11.29,6,0.000312,86.722207
2024.11.29,7,0.002962,78.679221
2024.11.29,8,0.917073,87.895027
2024.11.29,9,15.389156,90.815192
2024.11.29,10,26.34798,85.724715
2024.11.29,11,46.257855,87.529942
2024.11.29,12,66.773702,86.69134
2024.11.29,13,70.965533,77.032344
2024.11.29,14,53.136974,82.807736
2024.11.29,15,30.618173,85.184912
2024.11.29,16,25.751337,78.909168
2024.11.29,17,6.815698,84.768868
2024.11.29,18,0.557665,81.9294
2024.11.29,19,0.171844,80.668356
2024.11.29,20,0.498216,80.661556
2024.11.29,21,0.000384,79.24358
2024.11.29,22,0.000448,74.818592
2024.11.29,23,0.000472,82.373828
2024.11.29,24,0.000464,74.660724
2024.11.30,1,0.000432,77.220452
2024.11.30,2,0.000408,75.5805
2024.11.30,3,0.000368,70.189736
2024.11.30,4,0.000376,64.270888
2024.11.30,5,0.000344,72.585684
2024.11.30,6,0.000352,51.260856
2024.11.30,7,0.00269,46.121832
2024.11.30,8,3.655387,27.636732
2024.11.30,9,43.569619,24.731176
2024.11.30,10,125.133722,12.364308
2024.11.30,11,186.810321,7.275528
2024.11.30,12,224.600333,5.100016
2024.11.30,13,213.202791,2.821244
2024.11.30,14,194.044435,1.945056
2024.11.30,15,161.789945,3.920804
2024.11.30,16,112.624961,6.375184
2024.11.30,17,34.837645,11.7572
2024.11.30,18,2.285087,8.076256
2024.11.30,19,1.935592,0.525856
2024.11.30,20,2.992104,0.118004
2024.11.30,21,2.431956,0.17532
2024.11.30,22,1.587668,0.18336
2024.11.30,23,0.248264,0.19872
2024.11.30,24,0.003288,0.14508
2024.12.1,1,0.000408,0.21996
2024.12.1,2,0.00098,0.0783
2024.12.1,3,0.000424,0.0126
2024.12.1,4,0.00044,0
2024.12.1,5,0.000424,0
2024.12.1,6,0.000568,0
2024.12.1,7,0.000408,0.019488
2024.12.1,8,1.466162,0.01242
2024.12.1,9,20.269219,0.1701
2024.12.1,10,52.595859,1.703936
2024.12.1,11,112.1141,1.187676
2024.12.1,12,120.238947,1.690244
2024.12.1,13,98.970742,11.08564
2024.12.1,14,70.86513,17.293148
2024.12.1,15,80.66412,24.737724
2024.12.1,16,97.222381,24.92544
2024.12.1,17,31.101329,11.233256
2024.12.1,18,2.959273,4.670168
2024.12.1,19,1.8766,0.191276
2024.12.1,20,2.127624,1.34782
2024.12.1,21,0.919496,4.167756
2024.12.1,22,0.096,10.54538
2024.12.1,23,0.004128,9.661684
2024.12.1,24,0.000256,7.532456
2024.12.2,1,0.00024,8.596448
2024.12.2,2,0.00024,10.505088
2024.12.2,3,0.000288,15.613968
2024.12.2,4,0.000344,18.589408
2024.12.2,5,0.000336,16.487268
2024.12.2,6,0.000452,13.51258
2024.12.2,7,0.00036,3.506588
2024.12.2,8,2.649276,0.721872
2024.12.2,9,40.697367,0.378192
2024.12.2,10,114.537097,0.199052
2024.12.2,11,170.757505,1.00772
2024.12.2,12,202.563978,2.3086
2024.12.2,13,201.040135,5.4235
2024.12.2,14,173.423363,10.128568
2024.12.2,15,147.758957,14.038024
2024.12.2,16,91.023989,16.340636
2024.12.2,17,30.861455,21.929484
2024.12.2,18,2.578311,29.139284
2024.12.2,19,1.928324,23.213416
2024.12.2,20,3.03834,18.869984
2024.12.2,21,2.626212,26.002984
2024.12.2,22,1.768868,56.227356
2024.12.2,23,0.233444,44.571448
2024.12.2,24,0.000416,37.686904
2024.12.3,1,0.000408,38.125208
2024.12.3,2,0.000576,25.587896
2024.12.3,3,0.000376,21.725088
2024.12.3,4,0.000464,19.836424
2024.12.3,5,0.00054,19.225148
2024.12.3,6,0.000368,17.894108
2024.12.3,7,0.000352,11.685692
2024.12.3,8,4.923894,11.147024
2024.12.3,9,43.951178,16.691084
2024.12.3,10,92.284288,21.170588
2024.12.3,11,157.674216,14.894052
2024.12.3,12,202.237941,17.192216
2024.12.3,13,181.432712,18.25892
2024.12.3,14,163.152646,23.88168
2024.12.3,15,105.575972,27.544032
2024.12.3,16,79.740828,25.078472
2024.12.3,17,30.824827,43.181692
2024.12.3,18,3.115478,45.72772
2024.12.3,19,1.963736,40.479408
2024.12.3,20,2.981076,44.195612
2024.12.3,21,2.324492,39.140636
2024.12.3,22,1.054068,36.847512
2024.12.3,23,0.357124,46.494232
2024.12.3,24,0.009296,49.0257
2024.12.4,1,0.00028,51.017816
2024.12.4,2,0.000592,51.833928
2024.12.4,3,0.000288,67.102556
2024.12.4,4,0.000312,78.406424
2024.12.4,5,0.00058,67.26204
2024.12.4,6,0.000328,65.28482
2024.12.4,7,0.000328,49.670464
2024.12.4,8,2.365753,27.062808
2024.12.4,9,44.520537,18.695904
2024.12.4,10,122.380893,15.105364
2024.12.4,11,165.756779,11.894932
2024.12.4,12,180.317728,17.668856
2024.12.4,13,192.696766,19.07702
2024.12.4,14,160.786442,22.503048
2024.12.4,15,131.446706,2.483792
2024.12.4,16,105.865955,21.257844
2024.12.4,17,32.975731,29.592732
2024.12.4,18,2.404086,35.117372
2024.12.4,19,1.96862,36.4017
2024.12.4,20,2.961264,32.027152
2024.12.4,21,2.059504,26.943072
2024.12.4,22,1.141116,24.686304
2024.12.4,23,0.408748,19.756556
2024.12.4,24,0.01126,31.47438
2024.12.5,1,0.000352,30.725744
2024.12.5,2,0.000488,38.233944
2024.12.5,3,0.000432,43.927888
2024.12.5,4,0.000488,53.388324
2024.12.5,5,0.00038,52.313552
2024.12.5,6,0.00036,49.311864
2024.12.5,7,0.000344,42.873436
2024.12.5,8,0.524304,47.828304
2024.12.5,9,17.232567,42.535656
2024.12.5,10,56.748586,46.55222
2024.12.5,11,75.065784,55.546796
2024.12.5,12,154.019452,27.474936
2024.12.5,13,152.049366,15.127656
2024.12.5,14,134.957931,38.262972
2024.12.5,15,98.890326,37.760844
2024.12.5,16,44.07117,37.78226
2024.12.5,17,15.443299,29.877232
2024.12.5,18,1.859174,33.944968
2024.12.5,19,1.88366,46.775192
2024.12.5,20,2.771964,53.253952
2024.12.5,21,1.988948,44.526376
2024.12.5,22,0.384004,31.132288
2024.12.5,23,0.015336,33.111404
2024.12.5,24,0.00036,41.933128
2024.12.6,1,0.000352,44.879432
2024.12.6,2,0.000408,48.240108
2024.12.6,3,0.000368,61.94472
2024.12.6,4,0.000376,67.033704
2024.12.6,5,0.000344,47.645184
2024.12.6,6,0.000336,51.309512
2024.12.6,7,0.00036,32.777352
2024.12.6,8,3.17995,31.749024
2024.12.6,9,23.127198,19.862028
2024.12.6,10,44.75567,17.130228
2024.12.6,11,65.564005,10.966768
2024.12.6,12,73.243126,10.992052
2024.12.6,13,57.009608,12.8761
2024.12.6,14,79.989078,16.411496
2024.12.6,15,106.031059,25.512004
2024.12.6,16,52.101383,32.566132
2024.12.6,17,18.625706,37.538104
2024.12.6,18,1.764651,55.139744
2024.12.6,19,1.338912,53.59028
2024.12.6,20,1.239656,37.47776
2024.12.6,21,0.349212,31.1512
2024.12.6,22,0.000304,29.611212
2024.12.6,23,0.000304,28.074232
2024.12.6,24,0.000336,35.684936
2024.12.7,1,0.000352,37.228912
2024.12.7,2,0.000328,21.713872
2024.12.7,3,0.000336,25.229416
2024.12.7,4,0.00032,43.73124
2024.12.7,5,0.00032,34.024836
2024.12.7,6,0.000336,17.382536
2024.12.7,7,0.00028,15.612292
2024.12.7,8,2.155101,15.207548
2024.12.7,9,35.684568,5.685584
2024.12.7,10,111.635649,6.790144
2024.12.7,11,169.644838,0.232764
2024.12.7,12,206.708167,0.01808
2024.12.7,13,202.096286,0.0171
2024.12.7,14,159.01307,0.09852
2024.12.7,15,117.487421,6.517616
2024.12.7,16,26.83622,17.92086
2024.12.7,17,5.500812,25.026936
2024.12.7,18,1.212962,78.501264
2024.12.7,19,1.921464,82.958268
2024.12.7,20,3.019196,83.43793
2024.12.7,21,2.540992,81.482201
2024.12.7,22,1.367824,87.760501
2024.12.7,23,0.159208,90.23633
2024.12.7,24,0.000368,87.647308
2024.12.8,1,0.000392,85.043681
2024.12.8,2,0.000384,86.431621
2024.12.8,3,0.000416,85.006784
2024.12.8,4,0.000408,81.313271
2024.12.8,5,0.000368,82.353062
2024.12.8,6,0.000376,86.508344
2024.12.8,7,0.000376,82.773569
2024.12.8,8,0.754749,77.864708
2024.12.8,9,16.104747,78.183044
2024.12.8,10,59.608477,77.727123
2024.12.8,11,84.869848,68.373101
2024.12.8,12,115.48592,84.066623
2024.12.8,13,130.510489,77.915213
2024.12.8,14,128.216047,72.892008
2024.12.8,15,100.288731,69.389266
2024.12.8,16,66.626746,69.773531
2024.12.8,17,20.913185,58.133104
2024.12.8,18,1.718317,48.738659
2024.12.8,19,1.071472,52.306947
2024.12.8,20,1.071116,37.395778
2024.12.8,21,0.5822,29.579154
2024.12.8,22,0.175596,27.226406
2024.12.8,23,0.000456,25.671966
2024.12.8,24,0.000432,25.889936
2024.12.9,1,0.000424,19.943721
2024.12.9,2,0.000384,13.91868
2024.12.9,3,0.000456,9.200854
2024.12.9,4,0.000384,19.966061
2024.12.9,5,0.000384,23.454741
2024.12.9,6,0.000416,34.133547
2024.12.9,7,0.000392,37.42293
2024.12.9,8,0.349413,23.110441
2024.12.9,9,12.378575,22.425279
2024.12.9,10,37.814682,17.291681
2024.12.9,11,55.665465,12.885878
2024.12.9,12,79.379738,11.527336
2024.12.9,13,104.797415,12.986928
2024.12.9,14,115.014945,12.004604
2024.12.9,15,101.319149,13.24502
2024.12.9,16,61.594625,20.941588
2024.12.9,17,17.580924,28.992384
2024.12.9,18,2.27449,20.041416
2024.12.9,19,1.263124,10.506821
2024.12.9,20,1.302572,19.453202
2024.12.9,21,0.472808,17.789432
2024.12.9,22,0.143608,10.391916
2024.12.9,23,0.000448,10.001005
2024.12.9,24,0.000456,7.478707
2024.12.10,1,0.000448,9.783951
2024.12.10,2,0.00036,12.293855
2024.12.10,3,0.000368,14.635581
2024.12.10,4,0.000416,12.693126
2024.12.10,5,0.000408,17.807637
2024.12.10,6,0.000384,20.385322
2024.12.10,7,0.000352,20.261963
2024.12.10,8,0.715212,23.533692
2024.12.10,9,21.952097,18.734487
2024.12.10,10,82.794619,17.972945
2024.12.10,11,142.666646,14.430946
2024.12.10,12,193.573663,10.362703
2024.12.10,13,198.22809,7.593056
2024.12.10,14,195.077941,4.569836
2024.12.10,15,147.228108,8.538387
2024.12.10,16,84.988866,13.447489
2024.12.10,17,25.932858,17.367809
2024.12.10,18,2.297548,18.475658
2024.12.10,19,2.061948,16.701265
2024.12.10,20,3.29128,8.370955
2024.12.10,21,3.040208,3.380434
2024.12.10,22,1.98044,10.936116
2024.12.10,23,0.37918,11.90766
2024.12.10,24,0.017068,14.605541
2024.12.11,1,0.000424,24.057851
2024.12.11,2,0.00082,28.846272
2024.12.11,3,0.000416,30.776413
2024.12.11,4,0.000712,29.627019
2024.12.11,5,0.00044,24.969166
2024.12.11,6,0.000416,22.273375
2024.12.11,7,0.000424,21.021257
2024.12.11,8,0.18765,25.106216
2024.12.11,9,8.960894,28.129481
2024.12.11,10,28.677037,25.952567
2024.12.11,11,44.391834,17.837613
2024.12.11,12,94.733461,22.793828
2024.12.11,13,105.059428,26.379928
2024.12.11,14,71.790399,25.724567
2024.12.11,15,59.825196,27.751298
2024.12.11,16,74.13402,27.801295
2024.12.11,17,32.849277,35.663041
2024.12.11,18,3.141774,41.706472
2024.12.11,19,1.8152,49.540961
2024.12.11,20,1.646016,60.220175
2024.12.11,21,0.334688,67.060201
2024.12.11,22,0.008936,57.300112
2024.12.11,23,0.00036,66.260893
2024.12.11,24,0.000352,60.724306
2024.12.12,1,0.000352,66.034385
2024.12.12,2,0.000256,67.798163
2024.12.12,3,9.60E-05,52.134539
2024.12.12,4,0.000216,48.049533
2024.12.12,5,0.000264,36.150275
2024.12.12,6,0.000232,45.003677
2024.12.12,7,0.000256,50.286389
2024.12.12,8,1.460502,41.853194
2024.12.12,9,31.290823,35.153081
2024.12.12,10,96.374847,36.680029
2024.12.12,11,155.680992,39.276975
2024.12.12,12,198.770493,28.049291
2024.12.12,13,215.5606,27.893845
2024.12.12,14,199.664561,27.741461
2024.12.12,15,166.866267,22.944596
2024.12.12,16,107.748567,32.866092
2024.12.12,17,33.485067,37.88225
2024.12.12,18,3.310687,39.366187
2024.12.12,19,2.049708,41.190069
2024.12.12,20,3.335004,27.768936
2024.12.12,21,3.011928,33.919128
2024.12.12,22,2.181424,20.183891
2024.12.12,23,0.390256,19.503036
2024.12.12,24,0.017032,15.030697
2024.12.13,1,0.0004,12.902094
2024.12.13,2,0.000828,10.979508
2024.12.13,3,0.000336,17.928107
2024.12.13,4,0.000568,26.81862
2024.12.13,5,0.000452,21.673032
2024.12.13,6,0.000444,21.164427
2024.12.13,7,0.00032,30.734333
2024.12.13,8,0.207501,28.048896
2024.12.13,9,7.38729,45.797803
2024.12.13,10,24.9736,30.66074
2024.12.13,11,54.697029,25.297112
2024.12.13,12,47.915135,18.27773
2024.12.13,13,79.256093,16.11481
2024.12.13,14,112.929425,52.082603
2024.12.13,15,79.50808,62.76665
2024.12.13,16,50.645601,70.265876
2024.12.13,17,18.405431,75.673211
2024.12.13,18,1.920085,80.863706
2024.12.13,19,1.03034,78.601072
2024.12.13,20,1.28648,79.540138
2024.12.13,21,0.293916,83.030098
2024.12.13,22,0.092,80.775278
2024.12.13,23,0.000368,73.874002
2024.12.13,24,0.000344,73.001375
2024.12.14,1,0.000368,79.501695
2024.12.14,2,0.000368,75.089855
2024.12.14,3,0.000208,74.326582
2024.12.14,4,0.000328,76.26032
2024.12.14,5,0.000392,83.23069
2024.12.14,6,0.000376,82.093924
2024.12.14,7,0.000336,79.35474
2024.12.14,8,0.614242,81.244047
2024.12.14,9,14.396491,82.392145
2024.12.14,10,50.789495,79.327875
2024.12.14,11,88.090466,77.317061
2024.12.14,12,106.776215,83.970741
2024.12.14,13,114.538302,83.981234
2024.12.14,14,100.743518,78.445952
2024.12.14,15,64.981763,80.431721
2024.12.14,16,40.217233,80.417884
2024.12.14,17,16.294634,73.349666
2024.12.14,18,1.640106,65.884745
2024.12.14,19,1.405368,58.479859
2024.12.14,20,0.946736,49.475956
2024.12.14,21,0.27238,60.821043
2024.12.14,22,0.009132,61.509569
2024.12.14,23,0.000336,61.86818
2024.12.14,24,0.00032,60.830503
2024.12.15,1,0.000368,73.011285
2024.12.15,2,0.000368,78.603175
2024.12.15,3,0.000336,76.844579
2024.12.15,4,0.00036,77.169666
2024.12.15,5,0.000352,73.000861
2024.12.15,6,0.000336,83.014972
2024.12.15,7,0.000312,80.363734
2024.12.15,8,0.030359,73.394451
2024.12.15,9,2.863851,79.29558
2024.12.15,10,16.810705,80.010358
2024.12.15,11,52.430808,72.082398
2024.12.15,12,67.964826,60.563993
2024.12.15,13,51.504327,77.085798
2024.12.15,14,53.490462,75.203053
2024.12.15,15,40.691955,75.998621
2024.12.15,16,22.754125,77.7065
2024.12.15,17,11.178891,72.686221
2024.12.15,18,0.973966,62.987067
2024.12.15,19,0.232176,61.980375
2024.12.15,20,0.564944,53.799506
2024.12.15,21,0.000336,51.201446
2024.12.15,22,0.000336,59.910827
2024.12.15,23,0.000376,58.367562
2024.12.15,24,0.00036,68.392018
2024.12.16,1,0.000344,60.622839
2024.12.16,2,0.000344,60.17563
2024.12.16,3,0.00028,59.931769
2024.12.16,4,0.000304,51.679291
2024.12.16,5,0.000304,43.458206
2024.12.16,6,0.000328,39.814247
2024.12.16,7,0.000296,30.80746
2024.12.16,8,0.040955,24.707551
2024.12.16,9,3.196851,22.759876
2024.12.16,10,16.010507,19.932966
2024.12.16,11,63.926804,31.033715
2024.12.16,12,80.704878,34.247209
2024.12.16,13,65.372568,36.239514
2024.12.16,14,65.311692,36.033435
2024.12.16,15,65.255922,36.344184
2024.12.16,16,55.898453,25.958685
2024.12.16,17,24.931744,27.634628
2024.12.16,18,2.405592,28.794175
2024.12.16,19,0.863456,23.191358
2024.12.16,20,0.97818,27.168387
2024.12.16,21,0.055276,31.733189
2024.12.16,22,0.000352,29.459746
2024.12.16,23,0.000368,25.037527
2024.12.16,24,0.000344,20.115647
2024.12.17,1,0.000376,17.132305
2024.12.17,2,0.00036,16.484384
2024.12.17,3,0.00032,15.043994
2024.12.17,4,0.000368,13.90274
2024.12.17,5,0.000336,13.957552
2024.12.17,6,0.00036,15.695896
2024.12.17,7,0.00036,11.83618
2024.12.17,8,0.88901,9.23091
2024.12.17,9,23.431102,9.120159
2024.12.17,10,77.407473,2.968339
2024.12.17,11,93.148415,1.875284
2024.12.17,12,100.37117,1.398987
2024.12.17,13,88.623018,2.804044
2024.12.17,14,85.106467,12.273104
2024.12.17,15,80.321412,13.539356
2024.12.17,16,58.531654,15.902544
2024.12.17,17,21.407782,19.658084
2024.12.17,18,2.400679,17.971764
2024.12.17,19,1.077892,32.448374
2024.12.17,20,1.199748,41.658844
2024.12.17,21,0.248016,34.265711
2024.12.17,22,0.000232,29.031722
2024.12.17,23,0.000248,37.465221
2024.12.17,24,0.000248,27.512597
2024.12.18,1,0.000288,25.784517
2024.12.18,2,0.000312,69.632501
2024.12.18,3,0.000296,46.306555
2024.12.18,4,0.00036,40.800381
2024.12.18,5,0.0004,51.469152
2024.12.18,6,0.000392,67.534122
2024.12.18,7,0.000368,69.790037
2024.12.18,8,0.430484,93.120994
2024.12.18,9,15.595061,77.348513
2024.12.18,10,46.280217,79.553064
2024.12.18,11,73.437469,75.876937
2024.12.18,12,115.81479,83.308311
2024.12.18,13,120.622571,71.009815
2024.12.18,14,100.634216,86.056592
2024.12.18,15,50.947687,94.433838
2024.12.18,16,36.342021,94.221024
2024.12.18,17,15.914017,93.27403
2024.12.18,18,1.725444,97.527556
2024.12.18,19,1.235,89.690601
2024.12.18,20,1.18038,80.793048
2024.12.18,21,0.404456,99.748323
2024.12.18,22,0.010612,101.82593
2024.12.18,23,0.00024,96.934558
2024.12.18,24,0.000328,95.231986
2024.12.19,1,0.000376,98.799596
2024.12.19,2,0.000368,98.81292
2024.12.19,3,0.00036,93.865252
2024.12.19,4,0.000328,97.351612
2024.12.19,5,0.000352,98.256236
2024.12.19,6,0.000368,90.46364
2024.12.19,7,0.000344,86.589296
2024.12.19,8,1.178138,87.0146
2024.12.19,9,28.232454,88.838348
2024.12.19,10,104.475637,57.201736
2024.12.19,11,178.229272,33.716766
2024.12.19,12,226.185161,21.340737
2024.12.19,13,240.573341,8.908475
2024.12.19,14,225.642261,10.474909
2024.12.19,15,177.082269,8.779019
2024.12.19,16,110.763309,9.443307
2024.12.19,17,33.984531,6.649292
2024.12.19,18,3.678357,1.089818
2024.12.19,19,2.03902,0.305829
2024.12.19,20,3.293584,0.196601
2024.12.19,21,3.166676,0.207837
2024.12.19,22,2.331876,0.233128
2024.12.19,23,0.50256,0.078387
2024.12.19,24,0.017348,0.090418
2024.12.20,1,0.000376,0.047322
2024.12.20,2,0.001032,0.685152
2024.12.20,3,0.000444,0.786598
2024.12.20,4,0.000424,0.796813
2024.12.20,5,0.00024,2.740869
2024.12.20,6,0.000356,0.46296
2024.12.20,7,0.000436,0.30804
2024.12.20,8,0.100182,0.649725
2024.12.20,9,8.51836,0.335817
2024.12.20,10,30.660824,2.340796
2024.12.20,11,42.794702,0.004064
2024.12.20,12,41.796079,0.034769
2024.12.20,13,78.594921,0.00198
2024.12.20,14,74.627547,0.096572
2024.12.20,15,61.976524,3.560106
2024.12.20,16,28.72437,0.715438
2024.12.20,17,17.873207,0.408488
2024.12.20,18,1.896071,2.77935
2024.12.20,19,1.410252,11.583405
2024.12.20,20,1.373188,0.911681
2024.12.20,21,0.59792,1.568375
2024.12.20,22,0.04446,0.88009
2024.12.20,23,0.000392,0.65546
2024.12.20,24,0.00036,3.655503
2024.12.21,1,0.000344,40.770201
2024.12.21,2,0.000368,37.826617
2024.12.21,3,0.000328,38.529898
2024.12.21,4,0.000336,66.799906
2024.12.21,5,0.000336,71.323306
2024.12.21,6,0.000344,84.973231
2024.12.21,7,0.000312,81.165527
2024.12.21,8,0.0086,92.447909
2024.12.21,9,1.419505,94.330294
2024.12.21,10,7.173033,95.031584
2024.12.21,11,33.261644,95.570322
2024.12.21,12,67.041668,99.984744
2024.12.21,13,47.601439,98.552208
2024.12.21,14,40.564559,94.806372
2024.12.21,15,29.391289,99.149184
2024.12.21,16,20.500634,97.934424
2024.12.21,17,8.126967,93.0284
2024.12.21,18,0.922467,96.951764
2024.12.21,19,0.408204,98.466712
2024.12.21,20,0.497592,91.930796
2024.12.21,21,0.001532,93.228428
2024.12.21,22,0.000104,97.974184
2024.12.21,23,0.000248,99.869656
2024.12.21,24,0.000272,95.026568
2024.12.22,1,0.000232,92.152844
2024.12.22,2,0.000288,96.591388
2024.12.22,3,0.000368,96.908188
2024.12.22,4,0.000328,97.018484
2024.12.22,5,0.00032,93.964408
2024.12.22,6,0.00032,97.421664
2024.12.22,7,0.00032,95.507364
2024.12.22,8,0.198552,86.15908
2024.12.22,9,10.098202,87.69252
2024.12.22,10,36.920648,87.148988
2024.12.22,11,86.540864,85.311912
2024.12.22,12,103.670128,82.550912
2024.12.22,13,121.619221,87.473028
2024.12.22,14,110.713802,83.295924
2024.12.22,15,80.719261,85.854272
2024.12.22,16,54.383559,83.601096
2024.12.22,17,20.576661,86.857008
2024.12.22,18,2.138753,76.257304
2024.12.22,19,0.421312,71.751296
2024.12.22,20,0.624204,67.022108
2024.12.22,21,0.01156,62.312744
2024.12.22,22,0.000256,46.576876
2024.12.22,23,0.000368,30.60152
2024.12.22,24,0.000376,28.384864
2024.12.23,1,0.000376,27.739084
2024.12.23,2,0.00036,25.452324
2024.12.23,3,0.00036,26.994256
2024.12.23,4,0.000376,32.482744
2024.12.23,5,0.00036,39.019332
2024.12.23,6,0.000336,41.085844
2024.12.23,7,0.00032,39.203144
2024.12.23,8,0.591622,32.678844
2024.12.23,9,20.144584,31.449888
2024.12.23,10,94.421534,30.634169
2024.12.23,11,147.364319,23.093308
2024.12.23,12,146.988842,12.735696
2024.12.23,13,132.113377,8.812136
2024.12.23,14,125.353191,20.615535
2024.12.23,15,98.223869,18.16442
2024.12.23,16,56.475805,27.835448
2024.12.23,17,21.940486,38.419816
2024.12.23,18,2.135943,35.053548
2024.12.23,19,1.676708,36.817828
2024.12.23,20,2.099732,33.712124
2024.12.23,21,0.884444,25.959516
2024.12.23,22,0.31774,23.680308
2024.12.23,23,0.000264,26.554604
2024.12.23,24,0.000352,30.813316
2024.12.24,1,0.00036,30.593008
2024.12.24,2,0.000352,35.394608
2024.12.24,3,0.000304,37.60306
2024.12.24,4,0.000344,42.000184
2024.12.24,5,0.000336,56.712088
2024.12.24,6,0.000328,60.317796
2024.12.24,7,0.000328,52.88298
2024.12.24,8,0.459667,42.219196
2024.12.24,9,16.117946,40.135544
2024.12.24,10,60.742619,29.786959
2024.12.24,11,131.473794,17.760356
2024.12.24,12,193.515708,15.370879
2024.12.24,13,198.835456,21.01438
2024.12.24,14,210.399052,13.134671
2024.12.24,15,178.424549,13.761288
2024.12.24,16,107.539907,22.337936
2024.12.24,17,32.968293,22.912607
2024.12.24,18,2.929704,14.863068
2024.12.24,19,1.974764,9.3161
2024.12.24,20,3.297732,7.945555
2024.12.24,21,2.65296,7.160646
2024.12.24,22,1.56138,1.949182
2024.12.24,23,0.458524,1.408311
2024.12.24,24,0.013676,0.055338
2024.12.25,1,0.0004,0.021972
2024.12.25,2,0.000836,1.65723
2024.12.25,3,0.000296,0.781076
2024.12.25,4,0.000336,0.48961
2024.12.25,5,0.000488,2.201883
2024.12.25,6,0.000328,5.161384
2024.12.25,7,0.0002,3.677696
2024.12.25,8,0.523403,0.218324
2024.12.25,9,23.301233,0.151136
2024.12.25,10,97.434109,0.251887
2024.12.25,11,161.895685,0.122974
2024.12.25,12,193.821701,1.282042
2024.12.25,13,152.63554,1.703495
2024.12.25,14,92.538126,0.929823
2024.12.25,15,44.851814,1.350397
2024.12.25,16,17.89813,0.978762
2024.12.25,17,2.639442,1.129702
2024.12.25,18,1.01904,0.996606
2024.12.25,19,2.060756,1.792114
2024.12.25,20,2.571676,2.638702
2024.12.25,21,1.205196,2.433551
2024.12.25,22,0.469364,0.953508
2024.12.25,23,0.007964,0.244394
2024.12.25,24,0.000356,0.134
2024.12.26,1,0.000264,1.096684
2024.12.26,2,0.000272,2.862184
2024.12.26,3,0.000264,32.058775
2024.12.26,4,0.000232,39.557673
2024.12.26,5,0.00028,82.587335
2024.12.26,6,0.000264,95.685613
2024.12.26,7,0.000256,85.034141
2024.12.26,8,0.438139,82.808749
2024.12.26,9,22.012646,63.067427
2024.12.26,10,76.158047,57.563554
2024.12.26,11,155.324268,69.906652
2024.12.26,12,209.85796,84.293141
2024.12.26,13,208.001616,75.252739
2024.12.26,14,163.63564,75.375491
2024.12.26,15,119.089203,84.954918
2024.12.26,16,79.988752,84.882528
2024.12.26,17,28.502547,68.393018
2024.12.26,18,3.260415,53.507211
2024.12.26,19,1.84892,77.140457
2024.12.26,20,3.073576,76.088039
2024.12.26,21,2.482404,83.373702
2024.12.26,22,1.138444,75.981439
2024.12.26,23,0.26906,77.070274
2024.12.26,24,0.003308,79.025904
2024.12.27,1,0.000256,77.205541
2024.12.27,2,0.00028,72.650711
2024.12.27,3,0.000216,73.59525
2024.12.27,4,0.000232,78.208776
2024.12.27,5,0.000208,80.453101
2024.12.27,6,0.000304,82.526841
2024.12.27,7,0.00032,70.856965
2024.12.27,8,0.38381,62.201888
2024.12.27,9,17.353567,61.054664
2024.12.27,10,54.84653,54.226168
2024.12.27,11,85.660904,57.917859
2024.12.27,12,112.18297,54.950389
2024.12.27,13,130.110288,55.167942
2024.12.27,14,145.776114,49.232616
2024.12.27,15,139.218446,54.580976
2024.12.27,16,92.63886,59.491343
2024.12.27,17,37.088481,69.921028
2024.12.27,18,3.902523,62.729166
2024.12.27,19,2.02872,63.990737
2024.12.27,20,2.364136,78.381428
2024.12.27,21,1.329192,86.796786
2024.12.27,22,0.38996,81.554857
2024.12.27,23,0.034396,89.893224
2024.12.27,24,0.000368,94.765049
2024.12.28,1,0.000336,96.468881
2024.12.28,2,0.000564,89.475019
2024.12.28,3,0.000352,87.831107
2024.12.28,4,0.000336,90.49915
2024.12.28,5,0.000312,89.03726
2024.12.28,6,0.000328,83.824664
2024.12.28,7,6.40E-05,84.977544
2024.12.28,8,0.340011,89.131324
2024.12.28,9,14.828217,82.498492
2024.12.28,10,45.824823,67.031176
2024.12.28,11,103.356019,81.070636
2024.12.28,12,120.684117,83.480052
2024.12.28,13,83.509249,87.973796
2024.12.28,14,67.411964,86.121888
2024.12.28,15,57.271221,86.304143
2024.12.28,16,28.852909,82.797567
2024.12.28,17,10.849962,86.640315
2024.12.28,18,1.80998,84.272142
2024.12.28,19,1.191832,81.493254
2024.12.28,20,1.299416,67.270392
2024.12.28,21,0.148672,72.351372
2024.12.28,22,0.000424,70.536284
2024.12.28,23,0.000408,65.148305
2024.12.28,24,0.000408,62.012376
2024.12.29,1,0.000448,60.497225
2024.12.29,2,0.000408,54.516051
2024.12.29,3,0.000376,39.401673
2024.12.29,4,0.0004,39.273548
2024.12.29,5,0.000368,53.780465
2024.12.29,6,0.00036,32.715588
2024.12.29,7,0.000344,21.24377
2024.12.29,8,0.296135,23.452855
2024.12.29,9,7.661877,20.17563
2024.12.29,10,33.550653,13.49776
2024.12.29,11,88.402079,10.111275
2024.12.29,12,145.254957,4.63095
2024.12.29,13,183.964958,1.604548
2024.12.29,14,227.181836,1.316118
2024.12.29,15,188.826042,1.106432
2024.12.29,16,91.723041,0.759737
2024.12.29,17,26.431673,1.08649
2024.12.29,18,3.232828,0.703773
2024.12.29,19,2.003644,0.574911
2024.12.29,20,2.887476,0.637197
2024.12.29,21,1.872656,0.177456
2024.12.29,22,0.529652,1.762409
2024.12.29,23,0.018764,4.098355
2024.12.29,24,0.000352,8.021667
2024.12.30,1,0.000352,4.658124
2024.12.30,2,0.00036,12.984981
2024.12.30,3,0.000376,17.9759
2024.12.30,4,0.000392,49.10472
2024.12.30,5,0.000368,39.780216
2024.12.30,6,0.000344,29.736983
2024.12.30,7,0.000336,31.544752
2024.12.30,8,0.46107,19.115032
2024.12.30,9,25.161533,31.270844
2024.12.30,10,88.636309,47.194751
2024.12.30,11,162.560786,32.181149
2024.12.30,12,170.82102,24.898218
2024.12.30,13,182.113838,18.582469
2024.12.30,14,235.949518,16.574166
2024.12.30,15,192.439359,19.736989
2024.12.30,16,117.247483,25.916691
2024.12.30,17,43.522031,27.225861
2024.12.30,18,4.485314,28.874695
2024.12.30,19,1.989856,21.185385
2024.12.30,20,3.19336,47.935781
2024.12.30,21,2.209292,51.146916
2024.12.30,22,0.832816,44.509061
2024.12.30,23,0.046236,45.35166
2024.12.30,24,0.000476,49.41394
2024.12.31,1,0.000368,55.138763
2024.12.31,2,0.000424,67.357595
2024.12.31,3,0.000352,69.573539
2024.12.31,4,0.000328,76.259146
2024.12.31,5,0.000336,79.04995
2024.12.31,6,0.000336,83.60732
2024.12.31,7,0.000328,86.68605
2024.12.31,8,0.483488,83.457658
2024.12.31,9,28.339151,81.069241
2024.12.31,10,109.06403,78.992056
2024.12.31,11,179.063382,75.294127
2024.12.31,12,237.98803,71.666847
2024.12.31,13,229.492259,58.736507
2024.12.31,14,220.849505,45.091941
2024.12.31,15,212.078648,80.362217
2024.12.31,16,134.752333,71.469086
2024.12.31,17,49.256195,61.088916
2024.12.31,18,4.794733,51.693515
2024.12.31,19,2.04272,36.739659
2024.12.31,20,3.311944,25.056292
2024.12.31,21,3.11,22.991162
2024.12.31,22,2.21422,19.606452
2024.12.31,23,0.367424,20.195377
2024.12.31,24,0.015444,21.000802
2025.1.1,1,0.000288,19.39133
2025.1.1,2,0.000296,19.968293
2025.1.1,3,0.000484,18.746542
2025.1.1,4,0.000304,16.054895
2025.1.1,5,0.000352,15.417698
2025.1.1,6,0.00082,8.718399
2025.1.1,7,0.000368,10.261018
2025.1.1,8,0.934085,9.7848
2025.1.1,9,30.604851,7.487359
2025.1.1,10,117.723004,2.30742
2025.1.1,11,194.708125,1.083274
2025.1.1,12,204.116862,1.203698
2025.1.1,13,188.543047,4.484078
2025.1.1,14,162.646221,7.706611
2025.1.1,15,129.588319,8.327349
2025.1.1,16,94.07402,4.657855
2025.1.1,17,43.433083,5.536216
2025.1.1,18,5.031894,5.075001
2025.1.1,19,2.051507,2.195009
2025.1.1,20,3.313176,0.865668
2025.1.1,21,2.927632,0.460223
2025.1.1,22,2.17958,0.463863
2025.1.1,23,0.51858,3.242352
2025.1.1,24,0.016568,2.720487
2025.1.2,1,0.000352,0.710176
2025.1.2,2,0.000408,1.116744
2025.1.2,3,0.000424,1.578745
2025.1.2,4,0.00054,2.232448
2025.1.2,5,0.000352,5.30338
2025.1.2,6,0.00052,8.187496
2025.1.2,7,0.000312,9.876728
2025.1.2,8,0.815376,11.559104
2025.1.2,9,25.167157,6.211156
2025.1.2,10,78.136999,8.930272
2025.1.2,11,149.352406,7.314204
2025.1.2,12,189.456052,5.902256
2025.1.2,13,207.208148,3.626552
2025.1.2,14,211.699224,3.668324
2025.1.2,15,158.900796,10.983228
2025.1.2,16,96.239526,14.959348
2025.1.2,17,37.643917,18.800537
2025.1.2,18,5.321532,29.993679
2025.1.2,19,2.090139,37.66454
2025.1.2,20,3.223148,44.799157
2025.1.2,21,2.440904,44.102255
2025.1.2,22,1.052344,47.351607
2025.1.2,23,0.10944,45.564777
2025.1.2,24,0.000288,33.956789
2025.1.3,1,0.000208,30.77962
2025.1.3,2,0.00024,43.791263
2025.1.3,3,0.000232,49.880945
2025.1.3,4,0.000232,61.177259
2025.1.3,5,0.000256,66.080871
2025.1.3,6,0.000248,55.382148
2025.1.3,7,0.00024,68.309498
2025.1.3,8,0.281432,79.002773
2025.1.3,9,24.709749,79.019792
2025.1.3,10,89.834939,65.702821
2025.1.3,11,172.564452,48.772185
2025.1.3,12,211.188039,38.350538
2025.1.3,13,221.024373,42.912134
2025.1.3,14,235.717548,34.162339
2025.1.3,15,213.345145,29.732476
2025.1.3,16,141.360329,35.096134
2025.1.3,17,56.608357,35.321679
2025.1.3,18,6.157986,40.772658
2025.1.3,19,2.068684,39.227753
2025.1.3,20,3.269996,30.473066
2025.1.3,21,3.019916,25.441883
2025.1.3,22,1.55068,21.531816
2025.1.3,23,0.409756,20.052829
2025.1.3,24,0.016252,17.458587
2025.1.4,1,0.000424,20.217472
2025.1.4,2,0.00058,17.924048
2025.1.4,3,0.0004,23.912167
2025.1.4,4,0.00058,23.572274
2025.1.4,5,0.000644,29.16867
2025.1.4,6,0.000472,25.757504
2025.1.4,7,0.000408,24.453651
2025.1.4,8,0.401185,21.364679
2025.1.4,9,26.881805,21.11916
2025.1.4,10,91.252192,12.856153
2025.1.4,11,142.466342,4.363649
2025.1.4,12,209.32713,7.599013
2025.1.4,13,219.697678,11.823855
2025.1.4,14,192.739687,3.435939
2025.1.4,15,177.438364,3.050975
2025.1.4,16,137.567492,2.85385
2025.1.4,17,57.189762,1.657558
2025.1.4,18,5.894986,1.334209
2025.1.4,19,2.031932,1.497147
2025.1.4,20,3.276436,1.910821
2025.1.4,21,3.056,0.099384
2025.1.4,22,2.14392,0.022815
2025.1.4,23,0.443616,0.030543
2025.1.4,24,0.013308,0
2025.1.5,1,0.00036,0.006721
2025.1.5,2,0.00076,0.00414
2025.1.5,3,0.000396,0
2025.1.5,4,0.000608,1.368588
2025.1.5,5,0.000384,2.611697
2025.1.5,6,0.000484,1.007681
2025.1.5,7,0.000352,4.575918
2025.1.5,8,0.01154,11.359004
2025.1.5,9,2.990623,17.908684
2025.1.5,10,15.901919,30.264956
2025.1.5,11,36.230314,17.254155
2025.1.5,12,46.815636,13.884818
2025.1.5,13,59.344877,22.466188
2025.1.5,14,52.348449,30.941972
2025.1.5,15,30.261561,26.715936
2025.1.5,16,18.802601,13.622208
2025.1.5,17,13.989357,7.811502
2025.1.5,18,2.710765,9.245513
2025.1.5,19,0.14807,11.1613
2025.1.5,20,0.486828,25.462563
2025.1.5,21,0.00036,12.876872
2025.1.5,22,0.000368,12.242388
2025.1.5,23,0.000336,28.047045
2025.1.5,24,0.000312,21.472514
2025.1.6,1,0.000304,34.324998
2025.1.6,2,0.000288,41.701415
2025.1.6,3,0.000352,50.811167
2025.1.6,4,0.000328,54.711921
2025.1.6,5,0.000344,66.20159
2025.1.6,6,0.000336,75.601196
2025.1.6,7,0.000328,57.559738
2025.1.6,8,0.082833,71.796679
2025.1.6,9,8.480167,82.204739
2025.1.6,10,45.210403,84.731477
2025.1.6,11,54.056441,84.154736
2025.1.6,12,75.168091,81.494216
2025.1.6,13,65.246746,89.385875
2025.1.6,14,144.087417,95.605922
2025.1.6,15,133.247689,94.759552
2025.1.6,16,70.092887,89.737481
2025.1.6,17,31.897255,90.75936
2025.1.6,18,4.158344,93.319185
2025.1.6,19,1.778305,95.352036
2025.1.6,20,2.098228,96.706329
2025.1.6,21,0.39402,91.46676
2025.1.6,22,0.026296,90.108263
2025.1.6,23,0.000408,94.599352
2025.1.6,24,0.0004,94.584816
2025.1.7,1,0.00044,90.992986
2025.1.7,2,0.000352,78.930194
2025.1.7,3,0.000376,82.263932
2025.1.7,4,0.000368,87.325425
2025.1.7,5,0.000384,95.04492
2025.1.7,6,0.000264,88.893319
2025.1.7,7,0.000344,89.206299
2025.1.7,8,0.167527,92.623318
2025.1.7,9,14.618524,90.675799
2025.1.7,10,60.461573,88.057006
2025.1.7,11,116.811091,78.579704
2025.1.7,12,151.345407,76.422515
2025.1.7,13,149.321913,69.497153
2025.1.7,14,118.600687,78.522051
2025.1.7,15,77.924474,92.626781
2025.1.7,16,49.852841,96.153791
2025.1.7,17,17.019616,93.891505
2025.1.7,18,2.043057,82.798162
2025.1.7,19,1.687352,78.368063
2025.1.7,20,1.85164,87.252532
2025.1.7,21,1.125848,85.90159
2025.1.7,22,0.030768,79.466382
2025.1.7,23,0.000296,79.340091
2025.1.7,24,9.60E-05,81.639007
2025.1.8,1,0.000104,80.929417
2025.1.8,2,0.000112,74.715633
2025.1.8,3,0.000128,78.58538
2025.1.8,4,0.000232,78.887436
2025.1.8,5,0.000232,71.717558
2025.1.8,6,0.000216,63.681746
2025.1.8,7,0.0002,51.503403
2025.1.8,8,0.09302,36.75696
2025.1.8,9,11.167808,22.491052
2025.1.8,10,39.08846,14.280453
2025.1.8,11,86.033984,3.294559
2025.1.8,12,62.584568,3.998821
2025.1.8,13,47.387605,10.235404
2025.1.8,14,37.137032,9.363813
2025.1.8,15,44.084526,5.175016
2025.1.8,16,41.669809,24.822914
2025.1.8,17,17.897008,51.257544
2025.1.8,18,2.711271,50.18655
2025.1.8,19,0.418044,63.980528
2025.1.8,20,0.310304,62.526383
2025.1.8,21,0.000512,74.596213
2025.1.8,22,0.000296,90.976733
2025.1.8,23,0.0004,90.130925
2025.1.8,24,0.000376,85.09738
2025.1.9,1,0.00036,85.47931
2025.1.9,2,0.00036,87.711687
2025.1.9,3,0.00028,89.690846
2025.1.9,4,0.00016,90.12732
2025.1.9,5,0.000128,85.614802
2025.1.9,6,0.000176,83.931968
2025.1.9,7,0.0002,84.452063
2025.1.9,8,0.026196,86.931286
2025.1.9,9,6.381933,79.110045
2025.1.9,10,41.286637,81.859875
2025.1.9,11,93.052787,75.395306
2025.1.9,12,114.783428,84.884873
2025.1.9,13,125.958719,88.62285
2025.1.9,14,100.760362,88.507078
2025.1.9,15,61.7532,76.590974
2025.1.9,16,19.968885,82.263364
2025.1.9,17,6.674791,85.826412
2025.1.9,18,1.739865,84.968812
2025.1.9,19,1.490851,84.95874
2025.1.9,20,1.328588,83.521852
2025.1.9,21,0.70836,81.32056
2025.1.9,22,0.001264,80.892772
2025.1.9,23,0.000312,86.507492
2025.1.9,24,0.000296,86.28482
2025.1.10,1,0.000296,87.913596
2025.1.10,2,0.000248,87.960492
2025.1.10,3,0.000256,82.578796
2025.1.10,4,0.000272,80.611156
2025.1.10,5,0.000232,81.820324
2025.1.10,6,0.000328,71.713052
2025.1.10,7,0.000384,77.700769
2025.1.10,8,0.025923,65.405114
2025.1.10,9,2.94888,53.503117
2025.1.10,10,14.816844,66.783859
2025.1.10,11,34.835648,59.437658
2025.1.10,12,73.860775,47.325689
2025.1.10,13,97.826963,43.531115
2025.1.10,14,95.661946,50.418007
2025.1.10,15,95.57374,51.307436
2025.1.10,16,51.167458,55.946362
2025.1.10,17,19.511038,53.365929
2025.1.10,18,2.571818,50.771285
2025.1.10,19,1.062404,62.563348
2025.1.10,20,1.037708,60.706795
2025.1.10,21,0.113156,63.660319
2025.1.10,22,0.000352,60.129871
2025.1.10,23,0.000344,63.435437
2025.1.10,24,0.000312,71.710314
2025.1.11,1,0.000272,64.539783
2025.1.11,2,0.000224,68.342041
2025.1.11,3,0.00024,51.521738
2025.1.11,4,0.000224,55.927191
2025.1.11,5,0.000232,47.317091
2025.1.11,6,0.000216,29.761493
2025.1.11,7,0.000224,48.72358
2025.1.11,8,0.05299,43.866021
2025.1.11,9,4.644622,47.254423
2025.1.11,10,33.257303,38.729951
2025.1.11,11,58.193955,32.637119
2025.1.11,12,99.62463,35.075086
2025.1.11,13,114.015479,41.326677
2025.1.11,14,76.034433,46.239118
2025.1.11,15,43.713554,43.340886
2025.1.11,16,30.261259,50.250498
2025.1.11,17,14.797511,41.153466
2025.1.11,18,2.498227,41.975227
2025.1.11,19,0.564417,29.546045
2025.1.11,20,1.202496,36.906364
2025.1.11,21,0.118028,35.523348
2025.1.11,22,0.00052,34.129486
2025.1.11,23,0.000368,31.307953
2025.1.11,24,0.00036,26.542248
2025.1.12,1,0.000368,26.867234
2025.1.12,2,0.000328,32.685071
2025.1.12,3,0.000336,49.074406
2025.1.12,4,0.00036,39.637148
2025.1.12,5,0.000344,35.218267
2025.1.12,6,0.000312,42.885648
2025.1.12,7,0.000328,40.324982
2025.1.12,8,0.156571,38.999255
2025.1.12,9,12.709087,39.940862
2025.1.12,10,52.683611,30.365538
2025.1.12,11,116.497671,29.639348
2025.1.12,12,181.564395,22.050735
2025.1.12,13,190.560222,8.473924
2025.1.12,14,121.828732,6.714757
2025.1.12,15,113.812205,11.820803
2025.1.12,16,92.728783,18.229318
2025.1.12,17,39.906763,14.913092
2025.1.12,18,6.283525,18.449329
2025.1.12,19,1.959251,22.486988
2025.1.12,20,2.371648,30.40016
2025.1.12,21,1.367844,38.67231
2025.1.12,22,0.257152,39.375568
2025.1.12,23,0.000336,45.531271
2025.1.12,24,0.000352,41.724866
2025.1.13,1,0.000448,49.052149
2025.1.13,2,0.000424,22.812385
2025.1.13,3,0.000488,21.248698
2025.1.13,4,0.000488,23.05207
2025.1.13,5,0.000488,24.641341
2025.1.13,6,0.000512,17.649211
2025.1.13,7,0.000416,14.982575
2025.1.13,8,0.393311,11.659582
2025.1.13,9,21.722371,9.239926
2025.1.13,10,96.549506,5.713598
2025.1.13,11,161.585173,2.117105
2025.1.13,12,180.039699,3.545322
2025.1.13,13,187.969893,4.252818
2025.1.13,14,223.151739,1.518395
2025.1.13,15,196.528696,1.54835
2025.1.13,16,141.441632,1.252464
2025.1.13,17,62.599163,0.874745
2025.1.13,18,9.098248,0.371667
2025.1.13,19,2.046356,0.079532
2025.1.13,20,2.774444,0.017594
2025.1.13,21,1.5789,0
2025.1.13,22,0.9367,0.396316
2025.1.13,23,0.019044,4.768608
2025.1.13,24,0.00054,10.077428
2025.1.14,1,0.000408,12.014052
2025.1.14,2,0.000344,18.94798
2025.1.14,3,0.000296,26.6979
2025.1.14,4,0.000384,31.958222
2025.1.14,5,0.00036,23.336488
2025.1.14,6,0.000344,18.423544
2025.1.14,7,0.000296,15.966203
2025.1.14,8,1.049876,16.11526
2025.1.14,9,28.954227,10.859383
2025.1.14,10,82.479148,9.209424
2025.1.14,11,155.504492,6.33253
2025.1.14,12,181.038604,7.377623
2025.1.14,13,186.250111,5.162191
2025.1.14,14,218.88624,3.396922
2025.1.14,15,169.259792,7.406128
2025.1.14,16,129.273482,8.442216
2025.1.14,17,63.003246,7.279828
2025.1.14,18,11.417261,8.478
2025.1.14,19,1.892406,11.012514
2025.1.14,20,3.14258,5.763753
2025.1.14,21,2.554256,7.794784
2025.1.14,22,0.868836,28.244474
2025.1.14,23,0.154944,40.261907
2025.1.14,24,0.000264,60.898225
2025.1.15,1,0.000272,77.653652
2025.1.15,2,0.000248,68.013771
2025.1.15,3,0.000296,65.267509
2025.1.15,4,0.00036,84.264507
2025.1.15,5,0.000352,83.965526
2025.1.15,6,0.000344,82.560589
2025.1.15,7,0.00032,82.945343
2025.1.15,8,0.051524,84.535417
2025.1.15,9,8.781713,82.162451
2025.1.15,10,30.876297,78.103064
2025.1.15,11,63.0196,79.665059
2025.1.15,12,72.679232,79.483865
2025.1.15,13,62.794947,82.904787
2025.1.15,14,74.617635,76.824022
2025.1.15,15,70.062686,82.86171
2025.1.15,16,54.758343,80.190429
2025.1.15,17,22.604802,77.279774
2025.1.15,18,3.727569,80.357528
2025.1.15,19,1.559992,81.32727
2025.1.15,20,1.219348,77.542865
2025.1.15,21,0.293936,71.117554
2025.1.15,22,0.031784,73.812152
2025.1.15,23,0.00044,65.695043
2025.1.15,24,0.000488,63.541201
2025.1.16,1,0.000376,48.996511
2025.1.16,2,0.0004,46.989774
2025.1.16,3,0.0004,41.342942
2025.1.16,4,0.000432,32.538552
2025.1.16,5,0.00044,31.791191
2025.1.16,6,0.00032,26.665871
2025.1.16,7,0.107656,28.103242
2025.1.16,8,0.137426,32.990998
2025.1.16,9,4.512556,30.64487
2025.1.16,10,21.897052,34.229809
2025.1.16,11,45.04054,25.363802
2025.1.16,12,91.050816,34.591315
2025.1.16,13,178.410305,28.99186
2025.1.16,14,158.191374,30.638109
2025.1.16,15,156.579616,35.498368
2025.1.16,16,124.838523,30.688045
2025.1.16,17,51.386378,31.48669
2025.1.16,18,6.249168,37.755241
2025.1.16,19,0.808647,34.48506
2025.1.16,20,1.182384,27.584149
2025.1.16,21,0.320464,30.512474
2025.1.16,22,0.149384,42.478439
2025.1.16,23,0.000392,34.666692
2025.1.16,24,0.000344,30.079958
2025.1.17,1,0.00036,31.395472
2025.1.17,2,0.000288,29.03388
2025.1.17,3,0.000272,24.850605
2025.1.17,4,0.000264,37.382619
2025.1.17,5,0.000248,28.773179
2025.1.17,6,0.000248,17.144774
2025.1.17,7,0.000184,22.239998
2025.1.17,8,0.0732,25.013434
2025.1.17,9,3.740669,32.169203
2025.1.17,10,17.855894,24.91386
2025.1.17,11,64.550468,18.275949
2025.1.17,12,156.477917,12.682716
2025.1.17,13,204.23208,9.427992
2025.1.17,14,209.282758,9.090024
2025.1.17,15,219.88144,10.258576
2025.1.17,16,178.050711,10.861236
2025.1.17,17,77.84689,6.923215
2025.1.17,18,10.975317,6.561116
2025.1.17,19,2.069407,5.042233
2025.1.17,20,3.258132,5.838729
2025.1.17,21,2.975332,5.28157
2025.1.17,22,1.518492,3.459462
2025.1.17,23,0.422464,1.646547
2025.1.17,24,0.013648,1.447066
2025.1.18,1,0.000296,0.96071
2025.1.18,2,0.00028,0.866137
2025.1.18,3,0.000304,0.538049
2025.1.18,4,0.000436,0.746735
2025.1.18,5,0.000336,0.768583
2025.1.18,6,0.000384,0.616058
2025.1.18,7,0.000328,0.60592
2025.1.18,8,1.372973,0.593103
2025.1.18,9,34.94885,0.384295
2025.1.18,10,99.793169,0.333827
2025.1.18,11,141.411219,0.065097
2025.1.18,12,183.945847,0.104606
2025.1.18,13,190.549603,0.962565
2025.1.18,14,155.056255,0.363185
2025.1.18,15,144.70322,0.089195
2025.1.18,16,113.105678,0.028474
2025.1.18,17,50.857667,0.021206
2025.1.18,18,10.02654,0.032221
2025.1.18,19,2.035463,0.02049
2025.1.18,20,3.274548,0.036924
2025.1.18,21,2.788032,0.09092
2025.1.18,22,1.698716,0.054997
2025.1.18,23,0.31862,0.079243
2025.1.18,24,0.008744,0.109017
2025.1.19,1,0.00056,0.072664
2025.1.19,2,0.000504,0.091237
2025.1.19,3,0.000568,0.062099
2025.1.19,4,0.000552,0.108408
2025.1.19,5,0.000544,0.218341
2025.1.19,6,0.000612,0.243245
2025.1.19,7,0.000496,0.264442
2025.1.19,8,0.626864,0.087707
2025.1.19,9,35.369583,0.005785
2025.1.19,10,129.394435,0.00684
2025.1.19,11,205.448733,0.01404
2025.1.19,12,231.363095,0.01944
2025.1.19,13,229.029927,0.061713
2025.1.19,14,183.729425,0.20506
2025.1.19,15,141.41223,2.577284
2025.1.19,16,99.751736,1.765576
2025.1.19,17,64.419815,2.194987
2025.1.19,18,12.655793,2.84103
2025.1.19,19,1.936561,2.562048
2025.1.19,20,3.100632,2.666725
2025.1.19,21,2.290052,1.480465
2025.1.19,22,1.284796,0.848852
2025.1.19,23,0.281992,3.093699
2025.1.19,24,0.009756,3.450275
2025.1.20,1,0.000336,6.699546
2025.1.20,2,0.000304,10.014514
2025.1.20,3,0.000288,14.088362
2025.1.20,4,0.000288,19.015366
2025.1.20,5,0.00032,15.533111
2025.1.20,6,0.000488,15.691474
2025.1.20,7,0.000344,17.458267
2025.1.20,8,0.767211,13.823326
2025.1.20,9,27.838668,9.96249
2025.1.20,10,99.327192,10.84099
2025.1.20,11,171.091532,8.013803
2025.1.20,12,230.907845,8.956201
2025.1.20,13,237.901941,9.641042
2025.1.20,14,210.026928,10.563579
2025.1.20,15,187.575234,15.553669
2025.1.20,16,122.673282,17.556183
2025.1.20,17,48.505499,15.366416
2025.1.20,18,9.329567,22.477749
2025.1.20,19,2.042647,33.811952
2025.1.20,20,3.145936,31.425312
2025.1.20,21,2.337068,32.219167
2025.1.20,22,1.275528,27.848956
2025.1.20,23,0.225668,25.167448
2025.1.20,24,0.000408,23.567022
2025.1.21,1,0.000408,26.956876
2025.1.21,2,0.000504,17.201574
2025.1.21,3,0.000424,21.867731
2025.1.21,4,0.0004,18.042234
2025.1.21,5,0.000448,23.109697
2025.1.21,6,0.000432,21.425622
2025.1.21,7,0.000392,14.9734
2025.1.21,8,1.045304,8.26225
2025.1.21,9,35.776285,7.026482
2025.1.21,10,124.047514,6.636146
2025.1.21,11,207.552315,3.075044
2025.1.21,12,259.412781,2.259909
2025.1.21,13,277.514565,4.094327
2025.1.21,14,270.810639,6.113876
2025.1.21,15,238.56988,6.123729
2025.1.21,16,178.537848,6.383881
2025.1.21,17,87.012623,9.623724
2025.1.21,18,13.973583,6.838773
2025.1.21,19,2.096983,4.415133
2025.1.21,20,3.316832,3.708968
2025.1.21,21,2.979208,5.495861
2025.1.21,22,2.033524,1.118107
2025.1.21,23,0.468464,0.94999
2025.1.21,24,0.016548,0.840612
2025.1.22,1,0.000336,0.429269
2025.1.22,2,0.000756,0.506833
2025.1.22,3,0.000372,0.712213
2025.1.22,4,0.000568,1.705623
2025.1.22,5,0.000512,6.937216
2025.1.22,6,0.000344,7.209812
2025.1.22,7,0.00032,3.787342
2025.1.22,8,1.354637,4.589373
2025.1.22,9,26.465653,5.140511
2025.1.22,10,94.136127,6.671292
2025.1.22,11,110.599381,4.070168
2025.1.22,12,129.249118,3.35738
2025.1.22,13,146.880036,0.336848
2025.1.22,14,171.108936,0.011788
2025.1.22,15,178.628554,0.02502
2025.1.22,16,108.876302,1.15928
2025.1.22,17,49.460493,4.719196
2025.1.22,18,9.856742,7.936736
2025.1.22,19,1.908098,5.724884
2025.1.22,20,2.460032,5.115232
2025.1.22,21,1.287804,6.696812
2025.1.22,22,0.480548,3.161172
2025.1.22,23,0.00718,1.340448
2025.1.22,24,0.000444,1.852016
2025.1.23,1,0.000336,1.357972
2025.1.23,2,0.000312,1.451112
2025.1.23,3,0.000444,1.653864
2025.1.23,4,0.000344,3.80156
2025.1.23,5,0.000344,17.579641
2025.1.23,6,0.000352,11.0193
2025.1.23,7,0.000352,6.470416
2025.1.23,8,0.692289,4.660956
2025.1.23,9,32.295901,2.344328
2025.1.23,10,121.048898,7.844864
2025.1.23,11,198.199219,9.8525
2025.1.23,12,228.990517,6.473925
2025.1.23,13,226.370659,5.823899
2025.1.23,14,218.452526,4.139056
2025.1.23,15,178.377746,11.719135
2025.1.23,16,137.925248,7.672744
2025.1.23,17,69.994818,5.166916
2025.1.23,18,13.499844,6.603874
2025.1.23,19,1.876648,3.85838
2025.1.23,20,3.034824,2.146836
2025.1.23,21,2.853092,1.40626
2025.1.23,22,1.796724,0.552564
2025.1.23,23,0.125168,0.271368
2025.1.23,24,0.000352,0.801874
2025.1.24,1,0.000272,3.977556
2025.1.24,2,0.00024,5.68967
2025.1.24,3,0.00032,10.394176
2025.1.24,4,0.000296,19.92638
2025.1.24,5,0.00028,25.212779
2025.1.24,6,0.00028,24.105651
2025.1.24,7,0.000248,24.477822
2025.1.24,8,0.897476,23.364753
2025.1.24,9,29.427746,30.980113
2025.1.24,10,85.45594,38.602718
2025.1.24,11,140.086541,42.197509
2025.1.24,12,182.615194,40.512844
2025.1.24,13,186.551846,39.395634
2025.1.24,14,187.327999,48.861292
2025.1.24,15,150.979135,57.437627
2025.1.24,16,87.598689,48.197421
2025.1.24,17,42.62626,42.248523
2025.1.24,18,14.609717,42.814591
2025.1.24,19,2.124467,43.852515
2025.1.24,20,3.233348,26.05632
2025.1.24,21,2.38376,22.719613
2025.1.24,22,0.734244,33.210686
2025.1.24,23,0.141004,42.656467
2025.1.24,24,0.000288,43.158302
2025.1.25,1,0.000256,43.368184
2025.1.25,2,0.00024,19.027664
2025.1.25,3,0.000336,17.460363
2025.1.25,4,0.000352,19.161663
2025.1.25,5,0.000336,28.235607
2025.1.25,6,0.000352,42.896966
2025.1.25,7,0.00036,67.125019
2025.1.25,8,1.101217,67.148787
2025.1.25,9,35.684337,59.473608
2025.1.25,10,130.602124,72.749973
2025.1.25,11,210.257087,83.39748
2025.1.25,12,240.150528,87.324514
2025.1.25,13,194.271129,84.674329
2025.1.25,14,128.747245,91.304194
2025.1.25,15,103.939272,95.437087
2025.1.25,16,88.996011,95.082106
2025.1.25,17,48.043175,96.76046
2025.1.25,18,10.27392,95.561769
2025.1.25,19,2.083981,95.761636
2025.1.25,20,3.275744,95.294893
2025.1.25,21,2.9335,93.631988
2025.1.25,22,2.004344,86.782037
2025.1.25,23,0.537572,70.1662
2025.1.25,24,0.015568,57.448335
2025.1.26,1,0.00044,74.530143
2025.1.26,2,0.000536,74.804645
2025.1.26,3,0.000288,67.101815
2025.1.26,4,0.000288,68.934913
2025.1.26,5,0.000344,57.288119
2025.1.26,6,0.000264,55.262604
2025.1.26,7,0.000392,56.534645
2025.1.26,8,0.997689,48.047451
2025.1.26,9,18.553008,43.09774
2025.1.26,10,45.745569,30.884541
2025.1.26,11,71.353345,28.605526
2025.1.26,12,74.005256,47.346002
2025.1.26,13,82.866776,44.645018
2025.1.26,14,88.14268,74.820892
2025.1.26,15,58.413649,58.667269
2025.1.26,16,34.583678,63.02266
2025.1.26,17,25.469712,53.217491
2025.1.26,18,6.055494,34.468581
2025.1.26,19,1.770138,35.308367
2025.1.26,20,1.156524,32.61761
2025.1.26,21,0.257524,27.429695
2025.1.26,22,0.003964,14.748973
2025.1.26,23,0.000376,0.730176
2025.1.26,24,0.000376,19.222086
2025.1.27,1,0.0004,12.336399
2025.1.27,2,0.000384,3.339644
2025.1.27,3,0.000392,21.349311
2025.1.27,4,0.000416,61.062941
2025.1.27,5,0.000416,57.042005
2025.1.27,6,0.0004,38.445515
2025.1.27,7,0.000384,68.69555
2025.1.27,8,0.056741,88.883286
2025.1.27,9,5.860644,91.493235
2025.1.27,10,38.17302,90.680574
2025.1.27,11,46.371053,90.755853
2025.1.27,12,70.62138,90.752726
2025.1.27,13,111.299653,78.752247
2025.1.27,14,126.921968,33.049529
2025.1.27,15,78.546278,81.54041
2025.1.27,16,52.592357,87.914677
2025.1.27,17,26.106434,83.609153
2025.1.27,18,5.609576,82.367011
2025.1.27,19,1.656133,90.111241
2025.1.27,20,1.412448,88.840224
2025.1.27,21,0.256788,86.727841
2025.1.27,22,0.000416,86.604716
2025.1.27,23,0.000448,89.513062
2025.1.27,24,0.00044,80.554884
2025.1.28,1,0.000432,87.38517
2025.1.28,2,0.000352,87.529229
2025.1.28,3,0.000224,89.549192
2025.1.28,4,0.000216,91.419248
2025.1.28,5,0.000136,89.353511
2025.1.28,6,0.000128,89.687172
2025.1.28,7,0.000208,90.64267
2025.1.28,8,0.010283,89.870114
2025.1.28,9,1.341613,88.908987
2025.1.28,10,10.877639,90.133626
2025.1.28,11,33.290738,90.083085
2025.1.28,12,54.427882,86.109788
2025.1.28,13,69.460723,88.628221
2025.1.28,14,102.75007,86.807622
2025.1.28,15,63.666552,87.927024
2025.1.28,16,43.59918,83.623328
2025.1.28,17,18.341171,86.20126
2025.1.28,18,3.36878,84.50936
2025.1.28,19,1.068515,85.528132
2025.1.28,20,1.11432,87.174076
2025.1.28,21,0.536028,86.43188
2025.1.28,22,0.000304,87.239092
2025.1.28,23,0.000488,86.824576
2025.1.28,24,0.000568,85.335276
2025.1.29,1,0.000536,81.726504
2025.1.29,2,0.000408,86.700728
2025.1.29,3,0.000152,86.85976
2025.1.29,4,0.000112,85.181304
2025.1.29,5,0.00012,86.574232
2025.1.29,6,0.000112,83.461256
2025.1.29,7,0.000128,84.016876
2025.1.29,8,0.077993,77.181976
2025.1.29,9,7.112756,77.900024
2025.1.29,10,29.206414,74.966409
2025.1.29,11,72.143966,73.338301
2025.1.29,12,111.432155,74.110621
2025.1.29,13,127.510999,76.085242
2025.1.29,14,130.638979,79.690112
2025.1.29,15,106.175353,81.837247
2025.1.29,16,101.577147,81.296381
2025.1.29,17,54.00725,78.59078
2025.1.29,18,11.71152,71.066203
2025.1.29,19,1.72731,68.436198
2025.1.29,20,1.67302,55.294721
2025.1.29,21,0.359712,41.249429
2025.1.29,22,0.000408,30.756988
2025.1.29,23,0.000392,23.347769
2025.1.29,24,0.000344,12.62542
2025.1.30,1,0.000408,4.975138
2025.1.30,2,0.00036,1.064066
2025.1.30,3,0.000152,0.770253
2025.1.30,4,0.000152,0.162199
2025.1.30,5,0.000144,0.152061
2025.1.30,6,0.000144,0.324126
2025.1.30,7,0.00016,0.261395
2025.1.30,8,1.121765,0.116943
2025.1.30,9,40.831813,0.850876
2025.1.30,10,130.08943,1.439229
2025.1.30,11,188.401869,0.014461
2025.1.30,12,220.700245,0.01692
2025.1.30,13,224.939983,0.0189
2025.1.30,14,240.601581,0.01764
2025.1.30,15,191.997782,0.048799
2025.1.30,16,149.883711,0.01224
2025.1.30,17,91.562663,0.011285
2025.1.30,18,20.95858,0
2025.1.30,19,2.265493,0
2025.1.30,20,3.318172,0.013139
2025.1.30,21,3.24656,0.203242
2025.1.30,22,2.345856,1.27356
2025.1.30,23,0.492712,4.302603
2025.1.30,24,0.015692,3.080495
2025.1.31,1,0.000256,5.889278
2025.1.31,2,0.0005,6.679666
2025.1.31,3,0.000336,5.014422
2025.1.31,4,0.000264,6.611109
2025.1.31,5,0.000248,6.579964
2025.1.31,6,0.000256,13.164513
2025.1.31,7,0.00034,14.850115
2025.1.31,8,0.773638,5.972041
2025.1.31,9,12.245781,8.33159
2025.1.31,10,21.443471,13.211266
2025.1.31,11,68.791756,18.27693
2025.1.31,12,147.077838,33.036548
2025.1.31,13,118.610277,39.390356
2025.1.31,14,105.049128,49.1831
2025.1.31,15,58.308497,53.841132
2025.1.31,16,30.280983,17.333387
2025.1.31,17,13.275761,11.882735
2025.1.31,18,4.004844,3.518296
2025.1.31,19,1.994874,6.388503
2025.1.31,20,1.526648,16.579489
2025.1.31,21,0.855648,11.090506
2025.1.31,22,0.61664,3.810901
2025.1.31,23,0.008056,5.459413
2025.1.31,24,0.000376,6.074658
2025.2.1,1,0.000392,4.68953
2025.2.1,2,0.0004,4.505411
2025.2.1,3,0.000376,3.128585
2025.2.1,4,0.000384,6.066104
2025.2.1,5,0.000352,17.5559
2025.2.1,6,0.000368,59.326663
2025.2.1,7,0.00252,84.296652
2025.2.1,8,0.00713,90.597515
2025.2.1,9,0.527974,91.421942
2025.2.1,10,3.495172,29.471316
2025.2.1,11,7.623768,9.594774
2025.2.1,12,10.654627,26.908476
2025.2.1,13,16.789318,77.635439
2025.2.1,14,32.657166,83.163953
2025.2.1,15,33.030932,84.968943
2025.2.1,16,20.04834,82.700325
2025.2.1,17,9.539762,83.593317
2025.2.1,18,2.370525,83.563156
2025.2.1,19,0.036558,81.989626
2025.2.1,20,0.133928,82.231067
2025.2.1,21,0.000392,79.455475
2025.2.1,22,0.000376,61.781182
2025.2.1,23,0.0004,33.177169
2025.2.1,24,0.0004,30.365385
2025.2.2,1,0.000312,33.538441
2025.2.2,2,0.000248,29.557058
2025.2.2,3,0.000232,38.195384
2025.2.2,4,0.00024,38.873652
2025.2.2,5,0.000264,35.342078
2025.2.2,6,0.000256,38.678498
2025.2.2,7,0.00342,36.75373
2025.2.2,8,1.329127,31.649974
2025.2.2,9,32.925356,33.778831
2025.2.2,10,79.540044,38.519128
2025.2.2,11,148.055468,23.773571
2025.2.2,12,207.447263,15.438296
2025.2.2,13,265.495643,13.907853
2025.2.2,14,266.416995,13.451366
2025.2.2,15,206.133839,15.685669
2025.2.2,16,107.273191,20.624424
2025.2.2,17,38.22208,10.784972
2025.2.2,18,9.787092,20.492712
2025.2.2,19,2.090948,55.155954
2025.2.2,20,3.276648,50.822121
2025.2.2,21,3.04984,53.14771
2025.2.2,22,2.000332,59.722545
2025.2.2,23,0.337532,43.763614
2025.2.2,24,0.00694,52.004549
2025.2.3,1,0.000192,64.663009
2025.2.3,2,0.000668,57.943751
2025.2.3,3,0.000248,59.269659
2025.2.3,4,0.00032,77.851847
2025.2.3,5,0.000248,83.209
2025.2.3,6,0.00024,84.697757
2025.2.3,7,0.00252,84.724538
2025.2.3,8,0.642849,84.988384
2025.2.3,9,21.814994,83.319513
2025.2.3,10,72.316064,84.627552
2025.2.3,11,135.9893,84.079623
2025.2.3,12,195.383594,83.745981
2025.2.3,13,187.881825,83.505543
2025.2.3,14,147.862994,84.455633
2025.2.3,15,124.835233,83.215034
2025.2.3,16,79.546469,82.33486
2025.2.3,17,37.29405,80.88974
2025.2.3,18,10.51759,82.064628
2025.2.3,19,2.188795,83.470856
2025.2.3,20,2.881068,83.394695
2025.2.3,21,1.637592,82.285917
2025.2.3,22,0.49758,83.435922
2025.2.3,23,0.078856,84.216995
2025.2.3,24,0.000432,84.26431
2025.2.4,1,0.000352,84.014477
2025.2.4,2,0.000344,83.952574
2025.2.4,3,0.000504,83.03042
2025.2.4,4,0.00036,81.440563
2025.2.4,5,0.00036,81.045492
2025.2.4,6,0.000368,80.584636
2025.2.4,7,0.003652,79.356392
2025.2.4,8,0.263263,79.264736
2025.2.4,9,7.877302,80.074104
2025.2.4,10,18.861046,81.232116
2025.2.4,11,29.594,80.423296
2025.2.4,12,77.128396,81.263084
2025.2.4,13,65.965459,80.707344
2025.2.4,14,60.665857,81.827671
2025.2.4,15,76.698584,80.87348
2025.2.4,16,58.5071,76.611788
2025.2.4,17,28.624332,80.949468
2025.2.4,18,7.361002,81.5407
2025.2.4,19,1.681776,81.041112
2025.2.4,20,1.616028,81.335932
2025.2.4,21,0.536816,80.428632
2025.2.4,22,0.04578,79.57218
2025.2.4,23,0.000416,80.681328
2025.2.4,24,0.000392,81.156552
2025.2.5,1,0.000384,78.414864
2025.2.5,2,0.0004,73.345976
2025.2.5,3,0.000416,79.10098
2025.2.5,4,0.000384,73.936144
2025.2.5,5,0.000376,74.370312
2025.2.5,6,0.000352,70.465564
2025.2.5,7,0.004233,76.680368
2025.2.5,8,0.374906,79.94442
2025.2.5,9,11.895217,80.745256
2025.2.5,10,43.498757,80.63324
2025.2.5,11,75.145439,78.11894
2025.2.5,12,109.174088,74.461164
2025.2.5,13,126.286652,77.725204
2025.2.5,14,128.147733,79.284012
2025.2.5,15,131.215631,78.200692
2025.2.5,16,96.114315,79.800148
2025.2.5,17,42.688473,76.336124
2025.2.5,18,3.181302,79.756028
2025.2.5,19,1.932601,78.754264
2025.2.5,20,2.048956,77.219308
2025.2.5,21,0.773196,78.436668
2025.2.5,22,0.018528,64.410496
2025.2.5,23,0.000232,33.936692
2025.2.5,24,0.000216,42.804164
2025.2.6,1,0.000192,66.942672
2025.2.6,2,0.000152,65.169692
2025.2.6,3,0.000216,72.479816
2025.2.6,4,0.000168,62.334324
2025.2.6,5,0.000136,38.047748
2025.2.6,6,0.00012,32.60008
2025.2.6,7,0.004203,25.330412
2025.2.6,8,0.112015,22.237776
2025.2.6,9,1.734813,48.648688
2025.2.6,10,8.417291,45.32532
2025.2.6,11,29.150981,38.876616
2025.2.6,12,59.682412,41.244264
2025.2.6,13,88.459472,31.982584
2025.2.6,14,117.731841,31.504616
2025.2.6,15,90.773956,29.136676
2025.2.6,16,62.705433,29.132396
2025.2.6,17,35.290664,35.277843
2025.2.6,18,10.978765,48.661965
2025.2.6,19,1.978302,39.45204
2025.2.6,20,1.69722,22.255348
2025.2.6,21,0.423412,10.194395
2025.2.6,22,0.007252,3.68415
2025.2.6,23,0.0004,2.323973
2025.2.6,24,0.000408,22.735625
2025.2.7,1,0.000296,59.59022
2025.2.7,2,0.000256,67.094208
2025.2.7,3,0.000232,69.023377
2025.2.7,4,0.000248,67.701408
2025.2.7,5,0.00024,65.70342
2025.2.7,6,0.00024,69.170866
2025.2.7,7,0.004111,72.391754
2025.2.7,8,0.507251,74.78896
2025.2.7,9,9.819571,70.05254
2025.2.7,10,24.839897,71.362799
2025.2.7,11,28.453581,73.592058
2025.2.7,12,35.086759,73.722332
2025.2.7,13,47.26816,70.640172
2025.2.7,14,50.480999,70.615576
2025.2.7,15,46.998519,71.12466
2025.2.7,16,42.727219,69.575336
2025.2.7,17,23.559687,68.332064
2025.2.7,18,6.680807,68.127674
2025.2.7,19,1.267551,69.32147
2025.2.7,20,0.973548,70.5596
2025.2.7,21,0.104076,71.168216
2025.2.7,22,0.000264,72.10544
2025.2.7,23,0.000304,72.095792
2025.2.7,24,0.000352,72.0812
2025.2.8,1,0.00036,72.0888
2025.2.8,2,0.000368,71.272416
2025.2.8,3,0.000392,72.043056
2025.2.8,4,0.000392,72.039848
2025.2.8,5,0.000384,71.790168
2025.2.8,6,0.000392,71.872104
2025.2.8,7,0.00472,71.428376
2025.2.8,8,0.451958,71.999944
2025.2.8,9,9.576531,70.91582
2025.2.8,10,44.010652,72.784496
2025.2.8,11,68.620161,70.78378
2025.2.8,12,70.10364,71.587344
2025.2.8,13,76.352591,72.38214
2025.2.8,14,70.499475,73.808108
2025.2.8,15,60.599685,72.666212
2025.2.8,16,44.086778,70.562992
2025.2.8,17,26.648682,73.136696
2025.2.8,18,7.381706,72.82984
2025.2.8,19,1.775618,70.926476
2025.2.8,20,1.921716,69.5898
2025.2.8,21,0.281708,66.342436
2025.2.8,22,0.010776,56.778352
2025.2.8,23,0.000288,42.911284
2025.2.8,24,0.000272,28.039304
2025.2.9,1,0.000272,22.111328
2025.2.9,2,0.000264,19.038896
2025.2.9,3,0.000272,23.326904
2025.2.9,4,0.000272,28.908688
2025.2.9,5,0.000272,41.187844
2025.2.9,6,0.00028,40.303376
2025.2.9,7,0.004841,47.382988
2025.2.9,8,0.321266,41.547348
2025.2.9,9,12.034705,31.909612
2025.2.9,10,44.897243,40.622444
2025.2.9,11,86.002104,32.102396
2025.2.9,12,96.70823,32.755036
2025.2.9,13,125.8414,38.812236
2025.2.9,14,106.013484,51.242396
2025.2.9,15,93.624897,49.300956
2025.2.9,16,62.081759,48.580996
2025.2.9,17,30.842365,47.790516
2025.2.9,18,10.338556,50.259044
2025.2.9,19,1.949385,41.819988
2025.2.9,20,1.966628,36.09278
2025.2.9,21,0.822056,22.924164
2025.2.9,22,0.233624,21.232844
2025.2.9,23,0.005088,15.857584
2025.2.9,24,0.000664,17.227928
2025.2.10,1,0.000176,21.218212
2025.2.10,2,0.000788,22.789528
2025.2.10,3,0.000184,22.5606
2025.2.10,4,0.00032,28.674312
2025.2.10,5,0.000168,24.1099
2025.2.10,6,0.00032,24.586964
2025.2.10,7,0.003548,17.053104
2025.2.10,8,0.627668,15.386092
2025.2.10,9,16.974581,16.322896
2025.2.10,10,57.664686,17.904576
2025.2.10,11,102.326891,15.211352
2025.2.10,12,150.027065,18.710223
2025.2.10,13,169.660609,25.86254
2025.2.10,14,209.278577,27.125795
2025.2.10,15,229.266038,20.826658
2025.2.10,16,195.745574,21.031661
2025.2.10,17,124.033417,20.935067
2025.2.10,18,34.838841,19.78695
2025.2.10,19,2.594557,17.048955
2025.2.10,20,2.798964,9.682496
2025.2.10,21,1.774164,7.29355
2025.2.10,22,0.492576,4.219287
2025.2.10,23,0.046024,4.352621
2025.2.10,24,0.00044,6.573448
2025.2.11,1,0.000416,7.309021
2025.2.11,2,0.000368,12.382206
2025.2.11,3,0.000416,9.522568
2025.2.11,4,0.00036,9.320608
2025.2.11,5,0.000128,8.657103
2025.2.11,6,0.000112,8.403104
2025.2.11,7,0.006486,10.305572
2025.2.11,8,3.959021,10.612144
2025.2.11,9,59.057544,11.287584
2025.2.11,10,155.520031,8.07454
2025.2.11,11,232.250706,5.308386
2025.2.11,12,281.543549,6.302099
2025.2.11,13,304.970799,12.103912
2025.2.11,14,303.037872,27.187304
2025.2.11,15,274.085171,18.002737
2025.2.11,16,216.951478,5.324475
2025.2.11,17,129.423813,7.186238
2025.2.11,18,32.998595,6.057515
2025.2.11,19,2.539517,4.686112
2025.2.11,20,3.315644,34.993868
2025.2.11,21,3.250472,42.273918
2025.2.11,22,2.339096,8.851419
2025.2.11,23,0.596588,5.036493
2025.2.11,24,0.015292,11.587808
2025.2.12,1,0.000256,4.958989
2025.2.12,2,0.000456,1.548413
2025.2.12,3,0.00032,3.284082
2025.2.12,4,0.00032,6.565732
2025.2.12,5,0.000416,17.92224
2025.2.12,6,0.000752,74.611008
2025.2.12,7,0.002145,79.807812
2025.2.12,8,0.42498,85.34436
2025.2.12,9,8.002851,82.98018
2025.2.12,10,52.816477,74.121524
2025.2.12,11,91.044482,55.331028
2025.2.12,12,79.985306,74.646272
2025.2.12,13,99.358771,78.62914
2025.2.12,14,95.031598,83.145968
2025.2.12,15,80.95714,75.4685
2025.2.12,16,51.815112,85.983008
2025.2.12,17,28.395188,90.337248
2025.2.12,18,4.837001,92.996036
2025.2.12,19,0.676525,93.193956
2025.2.12,20,0.695544,93.96792
2025.2.12,21,0.299028,92.946792
2025.2.12,22,0.111296,92.04836
2025.2.12,23,0.00032,91.400648
2025.2.12,24,0.000312,91.248696
2025.2.13,1,0.000272,91.24938
2025.2.13,2,0.000272,92.398336
2025.2.13,3,0.000264,93.187864
2025.2.13,4,0.000264,92.642976
2025.2.13,5,0.000264,92.587324
2025.2.13,6,0.000256,91.735316
2025.2.13,7,0.005912,88.014652
2025.2.13,8,4.707902,68.731828
2025.2.13,9,62.821108,51.748284
2025.2.13,10,156.935353,39.912056
2025.2.13,11,225.629249,34.098043
2025.2.13,12,288.250799,20.378968
2025.2.13,13,317.831565,7.347335
2025.2.13,14,283.54026,4.460706
2025.2.13,15,259.251941,6.636017
2025.2.13,16,231.058738,17.374503
2025.2.13,17,143.461908,21.229471
2025.2.13,18,43.454022,21.186109
2025.2.13,19,3.069512,22.977873
2025.2.13,20,3.159232,20.0896
2025.2.13,21,3.108212,19.073189
2025.2.13,22,2.373928,16.874323
2025.2.13,23,0.504744,15.414764
2025.2.13,24,0.015928,16.274778
2025.2.14,1,0.0004,14.654739
2025.2.14,2,0.000488,12.425148
2025.2.14,3,0.000428,11.464475
2025.2.14,4,0.0004,14.613254
2025.2.14,5,0.000472,9.905862
2025.2.14,6,0.00082,7.710532
2025.2.14,7,0.006776,2.593105
2025.2.14,8,4.954787,1.433259
2025.2.14,9,68.125516,1.993066
2025.2.14,10,167.571579,0.443393
2025.2.14,11,232.884569,0.140857
2025.2.14,12,248.738693,0.122309
2025.2.14,13,266.87347,0.451738
2025.2.14,14,203.240165,0.561907
2025.2.14,15,140.518017,0.432676
2025.2.14,16,70.657501,0.723373
2025.2.14,17,39.163517,0.383597
2025.2.14,18,15.804924,0.283761
2025.2.14,19,2.412304,0.068657
2025.2.14,20,3.297516,0.405109
2025.2.14,21,2.965832,4.350832
2025.2.14,22,1.62154,0.201112
2025.2.14,23,0.213376,0.194517
2025.2.14,24,0.000384,0.088194
2025.2.15,1,0.000384,0.043048
2025.2.15,2,0.00032,0.015781
2025.2.15,3,0.000376,0.022633
2025.2.15,4,0.000408,0.003073
2025.2.15,5,0.000416,0
2025.2.15,6,0.000376,0
2025.2.15,7,0.044258,0.000241
2025.2.15,8,0.653476,0
2025.2.15,9,5.246619,0
2025.2.15,10,10.134748,0
2025.2.15,11,23.418318,0
2025.2.15,12,38.914573,0.00162
2025.2.15,13,51.523866,2.662572
2025.2.15,14,36.642134,6.366688
2025.2.15,15,21.301884,3.471052
2025.2.15,16,6.113541,2.522636
2025.2.15,17,2.890512,0.825888
2025.2.15,18,1.101775,0.732032
2025.2.15,19,0.09203,0.922656
2025.2.15,20,0.35716,0
2025.2.15,21,0.000368,0.000896
2025.2.15,22,0.000368,0
2025.2.15,23,0.00036,0.00072
2025.2.15,24,0.000336,0.004268
2025.2.16,1,0.00036,0.00072
2025.2.16,2,0.000392,0.033917
2025.2.16,3,0.000384,0.003884
2025.2.16,4,0.000368,0.809149
2025.2.16,5,0.000376,10.000499
2025.2.16,6,0.000392,18.498646
2025.2.16,7,0.005175,12.571717
2025.2.16,8,3.202079,7.986359
2025.2.16,9,43.026331,0.647673
2025.2.16,10,158.248363,0.291777
2025.2.16,11,191.154249,0.977102
2025.2.16,12,242.543015,1.076366
2025.2.16,13,245.502615,3.718915
2025.2.16,14,284.04627,3.96905
2025.2.16,15,263.692825,5.977918
2025.2.16,16,198.825092,14.735925
2025.2.16,17,115.023389,17.542096
2025.2.16,18,32.763551,21.663233
2025.2.16,19,2.993808,29.280353
2025.2.16,20,3.28262,35.497229
2025.2.16,21,3.18102,58.960085
2025.2.16,22,2.176904,72.870832
2025.2.16,23,0.358824,79.139557
2025.2.16,24,0.01122,85.297105
2025.2.17,1,0.000248,83.794767
2025.2.17,2,0.000616,97.476757
2025.2.17,3,0.000232,101.044078
2025.2.17,4,0.000304,99.953527
2025.2.17,5,0.0002,101.408062
2025.2.17,6,0.000276,101.185509
2025.2.17,7,0.008906,98.963413
2025.2.17,8,6.240633,101.079332
2025.2.17,9,79.603272,100.791304
2025.2.17,10,182.657414,99.166787
2025.2.17,11,241.808173,88.758025
2025.2.17,12,265.518782,83.580852
2025.2.17,13,263.599501,81.774092
2025.2.17,14,265.355485,89.871168
2025.2.17,15,228.732743,64.018427
2025.2.17,16,165.11086,95.853695
2025.2.17,17,57.101894,96.578319
2025.2.17,18,17.353242,93.865737
2025.2.17,19,2.52289,95.550951
2025.2.17,20,3.060984,95.410724
2025.2.17,21,3.043344,91.600267
2025.2.17,22,2.210008,89.785255
2025.2.17,23,0.401368,86.34139
2025.2.17,24,0.017264,88.868808
2025.2.18,1,0.000256,90.884044
2025.2.18,2,0.000876,89.934928
2025.2.18,3,0.000504,94.766603
2025.2.18,4,0.000392,96.312211
2025.2.18,5,0.0004,95.132765
2025.2.18,6,0.000384,98.278009
2025.2.18,7,0.005494,95.824272
2025.2.18,8,1.433925,94.933505
2025.2.18,9,29.681008,88.725848
2025.2.18,10,79.779145,89.43727
2025.2.18,11,142.818883,78.437631
2025.2.18,12,208.591861,79.558807
2025.2.18,13,276.233734,60.911613
2025.2.18,14,268.922162,9.684373
2025.2.18,15,263.231139,13.50463
2025.2.18,16,196.833282,75.675328
2025.2.18,17,113.508368,79.959383
2025.2.18,18,35.869193,71.154676
2025.2.18,19,3.244565,80.733448
2025.2.18,20,3.265316,90.391984
2025.2.18,21,3.022696,85.706952
2025.2.18,22,2.124724,85.061084
2025.2.18,23,0.446324,77.550108
2025.2.18,24,0.016928,71.782741
2025.2.19,1,0.000408,79.860634
2025.2.19,2,0.00116,84.387239
2025.2.19,3,0.00046,77.930248
2025.2.19,4,0.0007,86.986229
2025.2.19,5,0.000488,89.444821
2025.2.19,6,0.000368,81.480338
2025.2.19,7,0.005228,83.459473
2025.2.19,8,2.079018,86.586479
2025.2.19,9,24.148355,85.077121
2025.2.19,10,75.223974,86.037396
2025.2.19,11,135.640639,86.214598
2025.2.19,12,197.199337,80.144814
2025.2.19,13,255.623012,58.916894
2025.2.19,14,253.268767,9.950689
2025.2.19,15,221.702395,41.401951
2025.2.19,16,184.421402,86.883598
2025.2.19,17,124.800984,86.935548
2025.2.19,18,39.548229,89.328763
2025.2.19,19,3.430747,88.714529
2025.2.19,20,3.310096,86.050313
2025.2.19,21,3.22134,73.321536
2025.2.19,22,1.9537,64.83308
2025.2.19,23,0.446668,58.656793
2025.2.19,24,0.01708,57.805268
2025.2.20,1,0.000344,57.357365
2025.2.20,2,0.00084,59.63327
2025.2.20,3,0.000388,45.391247
2025.2.20,4,0.000568,55.906628
2025.2.20,5,0.000504,69.458535
2025.2.20,6,0.00038,54.423872
2025.2.20,7,0.005652,49.879888
2025.2.20,8,4.457518,42.683068
2025.2.20,9,47.573187,44.734024
2025.2.20,10,92.482278,49.887156
2025.2.20,11,152.197235,47.860139
2025.2.20,12,233.245756,43.453525
2025.2.20,13,287.841618,47.591405
2025.2.20,14,288.389184,44.202106
2025.2.20,15,263.867073,59.113074
2025.2.20,16,196.465746,69.637641
2025.2.20,17,100.515168,79.015065
2025.2.20,18,31.688813,87.322083
2025.2.20,19,3.102152,91.132227
2025.2.20,20,3.304588,85.442509
2025.2.20,21,3.170564,78.62209
2025.2.20,22,2.057456,85.279801
2025.2.20,23,0.371196,82.755605
2025.2.20,24,0.016072,78.511893
2025.2.21,1,0.00028,60.68088
2025.2.21,2,0.00084,64.632178
2025.2.21,3,0.000388,70.314793
2025.2.21,4,0.000528,74.929189
2025.2.21,5,0.000512,75.048916
2025.2.21,6,0.000328,83.628887
2025.2.21,7,0.007608,79.399733
2025.2.21,8,4.073021,53.444568
2025.2.21,9,40.903424,41.511249
2025.2.21,10,112.253738,44.31536
2025.2.21,11,204.158191,42.077353
2025.2.21,12,241.867584,58.51757
2025.2.21,13,284.919489,48.421488
2025.2.21,14,279.354306,53.359687
2025.2.21,15,256.027056,12.335539
2025.2.21,16,205.569127,49.658116
2025.2.21,17,120.438343,71.837256
2025.2.21,18,42.207609,79.614908
2025.2.21,19,3.897477,69.818215
2025.2.21,20,3.292084,66.757057
2025.2.21,21,3.003488,57.894351
2025.2.21,22,1.820256,50.745062
2025.2.21,23,0.439328,33.548045
2025.2.21,24,0.016804,27.539991
2025.2.22,1,0.00036,33.281636
2025.2.22,2,0.000844,41.379115
2025.2.22,3,0.0004,33.58754
2025.2.22,4,0.00058,36.359733
2025.2.22,5,0.000432,38.491198
2025.2.22,6,0.000436,35.857013
2025.2.22,7,0.007276,31.587665
2025.2.22,8,7.614377,34.185641
2025.2.22,9,49.867557,35.302473
2025.2.22,10,94.024544,40.183431
2025.2.22,11,121.438736,46.545877
2025.2.22,12,132.226164,40.107798
2025.2.22,13,156.132092,39.83971
2025.2.22,14,156.949441,41.354613
2025.2.22,15,144.517673,43.59166
2025.2.22,16,114.472118,43.192798
2025.2.22,17,71.653594,43.316967
2025.2.22,18,31.590532,49.95416
2025.2.22,19,3.505855,53.582239
2025.2.22,20,3.168972,49.337142
2025.2.22,21,1.730552,49.755069
2025.2.22,22,0.459692,54.821874
2025.2.22,23,0.064152,60.823815
2025.2.22,24,0.000328,65.069245
2025.2.23,1,0.000328,62.778664
2025.2.23,2,0.000404,69.203853
2025.2.23,3,0.000344,68.624491
2025.2.23,4,0.000112,71.799425
2025.2.23,5,3.20E-05,76.152413
2025.2.23,6,7.20E-05,85.213988
2025.2.23,7,0.004829,75.220086
2025.2.23,8,1.788211,82.775123
2025.2.23,9,27.067441,70.775581
2025.2.23,10,80.724581,61.422986
2025.2.23,11,84.097701,78.585092
2025.2.23,12,94.410276,83.504798
2025.2.23,13,135.099446,83.88733
2025.2.23,14,150.663166,68.886901
2025.2.23,15,132.389418,85.870809
2025.2.23,16,84.951614,90.006892
2025.2.23,17,40.568693,94.382721
2025.2.23,18,22.059867,89.956156
2025.2.23,19,2.558656,95.424405
2025.2.23,20,2.652248,94.863597
2025.2.23,21,1.709196,88.017274
2025.2.23,22,0.44382,80.045252
2025.2.23,23,0.060956,93.4605
2025.2.23,24,0.000208,93.213936
2025.2.24,1,0.000192,92.860408
2025.2.24,2,0.000168,90.740688
2025.2.24,3,0.000316,91.860908
2025.2.24,4,0.000208,92.606772
2025.2.24,5,0.000208,87.979308
2025.2.24,6,0.0002,84.915504
2025.2.24,7,0.004907,82.69996
2025.2.24,8,2.508207,79.916692
2025.2.24,9,27.174672,77.492896
2025.2.24,10,68.937775,73.060431
2025.2.24,11,129.412146,71.51834
2025.2.24,12,170.564089,65.776243
2025.2.24,13,207.157645,59.549619
2025.2.24,14,256.186319,49.026314
2025.2.24,15,256.580321,49.732278
2025.2.24,16,213.54871,46.866271
2025.2.24,17,141.317402,44.92289
2025.2.24,18,52.83961,47.541398
2025.2.24,19,4.237617,52.523534
2025.2.24,20,2.810608,49.51958
2025.2.24,21,1.791476,40.521421
2025.2.24,22,0.714472,39.448378
2025.2.24,23,0.097648,21.626819
2025.2.24,24,0.000368,12.957455
2025.2.25,1,0.000344,14.06523
2025.2.25,2,0.000288,10.17805
2025.2.25,3,0.000344,8.65734
2025.2.25,4,0.000368,5.414401
2025.2.25,5,0.000368,3.600917
2025.2.25,6,0.000352,0.949292
2025.2.25,7,0.012777,1.144601
2025.2.25,8,10.920356,1.349973
2025.2.25,9,86.725585,1.131724
2025.2.25,10,171.298618,0.915843
2025.2.25,11,228.882768,1.362861
2025.2.25,12,187.528872,2.338223
2025.2.25,13,153.134971,3.332627
2025.2.25,14,154.003094,4.764962
2025.2.25,15,140.941389,4.07332
2025.2.25,16,70.127818,4.443289
2025.2.25,17,39.80326,7.038679
2025.2.25,18,12.837807,8.472784
2025.2.25,19,2.393479,15.511874
2025.2.25,20,3.070596,18.595291
2025.2.25,21,1.955736,19.480017
2025.2.25,22,0.914688,19.847314
2025.2.25,23,0.016776,19.893752
2025.2.25,24,0,24.805654
2025.2.26,1,0,29.351864
2025.2.26,2,0,41.75163
2025.2.26,3,0,42.53909
2025.2.26,4,0,42.492704
2025.2.26,5,0.000108,30.276899
2025.2.26,6,0,23.45817
2025.2.26,7,0.011527,26.959143
2025.2.26,8,10.360347,21.113576
2025.2.26,9,72.320985,18.082765
2025.2.26,10,159.516714,11.330233
2025.2.26,11,235.889057,8.823942
2025.2.26,12,289.834143,7.057073
2025.2.26,13,292.333393,3.903603
2025.2.26,14,271.670931,3.821859
2025.2.26,15,240.038968,4.268814
2025.2.26,16,199.833411,6.648657
2025.2.26,17,116.567965,5.811603
2025.2.26,18,40.40861,2.468023
2025.2.26,19,4.511398,1.577873
2025.2.26,20,3.317848,1.305844
2025.2.26,21,3.277024,1.166972
2025.2.26,22,2.31464,1.342078
2025.2.26,23,0.38496,1.389282
2025.2.26,24,0.015056,1.508035
2025.2.27,1,0.000104,0.840249
2025.2.27,2,0.000404,0.338298
2025.2.27,3,0.000116,0.190616
2025.2.27,4,9.60E-05,0.102853
2025.2.27,5,8.80E-05,0.015524
2025.2.27,6,0.000332,0.00522
2025.2.27,7,0.011057,0.573256
2025.2.27,8,14.205907,5.79848
2025.2.27,9,65.474279,10.381596
2025.2.27,10,71.810168,9.182816
2025.2.27,11,88.652156,4.717201
2025.2.27,12,97.908541,1.267467
2025.2.27,13,85.751923,2.478874
2025.2.27,14,60.155851,7.369829
2025.2.27,15,38.266576,8.407315
2025.2.27,16,30.090388,9.228551
2025.2.27,17,14.501056,5.605474
2025.2.27,18,5.886378,4.546533
2025.2.27,19,0.728867,1.242553
2025.2.27,20,0.895864,1.692131
2025.2.27,21,0.459524,1.968261
2025.2.27,22,0.021288,1.7122
2025.2.27,23,0.000192,1.426233
2025.2.27,24,0.00024,0.591903
2025.2.28,1,0.00028,1.686305
2025.2.28,2,0.00028,1.46668
2025.2.28,3,0.000328,1.365966
2025.2.28,4,0.00036,0.427037
2025.2.28,5,0.00036,0.06102
2025.2.28,6,0.000328,0.0135
2025.2.28,7,0.004524,0.05796
2025.2.28,8,3.057275,2.959788
2025.2.28,9,25.21683,1.982872
2025.2.28,10,65.726933,0
2025.2.28,11,130.668847,0.145579
2025.2.28,12,183.167725,0.466188
2025.2.28,13,180.455045,1.407417
2025.2.28,14,129.680956,0.964283
2025.2.28,15,103.621954,0.051815
2025.2.28,16,104.985939,0
2025.2.28,17,71.333239,0.0108
2025.2.28,18,32.756024,0.351504
2025.2.28,19,3.218425,0.495504
2025.2.28,20,3.134968,0.105792
2025.2.28,21,2.973696,0.563701
2025.2.28,22,1.902652,0.258404
2025.2.28,23,0.509672,0.469793
2025.2.28,24,0.015272,0.527109
2025.3.1,1,8.00E-05,0.369148
2025.3.1,2,0.000424,0.475699
2025.3.1,3,9.20E-05,0.257153
2025.3.1,4,8.00E-05,0.015427
2025.3.1,5,8.00E-05,0.000482
2025.3.1,6,0.000296,0.04248
2025.3.1,7,0.002626,0.1611
2025.3.1,8,0.90175,0.344006
2025.3.1,9,11.709357,0.420894
2025.3.1,10,29.21225,1.658861
2025.3.1,11,60.568485,5.164959
2025.3.1,12,73.653834,5.295052
2025.3.1,13,42.205968,5.136506
2025.3.1,14,33.145946,3.604719
2025.3.1,15,37.496748,3.907128
2025.3.1,16,35.973843,4.689541
2025.3.1,17,17.167771,5.134983
2025.3.1,18,9.799362,3.743933
2025.3.1,19,0.91456,2.421937
2025.3.1,20,0.175276,1.396797
2025.3.1,21,0.000336,2.02856
2025.3.1,22,0.000368,1.749256
2025.3.1,23,0.000376,1.322913
2025.3.1,24,0.00036,1.603024
2025.3.2,1,0.000312,1.366913
2025.3.2,2,0.000368,1.40094
2025.3.2,3,0.000376,1.546414
2025.3.2,4,0.00032,1.608574
2025.3.2,5,0.000312,0.921918
2025.3.2,6,0.000312,0.69624
2025.3.2,7,0.00922,0.722122
2025.3.2,8,6.879775,0.50101
2025.3.2,9,30.072693,0.36108
2025.3.2,10,65.021412,0.3393
2025.3.2,11,89.37053,0.43855
2025.3.2,12,54.851139,1.288324
2025.3.2,13,47.726869,1.812193
2025.3.2,14,51.277333,1.881869
2025.3.2,15,44.231227,1.075143
2025.3.2,16,31.550944,0.956655
2025.3.2,17,12.05959,1.319595
2025.3.2,18,4.914435,2.55347
2025.3.2,19,0.29511,3.078673
2025.3.2,20,0.122584,3.673666
2025.3.2,21,0.000248,3.701826
2025.3.2,22,0.000248,3.748733
2025.3.2,23,0.000264,6.965759
2025.3.2,24,0.000256,8.055419
2025.3.3,1,0.000264,6.733616
2025.3.3,2,0.00024,6.823591
2025.3.3,3,0.000264,7.025111
2025.3.3,4,0.000264,4.174808
2025.3.3,5,0.000272,5.77073
2025.3.3,6,0.00028,5.84888
2025.3.3,7,0.002505,6.432392
2025.3.3,8,0.29432,6.613852
2025.3.3,9,3.219791,7.028968
2025.3.3,10,8.136434,8.64781
2025.3.3,11,17.441839,9.276509
2025.3.3,12,48.864358,5.927898
2025.3.3,13,49.339758,3.98208
2025.3.3,14,42.090806,3.34608
2025.3.3,15,17.813001,2.97324
2025.3.3,16,38.309289,2.91918
2025.3.3,17,21.78143,5.00172
2025.3.3,18,5.618165,4.77612
2025.3.3,19,0.501232,4.68528
2025.3.3,20,0.230128,4.39272
2025.3.3,21,0.003828,5.87826
2025.3.3,22,0.000248,5.77026
2025.3.3,23,0.000264,6.10038
2025.3.3,24,0.00024,5.88186
2025.3.4,1,0.000256,5.90346
2025.3.4,2,0.000216,4.71618
2025.3.4,3,0.000248,5.13072
2025.3.4,4,0.000248,6.1101
2025.3.4,5,0.000272,6.46722
2025.3.4,6,0.000272,5.5134
2025.3.4,7,0.004902,6.10596
2025.3.4,8,2.018677,5.6403
2025.3.4,9,6.85566,5.43744
2025.3.4,10,16.454928,4.97682
2025.3.4,11,21.076637,5.35338
2025.3.4,12,27.232355,5.63004
2025.3.4,13,76.070289,5.93748
2025.3.4,14,81.52907,6.37488
2025.3.4,15,44.02694,6.066
2025.3.4,16,37.812416,5.52276
2025.3.4,17,33.707344,5.95848
2025.3.4,18,14.828381,7.332179
2025.3.4,19,1.813299,5.45172
2025.3.4,20,0.99504,4.94766
2025.3.4,21,0.495356,5.9586
2025.3.4,22,0.001224,5.31222
2025.3.4,23,0.00036,1.9221
2025.3.4,24,0.000304,1.21086
2025.3.5,1,0.000312,2.5305
2025.3.5,2,0.000304,3.08934
2025.3.5,3,0.000344,3.1125
2025.3.5,4,0.000344,1.7655
2025.3.5,5,0.000344,1.91664
2025.3.5,6,0.000328,1.31736
2025.3.5,7,0.008679,1.13814
2025.3.5,8,3.921855,0.81228
2025.3.5,9,22.924169,0.45588
2025.3.5,10,33.609568,1.0017
2025.3.5,11,62.907269,1.35396
2025.3.5,12,70.996707,0.78906
2025.3.5,13,73.444655,0.66036
2025.3.5,14,53.927118,0.55212
2025.3.5,15,37.349152,0.64062
2025.3.5,16,25.49986,0.5394
2025.3.5,17,11.25026,0.72432
2025.3.5,18,7.51978,1.80294
2025.3.5,19,1.885717,1.4361
2025.3.5,20,1.261112,0.99474
2025.3.5,21,0.718244,1.32726
2025.3.5,22,0.545468,1.37436
2025.3.5,23,0.201,1.92876
2025.3.5,24,0.000328,2.3034
2025.3.6,1,0.000328,2.70384
2025.3.6,2,0.000312,2.12214
2025.3.6,3,0.000328,1.51956
2025.3.6,4,0.000368,1.58658
2025.3.6,5,0.000352,2.07858
2025.3.6,6,0.000336,3.23502
2025.3.6,7,0.010019,3.5634
2025.3.6,8,5.934023,3.27576
2025.3.6,9,20.971498,3.33456
2025.3.6,10,80.225964,3.68028
2025.3.6,11,141.459808,4.3731
2025.3.6,12,224.257357,4.72428
2025.3.6,13,261.475684,4.6785
2025.3.6,14,268.938093,5.07462
2025.3.6,15,221.029717,5.35104
2025.3.6,16,176.274882,4.56276
2025.3.6,17,125.096358,5.27358
2025.3.6,18,47.933603,5.362491
2025.3.6,19,5.836973,6.576348
2025.3.6,20,3.00036,8.704605
2025.3.6,21,2.955916,8.58028
2025.3.6,22,2.038256,7.603122
2025.3.6,23,0.542864,5.405024
2025.3.6,24,0.015912,3.40072
2025.3.7,1,0.000392,2.094444
2025.3.7,2,0.000752,2.409286
2025.3.7,3,0.000384,0.949095
2025.3.7,4,0.000484,0.963319
2025.3.7,5,0.000468,1.387987
2025.3.7,6,0.00036,1.949879
2025.3.7,7,0.021242,1.363642
2025.3.7,8,15.579095,0.82839
2025.3.7,9,84.805614,0.514389
2025.3.7,10,153.176772,0.323809
2025.3.7,11,158.431944,0.24958
2025.3.7,12,178.671203,0.908046
2025.3.7,13,212.917122,1.271267
2025.3.7,14,202.860697,2.062215
2025.3.7,15,143.138126,1.581051
2025.3.7,16,82.222485,1.700465
2025.3.7,17,42.661653,1.378941
2025.3.7,18,16.42601,0.923011
2025.3.7,19,2.860428,0.828174
2025.3.7,20,2.93934,1.112918
2025.3.7,21,2.425412,1.232632
2025.3.7,22,1.837188,0.889252
2025.3.7,23,0.55892,0.853445
2025.3.7,24,0.016364,1.082405
2025.3.8,1,0.000336,1.176276
2025.3.8,2,0.000828,0.747488
2025.3.8,3,0.000388,0.531682
2025.3.8,4,0.00056,0.915497
2025.3.8,5,0.000408,0.705405
2025.3.8,6,0.000336,0.756238
2025.3.8,7,0.005486,0.366071
2025.3.8,8,1.743462,0.112739
2025.3.8,9,19.347822,0.162889
2025.3.8,10,81.921527,0.134363
2025.3.8,11,137.508743,0.04716
2025.3.8,12,103.871067,0.141867
2025.3.8,13,63.186554,0.745726
2025.3.8,14,39.974362,1.602126
2025.3.8,15,44.321883,0.769968
2025.3.8,16,35.014996,0.60246
2025.3.8,17,25.667557,0.85932
2025.3.8,18,19.158791,0.723448
2025.3.8,19,4.173415,0.458222
2025.3.8,20,1.509744,0.52478
2025.3.8,21,0.431388,0.402077
2025.3.8,22,0.000248,0.152411
2025.3.8,23,0.00024,0.04086
2025.3.8,24,0.000272,0.05526
2025.3.9,1,0.000296,0.103988
2025.3.9,2,0.000296,0.339385
2025.3.9,3,0.000328,0.422807
2025.3.9,4,0.0004,0.499541
2025.3.9,5,0.000384,0.345543
2025.3.9,6,0.000392,0.448392
2025.3.9,7,0.058303,1.077709
2025.3.9,8,18.707225,1.269447
2025.3.9,9,89.839528,1.141976
2025.3.9,10,173.702733,1.157346
2025.3.9,11,223.106893,1.201505
2025.3.9,12,243.73755,1.564755
2025.3.9,13,258.759193,1.633359
2025.3.9,14,253.312731,1.38397
2025.3.9,15,228.351873,1.236934
2025.3.9,16,193.117356,1.078967
2025.3.9,17,122.171458,0.644114
2025.3.9,18,47.926968,0.353076
2025.3.9,19,5.343858,0.066854
2025.3.9,20,2.918716,0
2025.3.9,21,2.90488,0
2025.3.9,22,2.106592,0
2025.3.9,23,0.57808,0
2025.3.9,24,0.016916,0
2025.3.10,1,0.000376,0
2025.3.10,2,0.000892,0.044347
2025.3.10,3,0.000456,0.034755
2025.3.10,4,0.000672,0.061944
2025.3.10,5,0.000384,0.16004
2025.3.10,6,0.000512,0.310762
2025.3.10,7,0.024489,0.392062
2025.3.10,8,12.731038,0.391099
2025.3.10,9,45.472585,0.295778
2025.3.10,10,56.89402,0.302788
2025.3.10,11,89.886533,0.565545
2025.3.10,12,56.710363,0.801449
2025.3.10,13,57.699766,0.583995
2025.3.10,14,64.105342,0.404989
2025.3.10,15,46.812723,0.29933
2025.3.10,16,35.589099,1.195752
2025.3.10,17,19.125058,1.96665
2025.3.10,18,16.006898,1.117009
2025.3.10,19,3.105925,1.455382
2025.3.10,20,0.879072,1.205054
2025.3.10,21,0.28072,1.092396
2025.3.10,22,0.000424,1.04908
2025.3.10,23,0.000408,0.784243
2025.3.10,24,0.000384,0.917565
2025.3.11,1,0.000384,0.809927
2025.3.11,2,0.000336,0.202578
2025.3.11,3,0.000384,0.056125
2025.3.11,4,0.000376,0.000241
2025.3.11,5,0.000304,0.05166
2025.3.11,6,0.000232,0.00414
2025.3.11,7,0.011425,0
2025.3.11,8,5.352922,0.488605
2025.3.11,9,27.868614,1.027239
2025.3.11,10,48.171106,1.647967
2025.3.11,11,84.554588,1.350524
2025.3.11,12,137.817678,0.977491
2025.3.11,13,122.105278,0.921069
2025.3.11,14,141.961561,0.586963
2025.3.11,15,202.548706,0.318915
2025.3.11,16,174.112726,0.280962
2025.3.11,17,102.726426,0.146302
2025.3.11,18,41.773651,0.079192
2025.3.11,19,5.832779,0.335924
2025.3.11,20,2.556796,0.180912
2025.3.11,21,1.12128,0
2025.3.11,22,0.660452,0
2025.3.11,23,0.012976,0.00432
2025.3.11,24,0.000432,0
2025.3.12,1,0.000328,0
2025.3.12,2,0.000304,0
2025.3.12,3,0.000264,0
2025.3.12,4,0.000288,0.00198
2025.3.12,5,0.000256,0
2025.3.12,6,0.000248,0
2025.3.12,7,0.10486,0
2025.3.12,8,22.463065,0.00828
2025.3.12,9,49.415691,0.0009
2025.3.12,10,60.65171,0.00054
2025.3.12,11,77.340457,0.00324
2025.3.12,12,63.641091,0
2025.3.12,13,44.265115,0.0351
2025.3.12,14,61.41461,0.00036
2025.3.12,15,56.112276,0.00756
2025.3.12,16,30.788673,0.01374
2025.3.12,17,23.559684,0.052441
2025.3.12,18,24.669301,0.06894
2025.3.12,19,3.192588,0.15606
2025.3.12,20,0.913296,0.664999
2025.3.12,21,0.007944,0.826214
2025.3.12,22,0.000336,1.950869
2025.3.12,23,0.00032,2.448153
2025.3.12,24,0.00032,3.213885
2025.3.13,1,0.00028,4.595364
2025.3.13,2,0.000288,6.091102
2025.3.13,3,0.000312,4.313012
2025.3.13,4,0.000352,3.408648
2025.3.13,5,0.000344,3.231184
2025.3.13,6,0.000336,3.922401
2025.3.13,7,0.008934,4.050781
2025.3.13,8,3.122563,2.874157
2025.3.13,9,20.475044,2.242357
2025.3.13,10,43.391688,1.914914
2025.3.13,11,68.975629,3.592278
2025.3.13,12,70.183755,3.660808
2025.3.13,13,123.616887,2.315428
2025.3.13,14,222.998189,2.723324
2025.3.13,15,165.47754,3.10096
2025.3.13,16,91.265702,2.244978
2025.3.13,17,103.051199,2.312802
2025.3.13,18,43.14639,3.70388
2025.3.13,19,5.204496,3.738674
2025.3.13,20,2.581852,2.350083
2025.3.13,21,1.330644,2.433293
2025.3.13,22,0.172456,1.943502
2025.3.13,23,0.00616,2.170865
2025.3.13,24,0.000348,1.837671
2025.3.14,1,0.000248,1.761078
2025.3.14,2,0.000312,1.206027
2025.3.14,3,0.00028,2.142149
2025.3.14,4,0.00028,4.688293
2025.3.14,5,0.000272,5.14137
2025.3.14,6,0.000272,4.035881
2025.3.14,7,0.012344,4.028815
2025.3.14,8,6.727645,3.019688
2025.3.14,9,34.636547,2.91646
2025.3.14,10,74.871377,3.07371
2025.3.14,11,88.945875,3.31822
2025.3.14,12,233.613573,4.398076
2025.3.14,13,280.23808,6.736036
2025.3.14,14,253.07831,8.719083
2025.3.14,15,212.60247,8.477868
2025.3.14,16,125.078393,8.215755
2025.3.14,17,77.756218,8.036056
2025.3.14,18,48.509948,8.269561
2025.3.14,19,4.864321,8.320006
2025.3.14,20,3.005692,8.277588
2025.3.14,21,2.785084,5.757999
2025.3.14,22,1.917872,4.56174
2025.3.14,23,0.316956,3.56682
2025.3.14,24,0.000248,2.55702
2025.3.15,1,0.000192,2.37726
2025.3.15,2,0.000328,3.88464
2025.3.15,3,0.00026,5.49396
2025.3.15,4,0.000248,6.40656
2025.3.15,5,0.000224,6.58404
2025.3.15,6,0.000328,6.54588
2025.3.15,7,0.002965,5.90472
2025.3.15,8,0.843085,4.74282
2025.3.15,9,6.458287,5.46822
2025.3.15,10,17.293759,5.81724
2025.3.15,11,54.077911,5.99274
2025.3.15,12,72.462842,5.79654
2025.3.15,13,69.605494,5.67774
2025.3.15,14,37.510724,5.70222
2025.3.15,15,29.875535,6.18978
2025.3.15,16,38.573816,6.54642
2025.3.15,17,16.287807,6.6402
2025.3.15,18,5.919538,6.23682
2025.3.15,19,2.082971,6.07662
2025.3.15,20,1.313256,5.95086
2025.3.15,21,0.414072,5.3568
2025.3.15,22,0.05106,5.48286
2025.3.15,23,0.000248,4.77492
2025.3.15,24,0.00028,3.41118
2025.3.16,1,0.000264,3.10218
2025.3.16,2,0.000224,3.50592
2025.3.16,3,0.000256,2.36154
2025.3.16,4,0.000264,2.93322
2025.3.16,5,0.000256,3.93492
2025.3.16,6,0.000248,5.34078
2025.3.16,7,0.177335,5.77968
2025.3.16,8,18.258389,5.71866
2025.3.16,9,73.385396,5.1219
2025.3.16,10,131.385102,5.2584
2025.3.16,11,149.458135,5.65506
2025.3.16,12,117.34432,5.16312
2025.3.16,13,76.921621,5.1948
2025.3.16,14,78.990104,6.68958
2025.3.16,15,48.507769,6.57594
2025.3.16,16,55.351657,6.6078
2025.3.16,17,97.141772,6.0624
2025.3.16,18,34.016078,6.53022
2025.3.16,19,3.807327,5.16168
2025.3.16,20,1.199516,3.47904
2025.3.16,21,0.34944,4.2246
2025.3.16,22,0.00028,4.797
2025.3.16,23,0.000304,3.20394
2025.3.16,24,0.000264,3.94866
2025.3.17,1,0.000264,3.95028
2025.3.17,2,0.000232,2.96388
2025.3.17,3,0.000376,3.96684
2025.3.17,4,0.000376,4.22568
2025.3.17,5,0.000368,3.94812
2025.3.17,6,0.000344,5.46966
2025.3.17,7,0.136845,5.6493
2025.3.17,8,13.408723,5.38164
2025.3.17,9,65.031507,5.5506
2025.3.17,10,150.710179,5.28228
2025.3.17,11,221.905532,5.30352
2025.3.17,12,268.851795,5.27274
2025.3.17,13,289.244637,6.07626
2025.3.17,14,263.310661,5.80788
2025.3.17,15,238.872494,5.75568
2025.3.17,16,212.559454,5.558939
2025.3.17,17,157.546526,4.061497
2025.3.17,18,70.312451,2.8023
2025.3.17,19,9.145487,2.14398
2025.3.17,20,3.038824,1.7556
2025.3.17,21,2.923204,0.86328
2025.3.17,22,1.982616,0.6762
2025.3.17,23,0.448312,1.2006
2025.3.17,24,0.016468,1.3473
2025.3.18,1,0.000368,1.65204
2025.3.18,2,0.000328,2.02698
2025.3.18,3,0.000396,3.47244
2025.3.18,4,0.000492,5.7831
2025.3.18,5,0.000456,3.82158
2025.3.18,6,0.000492,5.04744
2025.3.18,7,0.130494,5.72418
2025.3.18,8,19.602097,5.10006
2025.3.18,9,76.345369,5.35746
2025.3.18,10,133.523912,6.39792
2025.3.18,11,147.091239,5.78898
2025.3.18,12,192.308241,5.37702
2025.3.18,13,152.411776,5.52492
2025.3.18,14,180.376273,5.05206
2025.3.18,15,165.458158,6.07134
2025.3.18,16,130.29968,5.92812
2025.3.18,17,70.636762,5.82984
2025.3.18,18,25.403128,5.95224
2025.3.18,19,3.622158,6.58566
2025.3.18,20,2.935552,6.74262
2025.3.18,21,2.126952,5.84136
2025.3.18,22,1.171228,5.88924
2025.3.18,23,0.062136,5.99364
2025.3.18,24,0.000296,6.64866
2025.3.19,1,0.000288,6.66738
2025.3.19,2,0.000256,6.06276
2025.3.19,3,0.000404,5.6211
2025.3.19,4,0.000304,5.75838
2025.3.19,5,0.000296,5.2308
2025.3.19,6,0.000296,4.09152
2025.3.19,7,0.407985,3.21816
2025.3.19,8,19.540996,3.12576
2025.3.19,9,69.984351,2.94252
2025.3.19,10,99.48475,2.18406
2025.3.19,11,147.549167,2.64774
2025.3.19,12,165.077443,2.2893
2025.3.19,13,215.278864,2.45898
2025.3.19,14,270.423892,3.26502
2025.3.19,15,271.754516,2.87892
2025.3.19,16,239.641434,3.60852
2025.3.19,17,165.437415,4.389
2025.3.19,18,71.970591,5.19558
2025.3.19,19,9.57954,4.7004
2025.3.19,20,2.972288,4.11588
2025.3.19,21,2.970008,4.564502
2025.3.19,22,2.144644,4.26312
2025.3.19,23,0.539524,4.523034
2025.3.19,24,0.015716,3.847865
2025.3.20,1,0.00032,2.806736
2025.3.20,2,0.000424,4.076448
2025.3.20,3,0.000344,4.306502
2025.3.20,4,0.000272,4.813562
2025.3.20,5,0.000248,3.905713
2025.3.20,6,0.000472,4.720355
2025.3.20,7,0.701605,4.236174
2025.3.20,8,30.146029,3.575417
2025.3.20,9,109.490353,3.993439
2025.3.20,10,176.919877,6.24137
2025.3.20,11,243.130983,7.412945
2025.3.20,12,279.130251,8.14788
2025.3.20,13,284.298794,8.14026
2025.3.20,14,287.451231,8.81124
2025.3.20,15,243.899006,5.89338
2025.3.20,16,214.327041,5.73138
2025.3.20,17,144.422113,7.833485
2025.3.20,18,62.280509,7.80456
2025.3.20,19,9.623988,6.05869
2025.3.20,20,2.988264,4.782642
2025.3.20,21,2.960072,3.256384
2025.3.20,22,2.190764,1.357497
2025.3.20,23,0.509908,1.25664
2025.3.20,24,0.016432,1.01088
2025.3.21,1,0.000408,1.1043
2025.3.21,2,0.00076,1.8423
2025.3.21,3,0.000464,3.419497
2025.3.21,4,0.000464,3.693284
2025.3.21,5,0.000572,5.952003
2025.3.21,6,0.000432,7.150361
2025.3.21,7,0.638258,6.948332
2025.3.21,8,26.99992,3.76489
2025.3.21,9,101.999117,4.159945
2025.3.21,10,189.79742,7.453158
2025.3.21,11,251.932395,4.116835
2025.3.21,12,252.044876,3.834561
2025.3.21,13,266.132949,5.062724
2025.3.21,14,261.209442,4.727704
2025.3.21,15,239.710693,4.99022
2025.3.21,16,198.446906,6.610861
2025.3.21,17,141.234804,7.363422
2025.3.21,18,66.965542,5.7366
2025.3.21,19,9.831692,3.067903
2025.3.21,20,3.004716,1.464791
2025.3.21,21,2.873112,1.012591
2025.3.21,22,2.142064,2.4359
2025.3.21,23,0.609728,3.745183
2025.3.21,24,0.016748,2.142242
2025.3.22,1,0.00036,1.623891
2025.3.22,2,0.001,2.303196
2025.3.22,3,0.000472,1.23532
2025.3.22,4,0.000708,1.591385
2025.3.22,5,0.000408,3.045485
2025.3.22,6,0.000692,3.347812
2025.3.22,7,0.758162,3.286375
2025.3.22,8,29.883722,3.678516
2025.3.22,9,112.123894,3.465358
2025.3.22,10,182.330912,3.889841
2025.3.22,11,223.979762,4.733992
2025.3.22,12,257.904601,5.345641
2025.3.22,13,272.750116,6.037705
2025.3.22,14,269.809726,6.419721
2025.3.22,15,248.428069,6.961205
2025.3.22,16,204.743494,6.353379
2025.3.22,17,149.157777,5.282586
2025.3.22,18,69.858741,4.604456
2025.3.22,19,10.10413,3.395964
2025.3.22,20,2.977456,2.87846
2025.3.22,21,2.891708,3.568886
2025.3.22,22,2.143952,2.862634
2025.3.22,23,0.606444,3.400768
2025.3.22,24,0.016436,3.459098
2025.3.23,1,0.000296,3.397877
2025.3.23,2,0.000968,4.163217
2025.3.23,3,0.000392,4.110168
2025.3.23,4,0.000756,4.188871
2025.3.23,5,0.000436,2.744397
2025.3.23,6,0.00042,1.179849
2025.3.23,7,1.032077,1.726992
2025.3.23,8,33.7029,2.500091
2025.3.23,9,117.506247,1.817769
2025.3.23,10,182.10749,1.196829
2025.3.23,11,223.938026,1.886531
2025.3.23,12,255.669143,2.035985
2025.3.23,13,265.853257,2.978412
2025.3.23,14,258.250794,4.373835
2025.3.23,15,224.45243,4.223843
2025.3.23,16,172.875312,2.958319
2025.3.23,17,139.84278,0.950453
2025.3.23,18,51.579778,0.417311
2025.3.23,19,8.544059,0.57438
2025.3.23,20,3.023628,0.682261
2025.3.23,21,2.855832,0.986162
2025.3.23,22,2.100572,0.886584
2025.3.23,23,0.593352,1.406282
2025.3.23,24,0.016408,1.2438
2025.3.24,1,0.000368,1.4013
2025.3.24,2,0.00118,1.14696
2025.3.24,3,0.000432,1.07784
2025.3.24,4,0.000832,3.917781
2025.3.24,5,0.000564,6.766154
2025.3.24,6,0.000384,2.624172
2025.3.24,7,0.47518,0.809199
2025.3.24,8,25.121537,1.108055
2025.3.24,9,103.715076,1.829346
2025.3.24,10,182.113444,2.449958
2025.3.24,11,206.167505,4.359382
2025.3.24,12,233.712066,3.981958
2025.3.24,13,249.696401,5.714348
2025.3.24,14,246.399259,4.809032
2025.3.24,15,223.332367,5.495542
2025.3.24,16,180.058193,6.086658
2025.3.24,17,127.982673,6.252001
2025.3.24,18,56.282131,5.574322
2025.3.24,19,9.619095,2.630743
2025.3.24,20,2.983744,2.30677
2025.3.24,21,2.962208,2.711674
2025.3.24,22,2.167848,2.690259
2025.3.24,23,0.523212,3.422512
2025.3.24,24,0.016496,3.206925
2025.3.25,1,0.000368,4.533931
2025.3.25,2,0.001104,2.682984
2025.3.25,3,0.000444,2.581946
2025.3.25,4,0.00078,1.200643
2025.3.25,5,0.000384,1.81056
2025.3.25,6,0.000456,0.861201
2025.3.25,7,0.993386,0.53478
2025.3.25,8,28.550196,0.59472
2025.3.25,9,92.221251,0.5715
2025.3.25,10,157.059513,1.121342
2025.3.25,11,200.02241,1.91628
2025.3.25,12,229.995275,1.99206
2025.3.25,13,244.838011,1.875146
2025.3.25,14,241.371461,5.8554
2025.3.25,15,220.491763,7.926139
2025.3.25,16,178.907483,7.487579
2025.3.25,17,127.180781,6.823021
2025.3.25,18,61.004554,5.29209
2025.3.25,19,10.3394,3.232518
2025.3.25,20,2.964748,4.237678
2025.3.25,21,2.9227,4.180435
2025.3.25,22,2.146304,3.653126
2025.3.25,23,0.59548,4.52101
2025.3.25,24,0.016232,2.883142
2025.3.26,1,0.000376,2.523327
2025.3.26,2,0.001068,1.749985
2025.3.26,3,0.000596,1.104058
2025.3.26,4,0.000632,0.432914
2025.3.26,5,0.000608,0.03456
2025.3.26,6,0.000488,0.184592
2025.3.26,7,1.228149,0.331297
2025.3.26,8,31.584427,0.746079
2025.3.26,9,95.096718,1.273179
2025.3.26,10,164.806566,2.307477
2025.3.26,11,207.521434,1.973815
2025.3.26,12,249.720892,1.826312
2025.3.26,13,262.446048,0.728741
2025.3.26,14,247.400616,0.524884
2025.3.26,15,218.4991,2.015641
2025.3.26,16,182.386387,2.360904
2025.3.26,17,131.245818,3.45392
2025.3.26,18,43.046417,9.859848
2025.3.26,19,6.422227,10.254628
2025.3.26,20,2.940144,8.1768
2025.3.26,21,2.540516,5.434802
2025.3.26,22,1.44324,7.284381
2025.3.26,23,0.012712,9.350094
2025.3.26,24,0.000232,5.068193
2025.3.27,1,0.00024,2.72795
2025.3.27,2,0.000992,2.918581
2025.3.27,3,0.000248,5.540848
2025.3.27,4,0.0005,8.377246
2025.3.27,5,0.000364,7.409338
2025.3.27,6,0.000264,7.421284
2025.3.27,7,1.143674,7.228547
2025.3.27,8,18.710975,3.000908
2025.3.27,9,52.042672,3.66823
2025.3.27,10,77.688353,4.03304
2025.3.27,11,125.03175,0.51688
2025.3.27,12,63.664663,2.206235
2025.3.27,13,14.806395,3.729368
2025.3.27,14,42.543068,3.167531
2025.3.27,15,13.383805,2.951147
2025.3.27,16,15.126024,8.589719
2025.3.27,17,10.340927,11.926037
2025.3.27,18,7.436491,12.724339
2025.3.27,19,1.789089,12.220618
2025.3.27,20,0.85962,11.793285
2025.3.27,21,0.110664,12.66038
2025.3.27,22,0.000312,12.819584
2025.3.27,23,0.00036,12.001241
2025.3.27,24,0.00036,13.436574
2025.3.28,1,0.000344,13.161603
2025.3.28,2,0.000312,12.60424
2025.3.28,3,0.000384,11.543352
2025.3.28,4,0.000392,11.081014
2025.3.28,5,0.000384,11.253021
2025.3.28,6,0.00036,10.419378
2025.3.28,7,0.027051,11.352296
2025.3.28,8,3.380652,10.900945
2025.3.28,9,23.16726,11.675479
2025.3.28,10,93.324968,11.771605
2025.3.28,11,157.900347,10.453743
2025.3.28,12,200.40388,9.79675
2025.3.28,13,241.007545,9.702955
2025.3.28,14,208.379084,10.332637
2025.3.28,15,138.751583,9.845476
2025.3.28,16,129.096224,9.097355
2025.3.28,17,79.635479,10.652621
2025.3.28,18,27.096162,12.223402
2025.3.28,19,3.895857,12.632384
2025.3.28,20,2.957328,12.04675
2025.3.28,21,2.814376,10.689789
2025.3.28,22,2.00418,10.197756
2025.3.28,23,0.508244,9.90193
2025.3.28,24,0.015088,9.738805
2025.3.29,1,0.000112,9.08438
2025.3.29,2,0.000672,9.887784
2025.3.29,3,0.000404,9.593145
2025.3.29,4,0.000272,7.913821
2025.3.29,5,0.000256,6.560739
2025.3.29,6,0.000248,5.401102
2025.3.29,7,1.719474,4.266483
2025.3.29,8,28.054929,4.036843
2025.3.29,9,86.214697,4.36054
2025.3.29,10,158.637151,4.607635
2025.3.29,11,204.240738,2.89939
2025.3.29,12,168.701343,2.88106
2025.3.29,13,118.34651,2.906697
2025.3.29,14,135.75881,3.611229
2025.3.29,15,118.357203,4.871138
2025.3.29,16,70.648635,8.031834
2025.3.29,17,38.803003,11.265957
2025.3.29,18,19.970558,12.944949
2025.3.29,19,7.044337,12.694748
2025.3.29,20,2.859872,12.678572
2025.3.29,21,2.017804,12.444103
2025.3.29,22,0.995456,12.086064
2025.3.29,23,0.014296,11.915979
2025.3.29,24,0.000328,11.113842
2025.3.30,1,0.000328,11.496099
2025.3.30,2,0.000304,11.023263
2025.3.30,3,0.000324,11.285108
2025.3.30,4,4.00E-05,10.042101
2025.3.30,5,4.00E-05,8.69052
2025.3.30,6,0.000108,8.378577
2025.3.30,7,2.65973,8.300878
2025.3.30,8,44.608472,6.705952
2025.3.30,9,135.274688,5.368134
2025.3.30,10,193.279211,4.248516
2025.3.30,11,226.014646,2.10486
2025.3.30,12,259.328128,1.149068
2025.3.30,13,229.837933,0.91044
2025.3.30,14,188.539401,0.82854
2025.3.30,15,172.434757,1.49958
2025.3.30,16,174.259876,2.54904
2025.3.30,17,113.753449,5.78416
2025.3.30,18,49.22165,5.85816
2025.3.30,19,9.512363,5.58372
2025.3.30,20,3.030292,5.69046
2025.3.30,21,2.920744,5.2353
2025.3.30,22,2.013792,4.898414
2025.3.30,23,0.473444,5.300433
2025.3.30,24,0.018508,4.702029
2025.3.31,1,0.000104,3.914228
2025.3.31,2,0.000548,3.002461
2025.3.31,3,0.000152,2.401455
2025.3.31,4,7.20E-05,1.460091
2025.3.31,5,7.20E-05,1.09424
2025.3.31,6,9.60E-05,1.308872
2025.3.31,7,1.771823,1.412047
2025.3.31,8,34.935704,0.70705
2025.3.31,9,122.595102,0.139192
2025.3.31,10,200.158101,0.295341
2025.3.31,11,256.832515,0.433094
2025.3.31,12,291.760189,0.387565
2025.3.31,13,234.456451,0.432509
2025.3.31,14,253.046198,0.799523
2025.3.31,15,276.280205,1.162518
2025.3.31,16,194.117223,1.637233
2025.3.31,17,101.932252,2.27634
2025.3.31,18,46.908996,2.956182
2025.3.31,19,8.844802,2.911458
2025.3.31,20,2.987928,2.759576
2025.3.31,21,2.939632,3.261105
2025.3.31,22,2.119388,3.099074
2025.3.31,23,0.47494,2.648314
2025.3.31,24,0.016132,2.129283
2025.4.1,1,0.00024,2.031051
2025.4.1,2,0.000804,2.06426
2025.4.1,3,0.000336,1.575499
2025.4.1,4,0.000288,1.404871
2025.4.1,5,0.000272,1.002155
2025.4.1,6,0.006394,0.700659
2025.4.1,7,2.052923,0.68652
2025.4.1,8,25.109789,1.235481
2025.4.1,9,61.358923,2.459229
2025.4.1,10,114.816377,2.410274
2025.4.1,11,222.41238,2.487241
2025.4.1,12,307.700966,3.193295
2025.4.1,13,320.638274,3.19256
2025.4.1,14,276.637299,3.915189
2025.4.1,15,266.095925,3.915866
2025.4.1,16,203.090508,4.374
2025.4.1,17,147.361317,4.132998
2025.4.1,18,77.794712,4.950262
2025.4.1,19,14.512116,2.597036
2025.4.1,20,3.083834,1.574176
2025.4.1,21,3.009124,1.884245
2025.4.1,22,2.22024,1.6533
2025.4.1,23,0.4248,1.753803
2025.4.1,24,0.015228,1.595531
2025.4.2,1,0.000208,1.311072
2025.4.2,2,0.000692,1.514091
2025.4.2,3,0.000268,0.95444
2025.4.2,4,0.000224,0.712097
2025.4.2,5,0.000296,0.727868
2025.4.2,6,0.00743,0.507392
2025.4.2,7,3.296556,0.753021
2025.4.2,8,46.397909,1.620749
2025.4.2,9,134.318435,1.923029
2025.4.2,10,216.193665,1.746989
2025.4.2,11,266.965438,1.146729
2025.4.2,12,305.132811,0.634467
2025.4.2,13,319.668112,0.644958
2025.4.2,14,312.025862,1.403768
2025.4.2,15,283.165661,3.158147
2025.4.2,16,228.53428,3.138599
2025.4.2,17,147.570933,4.683411
2025.4.2,18,57.342268,8.437899
2025.4.2,19,10.483434,7.159743
2025.4.2,20,3.05976,4.026903
2025.4.2,21,2.98322,4.333114
2025.4.2,22,2.1356,3.903365
2025.4.2,23,0.404532,4.61065
2025.4.2,24,0.01598,4.589796
2025.4.3,1,0.000384,5.278234
2025.4.3,2,0.00092,5.502025
2025.4.3,3,0.000428,5.88625
2025.4.3,4,0.00044,4.771769
2025.4.3,5,0.000532,8.546892
2025.4.3,6,0.005303,8.450044
2025.4.3,7,2.327631,7.426773
2025.4.3,8,27.576954,8.789552
2025.4.3,9,97.346693,10.128688
2025.4.3,10,185.220645,9.39864
2025.4.3,11,235.973244,5.914299
2025.4.3,12,278.008048,3.475244
2025.4.3,13,275.771245,2.335585
2025.4.3,14,231.070532,2.008269
2025.4.3,15,199.962025,1.833153
2025.4.3,16,161.304201,1.894904
2025.4.3,17,100.999094,1.633838
2025.4.3,18,49.204005,1.324051
2025.4.3,19,12.022493,0.399211
2025.4.3,20,3.072316,0.383832
2025.4.3,21,2.98258,0.813487
2025.4.3,22,1.69136,0.452201
2025.4.3,23,0.312292,0.403921
2025.4.3,24,0.016756,0.139457
2025.4.4,1,0.000312,0.083855
2025.4.4,2,0.000776,0.487637
2025.4.4,3,0.000464,0.662216
2025.4.4,4,0.000652,0.600214
2025.4.4,5,0.0004,0.626264
2025.4.4,6,0.006054,0.503569
2025.4.4,7,4.251078,0.340237
2025.4.4,8,41.10782,0.040063
2025.4.4,9,113.474908,0.004622
2025.4.4,10,163.69029,0.00342
2025.4.4,11,193.889543,0.01296
2025.4.4,12,207.658896,0.060169
2025.4.4,13,184.537062,0.204404
2025.4.4,14,187.125769,0.056499
2025.4.4,15,182.904671,0.01044
2025.4.4,16,104.307539,0.034974
2025.4.4,17,57.73447,0.201923
2025.4.4,18,33.688717,0.5519
2025.4.4,19,8.647256,0.663999
2025.4.4,20,3.044748,0.123811
2025.4.4,21,2.996696,0.017466
2025.4.4,22,2.082444,0.559035
2025.4.4,23,0.391236,2.497897
2025.4.4,24,0.016472,3.720538
2025.4.5,1,0.000208,3.359362
2025.4.5,2,0.00084,4.407931
2025.4.5,3,0.000528,2.935754
2025.4.5,4,0.00038,2.927674
2025.4.5,5,0.000424,4.100434
2025.4.5,6,0.005165,4.285849
2025.4.5,7,1.286071,2.667048
2025.4.5,8,17.250423,0.837995
2025.4.5,9,62.011609,1.414002
2025.4.5,10,127.183098,2.231575
2025.4.5,11,169.976079,1.042899
2025.4.5,12,131.624604,1.55324
2025.4.5,13,69.220725,0.54037
2025.4.5,14,69.527517,0.978157
2025.4.5,15,67.054271,1.313135
2025.4.5,16,130.103643,0.745668
2025.4.5,17,124.931016,0.44766
2025.4.5,18,60.799593,3.58158
2025.4.5,19,12.894429,7.400365
2025.4.5,20,1.553992,4.724456
2025.4.5,21,1.01526,3.379436
2025.4.5,22,0.063712,5.218545
2025.4.5,23,0.009952,7.466714
2025.4.5,24,0.000344,6.753263
2025.4.6,1,0.000344,5.019194
2025.4.6,2,0.000344,3.82901
2025.4.6,3,0.000368,3.168113
2025.4.6,4,0.000376,2.555275
2025.4.6,5,0.000368,3.146449
2025.4.6,6,0.007066,3.188539
2025.4.6,7,4.164754,3.646684
2025.4.6,8,51.790542,4.450388
2025.4.6,9,141.171027,4.434523
2025.4.6,10,220.760734,4.972233
2025.4.6,11,243.72036,2.319733
2025.4.6,12,273.080722,1.588657
2025.4.6,13,284.083722,1.79142
2025.4.6,14,276.726352,2.010767
2025.4.6,15,253.173588,2.638465
2025.4.6,16,231.986337,4.445526
2025.4.6,17,165.946876,5.29647
2025.4.6,18,77.196296,4.691429
2025.4.6,19,14.591333,4.259351
2025.4.6,20,3.112333,2.909509
2025.4.6,21,3.014508,2.027311
2025.4.6,22,2.21186,0.872912
2025.4.6,23,0.394664,0.218901
2025.4.6,24,0.016472,0.0258
2025.4.7,1,0.000216,0.110444
2025.4.7,2,0.00096,0.141627
2025.4.7,3,0.000456,0.311559
2025.4.7,4,0.00034,0.054045
2025.4.7,5,0.000428,0.284318
2025.4.7,6,0.008104,0.341599
2025.4.7,7,4.688658,0.18108
2025.4.7,8,53.774594,0.27468
2025.4.7,9,141.320757,0.32562
2025.4.7,10,219.343529,0.22896
2025.4.7,11,273.708524,0.438316
2025.4.7,12,278.994677,0.673663
2025.4.7,13,275.278632,0.94318
2025.4.7,14,263.216845,0.88645
2025.4.7,15,252.917492,0.83831
2025.4.7,16,204.519114,0.768653
2025.4.7,17,131.378136,1.480124
2025.4.7,18,68.158087,1.712228
2025.4.7,19,13.508778,1.058694
2025.4.7,20,2.821007,1.2474
2025.4.7,21,2.710408,1.25136
2025.4.7,22,2.029212,1.179961
2025.4.7,23,0.399296,1.6227
2025.4.7,24,0.016388,1.42398
2025.4.8,1,0.000304,1.44288
2025.4.8,2,0.000936,1.6353
2025.4.8,3,0.000604,1.59948
2025.4.8,4,0.000568,1.5075
2025.4.8,5,0.00052,1.48338
2025.4.8,6,0.006477,1.48668
2025.4.8,7,4.837176,1.37628
2025.4.8,8,47.444968,1.196778
2025.4.8,9,126.791225,1.113496
2025.4.8,10,204.539174,2.11938
2025.4.8,11,255.630655,4.973646
2025.4.8,12,256.50008,7.341857
2025.4.8,13,264.426971,7.131974
2025.4.8,14,254.580423,7.650306
2025.4.8,15,227.944832,7.483221
2025.4.8,16,207.539893,6.695149
2025.4.8,17,138.444063,6.34439
2025.4.8,18,63.942698,5.151366
2025.4.8,19,14.194459,3.502502
2025.4.8,20,2.813923,3.838364
2025.4.8,21,2.704976,4.635808
2025.4.8,22,2.024652,4.554008
2025.4.8,23,0.411992,2.807021
2025.4.8,24,0.016176,2.861933
2025.4.9,1,0.000272,2.687056
2025.4.9,2,0.000912,2.237999
2025.4.9,3,0.000644,0.62151
2025.4.9,4,0.000444,0.123512
2025.4.9,5,0.000492,0.18522
2025.4.9,6,0.006396,0.00054
2025.4.9,7,5.319701,0.04248
2025.4.9,8,48.820732,0.171006
2025.4.9,9,123.014588,0.329366
2025.4.9,10,195.937927,1.409456
2025.4.9,11,248.90105,2.237737
2025.4.9,12,272.506403,3.509137
2025.4.9,13,229.686048,4.40907
2025.4.9,14,240.519822,5.086246
2025.4.9,15,180.112996,5.466476
2025.4.9,16,123.182643,4.340333
2025.4.9,17,77.788089,2.34133
2025.4.9,18,21.251217,0.61443
2025.4.9,19,12.188808,0.255322
2025.4.9,20,2.732738,4.724521
2025.4.9,21,2.173676,1.247755
2025.4.9,22,1.391752,0.533358
2025.4.9,23,0.199352,2.196007
2025.4.9,24,0.000352,1.502816
2025.4.10,1,0.000344,0.581043
2025.4.10,2,0.000908,0.363199
2025.4.10,3,0.000472,0.195017
2025.4.10,4,0.000392,0.02682
2025.4.10,5,0.00058,0.04218
2025.4.10,6,0.003223,2.188964
2025.4.10,7,1.676213,2.764836
2025.4.10,8,17.355755,2.884629
2025.4.10,9,50.047479,2.852328
2025.4.10,10,156.272686,1.862809
2025.4.10,11,216.506354,1.894893
2025.4.10,12,267.909421,2.44799
2025.4.10,13,280.61247,4.085616
2025.4.10,14,269.881767,7.302195
2025.4.10,15,239.974856,8.761054
2025.4.10,16,216.2418,6.752098
2025.4.10,17,133.226408,7.346786
2025.4.10,18,68.228292,8.743982
2025.4.10,19,17.409101,7.541067
2025.4.10,20,2.833559,9.192543
2025.4.10,21,2.590544,9.166808
2025.4.10,22,2.069932,8.489398
2025.4.10,23,0.40868,6.999835
2025.4.10,24,0.016544,5.975157
2025.4.11,1,0.000336,6.493178
2025.4.11,2,0.001032,6.166183
2025.4.11,3,0.000604,4.519075
2025.4.11,4,0.000764,2.421466
2025.4.11,5,0.000428,1.27468
2025.4.11,6,0.007407,1.317679
2025.4.11,7,6.586755,1.124357
2025.4.11,8,55.465817,0.738139
2025.4.11,9,138.792211,0.133302
2025.4.11,10,213.115287,0.01404
2025.4.11,11,264.997739,0.01908
2025.4.11,12,298.10874,0.55957
2025.4.11,13,309.584552,1.068982
2025.4.11,14,299.668948,2.270352
2025.4.11,15,264.676127,2.095311
2025.4.11,16,213.741856,2.343881
2025.4.11,17,130.878142,2.280744
2025.4.11,18,52.58084,1.975732
2025.4.11,19,13.486813,1.381376
2025.4.11,20,3.081745,1.305194
2025.4.11,21,2.969832,2.49367
2025.4.11,22,2.11694,2.096938
2025.4.11,23,0.401708,3.392965
2025.4.11,24,0.015856,3.834316
2025.4.12,1,0.000352,5.053081
2025.4.12,2,0.001572,5.837937
2025.4.12,3,0.000576,3.022962
2025.4.12,4,0.000824,4.804803
2025.4.12,5,0.00036,6.38441
2025.4.12,6,0.004044,6.575714
2025.4.12,7,0.395728,8.286371
2025.4.12,8,3.12166,7.135213
2025.4.12,9,16.354625,7.24115
2025.4.12,10,67.537126,5.61988
2025.4.12,11,73.780673,6.133502
2025.4.12,12,65.522313,6.303383
2025.4.12,13,36.684637,4.757168
2025.4.12,14,31.869998,4.419461
2025.4.12,15,23.309169,7.465022
2025.4.12,16,28.758851,8.616836
2025.4.12,17,16.066801,9.629016
2025.4.12,18,5.70143,8.809791
2025.4.12,19,1.313712,10.976932
2025.4.12,20,0.771485,9.569425
2025.4.12,21,0.006316,7.494162
2025.4.12,22,0.000232,5.560109
2025.4.12,23,0.000248,8.333382
2025.4.12,24,0.00028,4.671801
2025.4.13,1,0.000312,4.24224
2025.4.13,2,0.000384,3.9276
2025.4.13,3,0.000384,3.74364
2025.4.13,4,0.000376,4.73544
2025.4.13,5,0.000368,5.32476
2025.4.13,6,0.008744,5.06172
2025.4.13,7,7.084594,5.18808
2025.4.13,8,56.652128,5.03118
2025.4.13,9,138.342986,5.2671
2025.4.13,10,171.81766,6.05946
2025.4.13,11,176.098989,5.9544
2025.4.13,12,156.399683,5.59134
2025.4.13,13,208.745063,5.90508
2025.4.13,14,214.381664,5.8401
2025.4.13,15,188.686492,5.71014
2025.4.13,16,181.806828,7.723217
2025.4.13,17,154.683135,7.881568
2025.4.13,18,78.065571,7.567163
2025.4.13,19,17.818996,7.771882
2025.4.13,20,3.128741,7.031193
2025.4.13,21,2.771744,4.801755
2025.4.13,22,1.187256,2.050896
2025.4.13,23,0.020596,2.253261
2025.4.13,24,0.000328,1.128964
2025.4.14,1,0.000352,6.233812
2025.4.14,2,0.000812,7.528891
2025.4.14,3,0.000464,8.847665
2025.4.14,4,0.000432,6.050032
2025.4.14,5,0.000448,3.398977
2025.4.14,6,0.005204,3.450824
2025.4.14,7,3.2761,8.709612
2025.4.14,8,43.886218,9.365305
2025.4.14,9,134.470873,9.017682
2025.4.14,10,220.294242,9.807448
2025.4.14,11,271.686744,10.474562
2025.4.14,12,279.221765,9.753756
2025.4.14,13,279.854629,8.808391
2025.4.14,14,256.447893,7.149349
2025.4.14,15,248.681642,2.645557
2025.4.14,16,207.546675,2.00214
2025.4.14,17,115.275714,2.81586
2025.4.14,18,43.083677,3.78666
2025.4.14,19,7.398151,4.821404
2025.4.14,20,3.06134,2.862206
2025.4.14,21,2.987364,1.99026
2025.4.14,22,2.086704,1.9899
2025.4.14,23,0.377312,1.99062
2025.4.14,24,0.016168,1.98954
2025.4.15,1,0.000288,2.53548
2025.4.15,2,0.001004,5.9493
2025.4.15,3,0.000456,7.61526
2025.4.15,4,0.000304,8.36358
2025.4.15,5,0.00012,8.25606
2025.4.15,6,0.010482,7.6416
2025.4.15,7,6.917693,6.40446
2025.4.15,8,47.97335,6.0264
2025.4.15,9,131.439732,5.837986
2025.4.15,10,225.931707,6.379285
2025.4.15,11,270.104862,5.896175
2025.4.15,12,276.640213,2.997183
2025.4.15,13,285.886263,3.659273
2025.4.15,14,278.907247,3.714674
2025.4.15,15,262.980763,4.479049
2025.4.15,16,236.889807,6.435981
2025.4.15,17,161.781222,8.008611
2025.4.15,18,75.928505,7.880019
2025.4.15,19,15.890702,6.894266
2025.4.15,20,2.884116,4.825126
2025.4.15,21,2.726256,3.342472
2025.4.15,22,2.0809,2.231274
2025.4.15,23,0.399812,0.249363
2025.4.15,24,0.016284,0.140522
2025.4.16,1,0.000344,0.479041
2025.4.16,2,0.000896,0.58176
2025.4.16,3,0.000456,0.9693
2025.4.16,4,0.00072,0.84924
2025.4.16,5,0.000352,1.04436
2025.4.16,6,0.012163,0.96876
2025.4.16,7,9.980282,0.747
2025.4.16,8,51.079437,0.68112
2025.4.16,9,125.541217,0.74016
2025.4.16,10,181.340418,1.18242
2025.4.16,11,230.036352,1.33308
2025.4.16,12,247.725416,1.426304
2025.4.16,13,232.724842,1.651036
2025.4.16,14,238.699855,1.993483
2025.4.16,15,205.825494,2.139624
2025.4.16,16,161.457371,2.250805
2025.4.16,17,113.716084,2.896846
2025.4.16,18,69.337039,2.926001
2025.4.16,19,20.830945,2.657839
2025.4.16,20,2.954249,7.023367
2025.4.16,21,2.718248,8.789923
2025.4.16,22,2.032184,10.367717
2025.4.16,23,0.409556,10.921374
2025.4.16,24,0.015852,11.192352
2025.4.17,1,0.000304,11.997529
2025.4.17,2,0.000972,9.87787
2025.4.17,3,0.000392,4.753536
2025.4.17,4,0.000668,9.422251
2025.4.17,5,0.000444,10.008802
2025.4.17,6,0.010954,10.211208
2025.4.17,7,4.451633,10.474358
2025.4.17,8,34.159496,9.687452
2025.4.17,9,79.913729,10.002852
2025.4.17,10,133.701049,9.902464
2025.4.17,11,169.027117,10.276137
2025.4.17,12,184.86783,7.565333
2025.4.17,13,201.911183,6.495415
2025.4.17,14,181.891757,5.346425
2025.4.17,15,158.856455,5.76323
2025.4.17,16,118.94599,6.110381
2025.4.17,17,74.591237,3.697333
2025.4.17,18,29.507573,1.735084
2025.4.17,19,6.811471,1.865892
2025.4.17,20,0.934494,1.96683
2025.4.17,21,0.678216,2.04876
2025.4.17,22,0.624368,2.58893
2025.4.17,23,0.0128,2.540201
2025.4.17,24,0.000344,2.899546
2025.4.18,1,0.000344,2.198726
2025.4.18,2,0.000312,1.542004
2025.4.18,3,0.00036,1.365061
2025.4.18,4,0.000368,2.358378
2025.4.18,5,0.00036,2.244776
2025.4.18,6,0.010525,6.201666
2025.4.18,7,7.571545,5.647413
2025.4.18,8,45.156803,1.728814
2025.4.18,9,102.829017,0.766524
2025.4.18,10,158.453021,0.860282
2025.4.18,11,197.09623,1.03968
2025.4.18,12,225.291463,1.0944
2025.4.18,13,233.992733,2.643343
2025.4.18,14,228.022121,3.900166
2025.4.18,15,200.210139,1.234474
2025.4.18,16,161.336418,0.86743
2025.4.18,17,110.537198,1.175367
2025.4.18,18,50.092689,1.167863
2025.4.18,19,13.245477,1.245021
2025.4.18,20,1.689821,1.523045
2025.4.18,21,0.90468,1.276357
2025.4.18,22,0.633744,0.658197
2025.4.18,23,0.044808,0.93852
2025.4.18,24,0.003872,1.231032
2025.4.19,1,0.00032,1.864835
2025.4.19,2,0.000312,1.142236
2025.4.19,3,0.000328,1.149364
2025.4.19,4,0.000352,1.14516
2025.4.19,5,0.000368,0.872837
2025.4.19,6,0.007306,0.733339
2025.4.19,7,7.01456,0.947764
2025.4.19,8,45.545321,1.604163
2025.4.19,9,82.965909,7.544161
2025.4.19,10,114.506036,12.803515
2025.4.19,11,132.353578,12.15752
2025.4.19,12,159.615722,11.55326
2025.4.19,13,182.377336,11.19312
2025.4.19,14,170.264533,11.318271
2025.4.19,15,118.611921,11.874609
2025.4.19,16,66.938451,12.136601
2025.4.19,17,17.742654,11.499053
2025.4.19,18,10.3648,7.965044
2025.4.19,19,9.02266,7.467682
2025.4.19,20,2.314316,11.426318
2025.4.19,21,1.2012,11.904227
2025.4.19,22,0.634296,11.356041
2025.4.19,23,0.01304,10.352329
2025.4.19,24,0.000456,10.64374
2025.4.20,1,0.0004,8.202736
2025.4.20,2,0.000472,4.152492
2025.4.20,3,0.000376,2.563535
2025.4.20,4,0.000408,2.05899
2025.4.20,5,0.0004,0.618337
2025.4.20,6,0.006448,0.548444
2025.4.20,7,2.395866,0.171999
2025.4.20,8,21.731935,0.226319
2025.4.20,9,72.453213,0.209581
2025.4.20,10,143.079065,0.28908
2025.4.20,11,118.664078,0.44928
2025.4.20,12,104.780221,0.543638
2025.4.20,13,80.255147,0.385545
2025.4.20,14,117.182238,0.480085
2025.4.20,15,153.815583,0.23466
2025.4.20,16,127.45699,0.418219
2025.4.20,17,79.263912,2.347817
2025.4.20,18,27.615103,5.052285
2025.4.20,19,4.438527,4.61236
2025.4.20,20,1.79532,4.097887
2025.4.20,21,0.918292,1.795967
2025.4.20,22,0.618608,0.941564
2025.4.20,23,0.00904,1.28468
2025.4.20,24,0.000432,1.456062
2025.4.21,1,0.000424,1.754514
2025.4.21,2,0.000416,2.518307
2025.4.21,3,0.0004,2.834239
2025.4.21,4,0.000408,3.748001
2025.4.21,5,0.000424,4.370846
2025.4.21,6,0.005064,3.467614
2025.4.21,7,3.990837,3.607335
2025.4.21,8,24.757302,4.698213
2025.4.21,9,56.050483,4.10694
2025.4.21,10,102.228904,4.253856
2025.4.21,11,137.320872,4.45341
2025.4.21,12,158.280595,4.114608
2025.4.21,13,171.540469,5.331411
2025.4.21,14,163.085318,6.554418
2025.4.21,15,149.939559,6.464175
2025.4.21,16,119.628769,8.028373
2025.4.21,17,80.037488,5.321499
2025.4.21,18,41.110224,6.004054
2025.4.21,19,8.531089,6.149873
2025.4.21,20,2.818796,5.495437
2025.4.21,21,2.694988,5.977265
2025.4.21,22,2.030524,5.325059
2025.4.21,23,0.376852,5.900217
2025.4.21,24,0.016028,5.832774
2025.4.22,1,0.000224,7.490748
2025.4.22,2,0.000656,7.446976
2025.4.22,3,0.0005,8.136329
2025.4.22,4,0.000372,3.757345
2025.4.22,5,0.000256,5.064048
2025.4.22,6,0.003051,7.687891
2025.4.22,7,0.365649,9.3384
2025.4.22,8,2.892633,8.78473
2025.4.22,9,10.089025,8.845264
2025.4.22,10,16.02375,6.133357
2025.4.22,11,29.547389,3.562537
2025.4.22,12,60.844224,1.68337
2025.4.22,13,112.23316,1.891587
2025.4.22,14,123.564708,1.997563
2025.4.22,15,85.747512,4.316587
2025.4.22,16,92.209033,5.490856
2025.4.22,17,56.764291,5.012959
2025.4.22,18,35.492206,6.780643
2025.4.22,19,11.623337,6.90518
2025.4.22,20,1.046576,8.469202
2025.4.22,21,0.599232,8.631345
2025.4.22,22,0.022624,10.737774
2025.4.22,23,0.000512,11.282656
2025.4.22,24,0.000512,9.959662
2025.4.23,1,0.000536,12.385139
2025.4.23,2,0.000544,11.4283
2025.4.23,3,0.000536,10.334161
2025.4.23,4,0.000544,9.806616
2025.4.23,5,0.000456,9.522548
2025.4.23,6,0.00579,7.572216
2025.4.23,7,5.374955,7.008387
2025.4.23,8,23.880434,5.601431
2025.4.23,9,47.731205,2.301114
2025.4.23,10,60.84228,0.624794
2025.4.23,11,111.916282,0.232136
2025.4.23,12,167.978122,0.054363
2025.4.23,13,220.289933,0.18576
2025.4.23,14,197.545933,0.42369
2025.4.23,15,218.541305,0.961979
2025.4.23,16,157.824755,0.7674
2025.4.23,17,85.75187,0.443033
2025.4.23,18,53.219418,0.396157
2025.4.23,19,21.213724,0.114721
2025.4.23,20,3.031731,0.003841
2025.4.23,21,1.431148,0.00828
2025.4.23,22,0.6373,0
2025.4.23,23,0.013704,0
2025.4.23,24,0.000248,0
2025.4.24,1,0.000264,0.006303
2025.4.24,2,0.000272,0.063676
2025.4.24,3,0.000296,2.000869
2025.4.24,4,0.0002,2.522563
2025.4.24,5,0.000248,0.63991
2025.4.24,6,0.039634,0.16583
2025.4.24,7,10.870395,0.055659
2025.4.24,8,65.420884,0.723667
2025.4.24,9,154.434331,0.649266
2025.4.24,10,222.31936,0.670798
2025.4.24,11,280.752172,0.774273
2025.4.24,12,306.564364,1.244953
2025.4.24,13,294.630855,2.197606
2025.4.24,14,315.056619,3.378478
2025.4.24,15,277.390358,6.531327
2025.4.24,16,236.036806,7.259239
2025.4.24,17,136.178119,6.858685
2025.4.24,18,53.658492,6.526937
2025.4.24,19,15.480613,8.029871
2025.4.24,20,3.184592,7.450815
2025.4.24,21,3.041708,8.468725
2025.4.24,22,2.163208,11.211673
2025.4.24,23,0.405516,10.773766
2025.4.24,24,0.016412,10.956654
2025.4.25,1,0.0004,11.762444
2025.4.25,2,0.000724,11.140153
2025.4.25,3,0.000552,10.716545
2025.4.25,4,0.000568,10.397016
2025.4.25,5,0.0004,10.638117
2025.4.25,6,0.016065,9.653753
2025.4.25,7,11.340617,7.406911
2025.4.25,8,56.689616,5.778251
2025.4.25,9,90.322784,4.680945
2025.4.25,10,133.308054,4.904637
2025.4.25,11,175.701179,3.54655
2025.4.25,12,193.279903,2.737532
2025.4.25,13,255.090802,3.023643
2025.4.25,14,288.676296,3.45385
2025.4.25,15,273.292635,4.021839
2025.4.25,16,233.913802,5.166583
2025.4.25,17,180.758509,5.206286
2025.4.25,18,90.565103,7.186861
2025.4.25,19,20.096844,8.352079
2025.4.25,20,3.355433,7.542255
2025.4.25,21,2.820356,6.854125
2025.4.25,22,2.23996,6.770303
2025.4.25,23,0.325876,6.36575
2025.4.25,24,0.016268,4.8177
2025.4.26,1,0.000368,5.270633
2025.4.26,2,0.000432,4.831856
2025.4.26,3,0.000372,4.318602
2025.4.26,4,0.000464,4.99992
2025.4.26,5,0.000256,4.655294
2025.4.26,6,0.113192,4.343588
2025.4.26,7,12.849925,2.31938
2025.4.26,8,75.337241,0.854296
2025.4.26,9,165.393231,0.637544
2025.4.26,10,239.896821,0.376595
2025.4.26,11,249.786187,0.12528
2025.4.26,12,272.360129,0.14832
2025.4.26,13,279.77627,0.04842
2025.4.26,14,271.929811,0.052328
2025.4.26,15,247.893382,0.231133
2025.4.26,16,227.199901,0.771593
2025.4.26,17,164.691888,0.650439
2025.4.26,18,82.760022,0.3821
2025.4.26,19,20.579639,0.403384
2025.4.26,20,3.292511,0.147032
2025.4.26,21,2.8136,0.145876
2025.4.26,22,2.248452,0.485701
2025.4.26,23,0.41448,0.378542
2025.4.26,24,0.016076,0.537028
2025.4.27,1,0.000376,0.237446
2025.4.27,2,0.0007,0.011652
2025.4.27,3,0.000556,0
2025.4.27,4,0.0006,0
2025.4.27,5,0.000304,0
2025.4.27,6,0.049204,0
2025.4.27,7,12.46663,0
2025.4.27,8,71.297062,0.002587
2025.4.27,9,146.554857,0.186901
2025.4.27,10,213.396925,0.910974
2025.4.27,11,234.038551,0.907666
2025.4.27,12,250.173475,1.929216
2025.4.27,13,248.83136,2.560894
2025.4.27,14,198.282341,2.484071
2025.4.27,15,90.558569,2.235295
2025.4.27,16,40.038046,1.906237
2025.4.27,17,25.685406,2.102098
2025.4.27,18,6.798044,2.905094
2025.4.27,19,2.92976,0.958587
2025.4.27,20,3.070011,0.260267
2025.4.27,21,2.623456,0.459091
2025.4.27,22,1.439844,0
2025.4.27,23,0.128864,0
2025.4.27,24,0.00036,0.59004
2025.4.28,1,0.000376,0.659374
2025.4.28,2,0.001004,0.13931
2025.4.28,3,0.000316,0.271089
2025.4.28,4,0.000288,0.3582
2025.4.28,5,0.00028,0.67608
2025.4.28,6,0.00744,4.863497
2025.4.28,7,5.942374,1.851541
2025.4.28,8,34.519388,0.278161
2025.4.28,9,69.422948,0.3015
2025.4.28,10,124.008734,0.621721
2025.4.28,11,218.911689,2.528563
2025.4.28,12,259.919289,3.03926
2025.4.28,13,288.562938,3.337464
2025.4.28,14,267.6912,5.495971
2025.4.28,15,242.854018,7.929796
2025.4.28,16,213.224989,8.372474
2025.4.28,17,172.878223,7.97014
2025.4.28,18,88.458199,8.146608
2025.4.28,19,20.985462,9.436051
2025.4.28,20,3.638347,11.031026
2025.4.28,21,3.033364,9.397182
2025.4.28,22,2.258068,7.531726
2025.4.28,23,0.418004,7.707026
2025.4.28,24,0.015772,7.053161
2025.4.29,1,0.000328,8.47165
2025.4.29,2,0.001028,7.879136
2025.4.29,3,0.000524,7.641615
2025.4.29,4,0.000612,7.222404
2025.4.29,5,0.000368,6.652992
2025.4.29,6,0.144594,6.538498
2025.4.29,7,14.041098,6.082241
2025.4.29,8,77.160931,5.596402
2025.4.29,9,166.491793,4.737439
2025.4.29,10,242.538717,2.495686
2025.4.29,11,293.569915,1.510364
2025.4.29,12,318.146945,1.629397
2025.4.29,13,285.659907,0.707375
2025.4.29,14,308.71877,0.359943
2025.4.29,15,292.468687,0.162026
2025.4.29,16,237.556784,0.023403
2025.4.29,17,163.647257,0.00936
2025.4.29,18,83.687161,0.00144
2025.4.29,19,21.656998,0
2025.4.29,20,2.949929,0.0396
2025.4.29,21,2.372312,0.05112
2025.4.29,22,1.622712,0.01422
2025.4.29,23,0.40362,0.05472
2025.4.29,24,0.01576,0.26298
2025.4.30,1,0.000384,0.36
2025.4.30,2,0.001164,0.40158
2025.4.30,3,0.000532,0.549
2025.4.30,4,0.00066,0.46494
2025.4.30,5,0.000596,0.44766
2025.4.30,6,0.117394,0.60534
2025.4.30,7,14.798778,0.553682
2025.4.30,8,76.454387,0.172863
2025.4.30,9,159.868337,0.523146
2025.4.30,10,215.813682,1.592586
2025.4.30,11,266.887412,0.912177
2025.4.30,12,286.760916,0.56868
2025.4.30,13,305.2953,0.75699
2025.4.30,14,317.057793,1.613402
2025.4.30,15,294.184774,3.422027
2025.4.30,16,243.528604,3.990429
2025.4.30,17,174.513837,3.246435
2025.4.30,18,89.983718,2.569632
2025.4.30,19,21.26268,5.052799
2025.4.30,20,3.122918,4.106021
2025.4.30,21,2.378128,4.634546
2025.4.30,22,1.655348,9.674856
2025.4.30,23,0.41602,8.597339
2025.4.30,24,0.01612,8.742832
2025.5.1,1,0.000224,7.101643
2025.5.1,2,0.000896,4.473711
2025.5.1,3,0.000396,5.610493
2025.5.1,4,0.000612,11.250225
2025.5.1,5,0.000296,9.630027
2025.5.1,6,0.166966,7.651028
2025.5.1,7,15.099331,3.744852
2025.5.1,8,53.534978,4.299015
2025.5.1,9,101.152981,7.37257
2025.5.1,10,106.977843,10.100644
2025.5.1,11,75.924756,10.952978
2025.5.1,12,32.518313,8.512618
2025.5.1,13,33.993876,11.359535
2025.5.1,14,30.577633,8.51388
2025.5.1,15,6.723599,5.83767
2025.5.1,16,3.498994,6.567905
2025.5.1,17,3.814164,1.596262
2025.5.1,18,2.750656,0.247007
2025.5.1,19,1.342485,0.256797
2025.5.1,20,0.461563,0.714827
2025.5.1,21,0.014088,2.956676
2025.5.1,22,0.0004,8.995812
2025.5.1,23,0.0004,9.90995
2025.5.1,24,0.000352,9.708336
2025.5.2,1,0.00036,9.21493
2025.5.2,2,0.00036,10.14355
2025.5.2,3,0.0004,9.6516
2025.5.2,4,0.000248,8.579455
2025.5.2,5,0.00024,9.326464
2025.5.2,6,0.187195,9.30996
2025.5.2,7,14.092978,7.489704
2025.5.2,8,79.253897,5.381429
2025.5.2,9,168.81359,4.323624
2025.5.2,10,242.852567,3.82472
2025.5.2,11,255.38703,2.675691
2025.5.2,12,276.87947,3.655279
2025.5.2,13,286.32517,4.851204
2025.5.2,14,278.226219,4.72628
2025.5.2,15,253.608459,3.51067
2025.5.2,16,218.394765,1.877807
2025.5.2,17,169.344674,2.006463
2025.5.2,18,85.943024,2.662508
2025.5.2,19,22.572421,2.332132
2025.5.2,20,3.127709,1.739268
2025.5.2,21,2.3805,0.914618
2025.5.2,22,1.630284,0.294096
2025.5.2,23,0.412688,0.0018
2025.5.2,24,0.016332,0.035941
2025.5.3,1,0.000256,0.0252
2025.5.3,2,0.000736,0.53748
2025.5.3,3,0.000348,1.5545
2025.5.3,4,0.012176,2.355087
2025.5.3,5,0.037536,4.119288
2025.5.3,6,0.184776,7.566031
2025.5.3,7,13.788219,9.058135
2025.5.3,8,58.886033,7.863509
2025.5.3,9,100.889684,5.661797
2025.5.3,10,149.020696,10.181295
2025.5.3,11,137.789868,8.023961
2025.5.3,12,97.180947,7.578248
2025.5.3,13,109.780353,8.175778
2025.5.3,14,100.517163,9.55755
2025.5.3,15,130.649702,10.751283
2025.5.3,16,89.95274,11.931372
2025.5.3,17,107.558446,12.276938
2025.5.3,18,82.221812,12.233837
2025.5.3,19,25.69166,12.335133
2025.5.3,20,2.113321,11.30957
2025.5.3,21,0.216764,11.392046
2025.5.3,22,0.000304,10.56571
2025.5.3,23,0.000304,6.984718
2025.5.3,24,0.00028,9.074183
2025.5.4,1,0.000312,9.220828
2025.5.4,2,0.000392,8.593771
2025.5.4,3,0.000424,7.411638
2025.5.4,4,0.000344,6.437189
2025.5.4,5,0.000232,6.150733
2025.5.4,6,0.232495,4.378097
2025.5.4,7,15.80171,4.341797
2025.5.4,8,80.941224,3.085946
2025.5.4,9,171.075313,2.345651
2025.5.4,10,223.567949,1.236825
2025.5.4,11,256.813951,0.83529
2025.5.4,12,282.813006,0.450523
2025.5.4,13,290.493413,0.593212
2025.5.4,14,282.227943,0.691308
2025.5.4,15,257.17603,0.500046
2025.5.4,16,237.1483,0.535124
2025.5.4,17,175.643465,1.050464
2025.5.4,18,90.429914,1.130079
2025.5.4,19,22.989698,1.387682
2025.5.4,20,2.827204,0.909389
2025.5.4,21,2.089752,1.086349
2025.5.4,22,1.352836,0.936582
2025.5.4,23,0.13024,0.639987
2025.5.4,24,0.000368,0.136063
2025.5.5,1,0.000384,0.02322
2025.5.5,2,0.00092,0.15786
2025.5.5,3,0.000588,0.19188
2025.5.5,4,0.0004,0.20988
2025.5.5,5,0.000408,0.29646
2025.5.5,6,0.230212,0.244981
2025.5.5,7,20.759818,0.498212
2025.5.5,8,69.208783,0.761411
2025.5.5,9,83.03179,1.455231
2025.5.5,10,96.935685,3.3348
2025.5.5,11,140.853366,4.852426
2025.5.5,12,114.610157,6.608897
2025.5.5,13,42.755142,4.477897
2025.5.5,14,30.220877,1.746985
2025.5.5,15,40.197132,2.491621
2025.5.5,16,30.402564,4.1069
2025.5.5,17,30.532747,1.363856
2025.5.5,18,17.989256,1.180214
2025.5.5,19,7.460091,2.680736
2025.5.5,20,0.305634,4.221072
2025.5.5,21,0.00036,5.882927
2025.5.5,22,0.000328,4.915462
2025.5.5,23,0.000336,4.78919
2025.5.5,24,0.000312,2.648392
2025.5.6,1,0.000392,2.446775
2025.5.6,2,0.000384,4.740447
2025.5.6,3,0.0004,8.695386
2025.5.6,4,0.0004,7.990715
2025.5.6,5,0.000408,5.302982
2025.5.6,6,0.006177,3.4113
2025.5.6,7,2.525267,2.836397
2025.5.6,8,12.79954,2.107903
2025.5.6,9,27.993342,1.134838
2025.5.6,10,50.158215,0.424276
2025.5.6,11,40.801215,0.144723
2025.5.6,12,76.264894,0.16992
2025.5.6,13,94.666536,0.180068
2025.5.6,14,68.575431,0.128947
2025.5.6,15,44.944655,0.288601
2025.5.6,16,55.801188,2.94501
2025.5.6,17,70.235005,5.520704
2025.5.6,18,57.820235,5.043516
2025.5.6,19,24.178863,5.520565
2025.5.6,20,2.199795,6.874603
2025.5.6,21,0.03552,5.637074
2025.5.6,22,0.000376,5.55806
2025.5.6,23,0.000384,4.68409
2025.5.6,24,0.000376,6.292906
2025.5.7,1,0.000376,5.472649
2025.5.7,2,0.000352,4.568382
2025.5.7,3,0.000392,3.96308
2025.5.7,4,0.000416,3.859382
2025.5.7,5,0.000408,4.442427
2025.5.7,6,0.366773,3.953588
2025.5.7,7,19.316412,2.247302
2025.5.7,8,75.379784,1.225707
2025.5.7,9,151.497544,0.683226
2025.5.7,10,221.77419,0.272505
2025.5.7,11,272.086234,0.193788
2025.5.7,12,282.685111,0.232682
2025.5.7,13,267.678853,0.12924
2025.5.7,14,275.929562,0.157082
2025.5.7,15,234.494007,0.09792
2025.5.7,16,184.853262,0.05274
2025.5.7,17,119.333346,0.01422
2025.5.7,18,66.607867,0.000421
2025.5.7,19,22.905407,0.000241
2025.5.7,20,2.95298,0.008919
2025.5.7,21,2.040184,0.002893
2025.5.7,22,1.340664,0.000482
2025.5.7,23,0.145772,0.009604
2025.5.7,24,0.000312,0.00324
2025.5.8,1,0.000336,0.018114
2025.5.8,2,0.001008,0.000421
2025.5.8,3,0.000484,0.007232
2025.5.8,4,0.000376,0
2025.5.8,5,0.000368,0
2025.5.8,6,0.464912,0.027
2025.5.8,7,19.525313,0.21024
2025.5.8,8,75.983972,0.108466
2025.5.8,9,155.230294,0.170446
2025.5.8,10,225.027548,0.940843
2025.5.8,11,268.355076,2.189608
2025.5.8,12,296.917336,2.012818
2025.5.8,13,310.245541,1.922408
2025.5.8,14,279.515655,2.674145
2025.5.8,15,216.771839,3.618056
2025.5.8,16,145.004925,4.31985
2025.5.8,17,81.732416,3.976471
2025.5.8,18,45.762046,4.285711
2025.5.8,19,12.985492,3.739148
2025.5.8,20,2.312644,4.110496
2025.5.8,21,1.814376,5.058766
2025.5.8,22,1.158712,6.173606
2025.5.8,23,0.118268,7.574731
2025.5.8,24,0.00044,8.408202
2025.5.9,1,0.000424,6.257567
2025.5.9,2,0.001124,6.892469
2025.5.9,3,0.000516,8.490031
2025.5.9,4,0.000416,10.075571
2025.5.9,5,0.000456,8.989519
2025.5.9,6,0.062244,10.274195
2025.5.9,7,1.116495,12.041542
2025.5.9,8,7.097829,12.71131
2025.5.9,9,14.468364,8.389171
2025.5.9,10,25.645254,8.314023
2025.5.9,11,20.408597,9.990696
2025.5.9,12,29.999791,7.733273
2025.5.9,13,24.576442,4.844244
2025.5.9,14,27.698099,2.009994
2025.5.9,15,33.69382,2.214
2025.5.9,16,36.650116,3.096005
2025.5.9,17,30.840727,6.265422
2025.5.9,18,15.29836,9.550087
2025.5.9,19,9.65816,9.785227
2025.5.9,20,0.542764,7.775314
2025.5.9,21,0.00036,8.420916
2025.5.9,22,0.00036,11.897244
2025.5.9,23,0.000376,7.479091
2025.5.9,24,0.000352,3.901051
2025.5.10,1,0.00036,4.757267
2025.5.10,2,0.000304,3.9504
2025.5.10,3,0.00036,6.740183
2025.5.10,4,0.000352,6.46704
2025.5.10,5,0.000296,6.738
2025.5.10,6,0.201373,7.038926
2025.5.10,7,9.742592,6.78246
2025.5.10,8,51.053604,6.131931
2025.5.10,9,108.77949,5.46089
2025.5.10,10,185.697825,3.234582
2025.5.10,11,215.532989,4.509574
2025.5.10,12,174.645594,9.276268
2025.5.10,13,120.078678,9.65359
2025.5.10,14,164.493518,9.670717
2025.5.10,15,90.228275,11.755801
2025.5.10,16,77.908124,8.966824
2025.5.10,17,104.718929,10.138935
2025.5.10,18,68.698673,11.136542
2025.5.10,19,16.310727,10.573623
2025.5.10,20,2.846241,8.861588
2025.5.10,21,1.075724,9.044583
2025.5.10,22,0.2002,9.193687
2025.5.10,23,0.001076,7.012216
2025.5.10,24,0.000668,8.668835
2025.5.11,1,0.000368,10.646259
2025.5.11,2,0.000504,11.23235
2025.5.11,3,0.000384,10.227229
2025.5.11,4,0.00044,6.753657
2025.5.11,5,0.000468,7.147135
2025.5.11,6,0.055601,8.074038
2025.5.11,7,6.097373,6.954597
2025.5.11,8,25.0897,4.833916
2025.5.11,9,31.480732,2.408578
2025.5.11,10,48.42897,2.980918
2025.5.11,11,131.302916,1.282614
2025.5.11,12,231.092577,2.858741
2025.5.11,13,212.34332,3.492202
2025.5.11,14,199.658596,5.561111
2025.5.11,15,225.670979,6.44319
2025.5.11,16,201.066838,7.834026
2025.5.11,17,145.824424,4.427756
2025.5.11,18,89.025869,5.504052
2025.5.11,19,25.498058,5.653387
2025.5.11,20,3.654607,4.829192
2025.5.11,21,2.242436,1.696719
2025.5.11,22,1.104876,1.341998
2025.5.11,23,0.289448,0.641995
2025.5.11,24,0.013472,0.237373
2025.5.12,1,0.000232,0.219783
2025.5.12,2,0.000484,0.138828
2025.5.12,3,0.000312,0.195331
2025.5.12,4,0.000248,0.227053
2025.5.12,5,0.000256,0.098891
2025.5.12,6,0.578989,0.127518
2025.5.12,7,19.472195,0.12798
2025.5.12,8,80.620488,0.04464
2025.5.12,9,158.669792,0.10152
2025.5.12,10,220.042605,0.279842
2025.5.12,11,263.235882,0.54054
2025.5.12,12,283.50929,0.05904
2025.5.12,13,265.890769,0.02286
2025.5.12,14,263.139112,1.08684
2025.5.12,15,269.942801,1.24056
2025.5.12,16,229.398563,0.932963
2025.5.12,17,161.801547,0.70949
2025.5.12,18,85.841963,0.616492
2025.5.12,19,25.494441,0.390507
2025.5.12,20,3.543195,0.21006
2025.5.12,21,2.345208,0.23238
2025.5.12,22,1.639824,0.52074
2025.5.12,23,0.443576,1.037454
2025.5.12,24,0.01522,1.177865
2025.5.13,1,0.000224,1.61928
2025.5.13,2,0.000568,1.49292
2025.5.13,3,0.000288,1.215
2025.5.13,4,0.000256,1.15146
2025.5.13,5,0.000456,1.1277
2025.5.13,6,0.613101,1.30554
2025.5.13,7,19.038599,0.82098
2025.5.13,8,83.333034,0.463191
2025.5.13,9,162.328069,0.449944
2025.5.13,10,225.980049,0.576456
2025.5.13,11,270.733064,0.346438
2025.5.13,12,288.624151,0.35802
2025.5.13,13,299.543674,0.42426
2025.5.13,14,301.231085,0.37116
2025.5.13,15,275.86046,0.278643
2025.5.13,16,223.740071,0.362611
2025.5.13,17,153.857006,0.657703
2025.5.13,18,89.471349,0.928022
2025.5.13,19,25.831898,0.397752
2025.5.13,20,3.579925,1.740247
2025.5.13,21,2.3809,2.899384
2025.5.13,22,1.673532,2.781309
2025.5.13,23,0.434192,2.85025
2025.5.13,24,0.014864,4.062698
2025.5.14,1,0.0004,6.1163
2025.5.14,2,0.000736,4.112686
2025.5.14,3,0.000452,5.020488
2025.5.14,4,0.000444,5.610101
2025.5.14,5,0.000432,2.875312
2025.5.14,6,0.737875,3.831531
2025.5.14,7,20.640712,1.692229
2025.5.14,8,79.244003,2.336244
2025.5.14,9,153.773285,3.655191
2025.5.14,10,219.918408,4.724158
2025.5.14,11,273.369909,5.905322
2025.5.14,12,245.326019,7.153419
2025.5.14,13,202.464909,7.462
2025.5.14,14,156.727698,7.337478
2025.5.14,15,125.699463,6.930778
2025.5.14,16,103.847476,7.383466
2025.5.14,17,65.848868,10.019332
2025.5.14,18,39.617334,10.308772
2025.5.14,19,19.323006,8.942634
2025.5.14,20,2.71454,8.839968
2025.5.14,21,1.342628,6.154746
2025.5.14,22,0.328908,7.527862
2025.5.14,23,0.00024,8.382521
2025.5.14,24,0.000216,9.622981
2025.5.15,1,0.000256,9.793155
2025.5.15,2,0.000248,8.325581
2025.5.15,3,0.0004,11.711703
2025.5.15,4,0.000472,10.480551
2025.5.15,5,0.0004,6.707059
2025.5.15,6,0.116644,3.510235
2025.5.15,7,8.695173,5.224772
2025.5.15,8,32.143635,5.55648
2025.5.15,9,64.185637,3.683615
2025.5.15,10,81.209347,2.672013
2025.5.15,11,66.603528,4.88533
2025.5.15,12,55.954151,2.919031
2025.5.15,13,55.532958,3.228388
2025.5.15,14,63.427769,5.677745
2025.5.15,15,73.416095,6.99413
2025.5.15,16,48.363681,1.198338
2025.5.15,17,41.011713,0.69804
2025.5.15,18,21.609123,1.206529
2025.5.15,19,11.7082,1.590232
2025.5.15,20,1.207281,1.068984
2025.5.15,21,0.11262,2.554652
2025.5.15,22,0.000272,2.165827
2025.5.15,23,0.00024,5.103037
2025.5.15,24,0.000232,8.491349
2025.5.16,1,0.000272,8.718892
2025.5.16,2,0.00028,5.50452
2025.5.16,3,0.00028,4.029247
2025.5.16,4,0.000304,2.312385
2025.5.16,5,0.009376,2.487391
2025.5.16,6,0.135144,0.809557
2025.5.16,7,3.912742,2.075616
2025.5.16,8,11.043836,3.401395
2025.5.16,9,20.505051,2.950515
2025.5.16,10,16.67274,3.602464
2025.5.16,11,19.903558,4.691179
2025.5.16,12,22.393697,3.382472
2025.5.16,13,27.876757,5.86447
2025.5.16,14,21.87133,9.444933
2025.5.16,15,11.198706,11.637337
2025.5.16,16,8.421293,11.76115
2025.5.16,17,7.49889,12.650546
2025.5.16,18,7.323511,9.536566
2025.5.16,19,2.550197,8.388314
2025.5.16,20,0.228932,8.789412
2025.5.16,21,0.00036,8.615727
2025.5.16,22,0.000368,8.816656
2025.5.16,23,0.000384,3.2727
2025.5.16,24,0.000376,4.070941
2025.5.17,1,0.000384,6.904587
2025.5.17,2,0.000336,6.123043
2025.5.17,3,0.000392,9.147003
2025.5.17,4,0.000384,10.760624
2025.5.17,5,0.000384,8.671393
2025.5.17,6,0.584198,5.591283
2025.5.17,7,17.868907,7.927712
2025.5.17,8,73.178259,7.48546
2025.5.17,9,129.792607,3.450636
2025.5.17,10,191.232356,1.623436
2025.5.17,11,249.042708,1.568493
2025.5.17,12,214.135459,2.156522
2025.5.17,13,252.862134,1.909863
2025.5.17,14,270.240692,1.901983
2025.5.17,15,259.340055,2.601047
2025.5.17,16,134.539989,1.319146
2025.5.17,17,105.629109,0.271596
2025.5.17,18,65.956703,0.20646
2025.5.17,19,27.354482,0.234283
2025.5.17,20,4.849718,0.66722
2025.5.17,21,1.752684,1.624533
2025.5.17,22,1.031428,3.773532
2025.5.17,23,0.17248,3.419799
2025.5.17,24,0.000304,5.184984
2025.5.18,1,0.000352,8.066545
2025.5.18,2,0.000524,7.933089
2025.5.18,3,0.000352,7.79507
2025.5.18,4,0.000368,7.283502
2025.5.18,5,0.000352,6.776164
2025.5.18,6,0.591624,8.080353
2025.5.18,7,17.914588,6.995814
2025.5.18,8,61.462038,4.881
2025.5.18,9,81.460453,4.707446
2025.5.18,10,146.137129,5.52999
2025.5.18,11,234.690921,4.676686
2025.5.18,12,210.555118,2.529138
2025.5.18,13,243.424795,2.652285
2025.5.18,14,241.930097,3.853849
2025.5.18,15,218.070646,3.296307
2025.5.18,16,144.301422,1.576534
2025.5.18,17,74.364655,2.674842
2025.5.18,18,44.276998,1.408377
2025.5.18,19,22.363927,1.179853
2025.5.18,20,4.263235,0.507125
2025.5.18,21,1.907332,0.059309
2025.5.18,22,1.21542,0.219003
2025.5.18,23,0.295856,0.533584
2025.5.18,24,0.015344,0.035408
2025.5.19,1,0.000408,0
2025.5.19,2,0.001036,0
2025.5.19,3,0.000428,0.034452
2025.5.19,4,0.000448,0.362679
2025.5.19,5,0.000492,0.831853
2025.5.19,6,0.860834,0.881644
2025.5.19,7,21.634297,0.97542
2025.5.19,8,67.009405,1.00584
2025.5.19,9,130.189379,0.75942
2025.5.19,10,207.014168,1.0449
2025.5.19,11,258.1578,1.17684
2025.5.19,12,291.971288,1.75088
2025.5.19,13,297.996497,2.6693
2025.5.19,14,287.451767,2.021717
2025.5.19,15,262.817296,1.857933
2025.5.19,16,207.712148,2.226665
2025.5.19,17,114.018162,5.80464
2025.5.19,18,59.425568,8.033709
2025.5.19,19,20.965391,9.018842
2025.5.19,20,4.258832,7.588314
2025.5.19,21,2.305972,7.034272
2025.5.19,22,1.583044,5.523059
2025.5.19,23,0.39496,4.87971
2025.5.19,24,0.015044,2.712953
2025.5.20,1,0.000384,1.618126
2025.5.20,2,0.000992,1.45301
2025.5.20,3,0.000456,0.9774
2025.5.20,4,0.000456,1.04886
2025.5.20,5,0.0005,0.84636
2025.5.20,6,0.707331,0.601772
2025.5.20,7,15.28696,0.95141
2025.5.20,8,48.302845,0.63792
2025.5.20,9,101.848635,0.50778
2025.5.20,10,157.200322,0.44838
2025.5.20,11,195.949326,0.31248
2025.5.20,12,237.722913,0.44136
2025.5.20,13,236.083752,0.664584
2025.5.20,14,131.911241,0.986179
2025.5.20,15,106.429175,2.048711
2025.5.20,16,72.449756,3.720475
2025.5.20,17,29.277896,2.562843
2025.5.20,18,14.136598,5.934774
2025.5.20,19,10.489079,7.523584
2025.5.20,20,1.565516,6.503416
2025.5.20,21,0.314424,5.808158
2025.5.20,22,0.000296,5.079679
2025.5.20,23,0.000328,5.42155
2025.5.20,24,0.000392,5.318998
2025.5.21,1,0.000368,5.478808
2025.5.21,2,0.000384,5.098518
2025.5.21,3,0.000344,3.690385
2025.5.21,4,0.000376,3.629078
2025.5.21,5,0.000384,2.278125
2025.5.21,6,0.901038,0.983626
2025.5.21,7,12.084151,0.878473
2025.5.21,8,28.695181,1.924361
2025.5.21,9,30.876071,2.459368
2025.5.21,10,32.551612,2.486434
2025.5.21,11,15.057772,2.470188
2025.5.21,12,22.80729,1.192532
2025.5.21,13,15.685692,1.478122
2025.5.21,14,21.572234,1.314926
2025.5.21,15,35.077782,0.371739
2025.5.21,16,46.59662,1.240243
2025.5.21,17,29.577657,1.452577
2025.5.21,18,14.027171,0.753351
2025.5.21,19,4.379445,0.58788
2025.5.21,20,0.158211,0.63468
2025.5.21,21,0.000368,0.498828
2025.5.21,22,0.000408,1.330039
2025.5.21,23,0.000392,1.131104
2025.5.21,24,0.000376,2.706016
2025.5.22,1,0.0004,3.721582
2025.5.22,2,0.000408,3.828779
2025.5.22,3,0.000344,3.114511
2025.5.22,4,0.00036,3.978689
2025.5.22,5,0.000312,4.418173
2025.5.22,6,0.26506,3.101626
2025.5.22,7,10.817244,3.217904
2025.5.22,8,59.404918,3.173061
2025.5.22,9,118.315494,5.100395
2025.5.22,10,205.685276,2.952452
2025.5.22,11,259.753628,0.486224
2025.5.22,12,254.282163,0.746817
2025.5.22,13,170.496156,0.675883
2025.5.22,14,157.289373,0.54282
2025.5.22,15,139.24903,0.057311
2025.5.22,16,145.708346,0.006065
2025.5.22,17,108.628884,0.00288
2025.5.22,18,43.390758,0.05058
2025.5.22,19,10.981342,0.20376
2025.5.22,20,2.20149,0.03978
2025.5.22,21,1.511188,0.0108
2025.5.22,22,0.848928,0.96435
2025.5.22,23,0.051264,2.993156
2025.5.22,24,0.087088,3.514984
2025.5.23,1,0.05884,3.097078
2025.5.23,2,0.041256,1.236662
2025.5.23,3,0.000272,1.013223
2025.5.23,4,0.000288,3.756099
2025.5.23,5,0.000272,4.584615
2025.5.23,6,0.035528,6.158155
2025.5.23,7,2.915084,3.877108
2025.5.23,8,12.197334,4.935023
2025.5.23,9,22.161162,7.004106
2025.5.23,10,34.203472,7.482829
2025.5.23,11,43.601957,5.033594
2025.5.23,12,42.388544,4.506024
2025.5.23,13,36.078687,5.578293
2025.5.23,14,36.282215,7.160935
2025.5.23,15,25.218584,8.103001
2025.5.23,16,28.515471,7.10392
2025.5.23,17,28.560778,7.357477
2025.5.23,18,21.486925,6.868505
2025.5.23,19,5.576437,6.574312
2025.5.23,20,0.2848,6.885708
2025.5.23,21,0.00032,5.103692
2025.5.23,22,0.000312,5.75632
2025.5.23,23,0.00028,6.507283
2025.5.23,24,0.000264,8.424274
2025.5.24,1,0.000256,6.979597
2025.5.24,2,0.000272,10.014888
2025.5.24,3,0.000296,10.558469
2025.5.24,4,0.000304,11.814088
2025.5.24,5,0.00028,13.112943
2025.5.24,6,0.192471,12.304249
2025.5.24,7,6.483399,11.406442
2025.5.24,8,23.439985,8.662716
2025.5.24,9,34.1152,5.356454
2025.5.24,10,73.20193,6.101833
2025.5.24,11,74.10787,3.449434
2025.5.24,12,76.30214,2.064998
2025.5.24,13,111.678656,1.76616
2025.5.24,14,111.17196,1.628106
2025.5.24,15,119.121443,2.136113
2025.5.24,16,132.483446,4.077338
2025.5.24,17,76.863552,6.292511
2025.5.24,18,49.028969,5.38441
2025.5.24,19,18.17109,9.687108
2025.5.24,20,5.68292,8.965618
2025.5.24,21,0.484316,10.290905
2025.5.24,22,0.019296,8.944051
2025.5.24,23,0.000448,7.551879
2025.5.24,24,0.000304,7.44446
2025.5.25,1,0.000272,8.510336
2025.5.25,2,0.00032,8.641536
2025.5.25,3,0.000272,7.409178
2025.5.25,4,0.000296,6.358778
2025.5.25,5,0.000272,4.361654
2025.5.25,6,0.673023,3.458003
2025.5.25,7,12.6362,2.596144
2025.5.25,8,39.858769,1.803021
2025.5.25,9,92.071658,0.727037
2025.5.25,10,153.061225,0.684961
2025.5.25,11,222.854335,0.4914
2025.5.25,12,251.136546,0.02268
2025.5.25,13,267.324216,0.175885
2025.5.25,14,260.591397,0.74123
2025.5.25,15,240.354122,0.846707
2025.5.25,16,229.307209,1.049389
2025.5.25,17,165.093462,2.329951
2025.5.25,18,86.969003,3.527867
2025.5.25,19,30.057293,4.076947
2025.5.25,20,4.478535,3.797574
2025.5.25,21,1.583764,5.478961
2025.5.25,22,1.060684,4.870634
2025.5.25,23,0.145976,4.254889
2025.5.25,24,0.000232,3.281463
2025.5.26,1,0.000256,3.169802
2025.5.26,2,0.00028,1.434844
2025.5.26,3,0.00028,0.917241
2025.5.26,4,0.00028,0.760595
2025.5.26,5,0.000296,0.267684
2025.5.26,6,1.057012,0.017164
2025.5.26,7,22.036446,0.311282
2025.5.26,8,66.401851,1.121346
2025.5.26,9,126.569561,0.616532
2025.5.26,10,173.903052,0.089657
2025.5.26,11,220.615125,0.037861
2025.5.26,12,286.159435,0.02142
2025.5.26,13,311.648979,0.0234
2025.5.26,14,302.178979,0.02682
2025.5.26,15,280.610252,0.126262
2025.5.26,16,233.59387,0.640745
2025.5.26,17,165.640286,1.284617
2025.5.26,18,90.023018,1.257695
2025.5.26,19,32.962626,0.858457
2025.5.26,20,5.78171,1.035799
2025.5.26,21,1.58954,1.033323
2025.5.26,22,1.084776,0.73416
2025.5.26,23,0.145968,0.520249
2025.5.26,24,0.000376,1.035848
2025.5.27,1,0.000376,0.576778
2025.5.27,2,0.000384,0.331061
2025.5.27,3,0.000408,0.308591
2025.5.27,4,0.000424,0.391501
2025.5.27,5,0.0004,0.465278
2025.5.27,6,1.24521,0.310971
2025.5.27,7,23.239944,0.205329
2025.5.27,8,74.480518,0.132968
2025.5.27,9,142.487873,0.015743
2025.5.27,10,205.677148,0.01278
2025.5.27,11,253.32671,0.01836
2025.5.27,12,282.51593,0.02124
2025.5.27,13,292.657134,0.02142
2025.5.27,14,287.49215,0.0216
2025.5.27,15,262.362459,0.01818
2025.5.27,16,217.242624,0.028624
2025.5.27,17,153.986504,0.105591
2025.5.27,18,84.397729,0.371766
2025.5.27,19,29.770187,0.722231
2025.5.27,20,4.406388,1.075001
2025.5.27,21,1.636296,1.589413
2025.5.27,22,1.048164,1.509754
2025.5.27,23,0.132092,1.524804
2025.5.27,24,0.000328,1.662276
2025.5.28,1,0.000328,1.667278
2025.5.28,2,0.000328,1.374992
2025.5.28,3,0.000352,0.773064
2025.5.28,4,0.00032,0.550126
2025.5.28,5,0.0004,0.591186
2025.5.28,6,0.8161,0.573081
2025.5.28,7,19.962726,0.531846
2025.5.28,8,61.095065,0.383886
2025.5.28,9,109.96777,0.086019
2025.5.28,10,147.978874,0.01026
2025.5.28,11,223.543367,0.01422
2025.5.28,12,267.727544,0.0207
2025.5.28,13,241.740368,0.02358
2025.5.28,14,215.775979,0.045321
2025.5.28,15,221.226674,0.094215
2025.5.28,16,172.130553,0.02394
2025.5.28,17,124.20786,0.007862
2025.5.28,18,60.830578,0.0018
2025.5.28,19,25.594979,0.044907
2025.5.28,20,4.196718,0.128372
2025.5.28,21,1.759364,0.200235
2025.5.28,22,0.955512,0.68085
2025.5.28,23,0.000288,0.356797
2025.5.28,24,0.000296,0.07686
2025.5.29,1,0.000288,0.02538
2025.5.29,2,0.000288,0.081723
2025.5.29,3,0.00032,0.033605
2025.5.29,4,0.000328,0.173287
2025.5.29,5,0.000288,0.180057
2025.5.29,6,0.95086,0.087242
2025.5.29,7,23.205816,0.018
2025.5.29,8,75.106551,0.00198
2025.5.29,9,143.978924,0.055095
2025.5.29,10,209.08073,0.329613
2025.5.29,11,258.931525,0.438448
2025.5.29,12,290.065922,0.28026
2025.5.29,13,299.886595,0.5112
2025.5.29,14,296.662032,0.6753
2025.5.29,15,271.280413,0.40536
2025.5.29,16,224.617756,0.1818
2025.5.29,17,159.658833,0.14022
2025.5.29,18,86.994799,0.11088
2025.5.29,19,29.951391,0.03402
2025.5.29,20,4.489802,0
2025.5.29,21,1.83358,0.15072
2025.5.29,22,1.139388,0.0252
2025.5.29,23,0.12826,0.01656
2025.5.29,24,0.000416,0
2025.5.30,1,0.0004,0
2025.5.30,2,0.000416,0
2025.5.30,3,0.000456,0.01908
2025.5.30,4,0.00048,0.1269
2025.5.30,5,0.00036,0.09216
2025.5.30,6,1.573037,0.00378
2025.5.30,7,22.445797,0.00774
2025.5.30,8,75.559141,0.0396
2025.5.30,9,149.378211,0.12636
2025.5.30,10,212.228343,0.09054
2025.5.30,11,254.394486,0.10764
2025.5.30,12,286.871838,0.10368
2025.5.30,13,299.451617,0.07866
2025.5.30,14,288.861218,0.10368
2025.5.30,15,262.832664,0.07668
2025.5.30,16,216.135242,0.06354
2025.5.30,17,147.334754,0.0441
2025.5.30,18,79.797447,0.04158
2025.5.30,19,30.277636,0.01926
2025.5.30,20,4.794294,0.027
2025.5.30,21,1.832612,0.00738
2025.5.30,22,1.12544,0
2025.5.30,23,0.130728,0
2025.5.30,24,0.000448,0.0216
2025.5.31,1,0.000344,0.0234
2025.5.31,2,0.000328,0
2025.5.31,3,0.000408,0
2025.5.31,4,0.000448,0
2025.5.31,5,0.000392,0
2025.5.31,6,1.860437,0
2025.5.31,7,28.790071,0
2025.5.31,8,73.266583,0.03672
2025.5.31,9,126.854419,0.0369
2025.5.31,10,186.56589,0.01278
2025.5.31,11,197.597672,0.01782
2025.5.31,12,193.766215,0.13824
2025.5.31,13,250.082988,0.0432
2025.5.31,14,215.241102,0.1017
2025.5.31,15,146.839106,0.01062
2025.5.31,16,167.536939,0.00486
2025.5.31,17,118.189605,0.00324
2025.5.31,18,51.320373,0.00162
2025.5.31,19,18.259575,0.00036
2025.5.31,20,2.926619,0.03114
2025.5.31,21,1.539396,0.00612
2025.5.31,22,0.267804,0
2025.5.31,23,0.000264,0.00792
2025.5.31,24,0.00024,0.01344
2025.6.1,1,0.000272,0
2025.6.1,2,0.000272,0
2025.6.1,3,0.000288,0.00504
2025.6.1,4,0.000272,0.00054
2025.6.1,5,0.000296,0.0045
2025.6.1,6,2.636912,0.01632
2025.6.1,7,24.828891,0.00102
2025.6.1,8,81.345449,0.0009
2025.6.1,9,156.396043,0.00972
2025.6.1,10,221.265263,0.01386
2025.6.1,11,250.72904,0.02124
2025.6.1,12,250.415164,0.05238
2025.6.1,13,260.566486,0.10044
2025.6.1,14,265.134093,0.50742
2025.6.1,15,266.887307,0.99984
2025.6.1,16,228.81564,0.61698
2025.6.1,17,161.13654,0.48348
2025.6.1,18,86.778736,0.3636
2025.6.1,19,29.250942,0.25422
2025.6.1,20,4.462228,0.09912
2025.6.1,21,1.830424,0.08838
2025.6.1,22,1.144384,0.22194
2025.6.1,23,0.065172,0.1062
2025.6.1,24,0.00036,0
2025.6.2,1,0.000392,0.01134
2025.6.2,2,0.00036,0.07488
2025.6.2,3,0.000512,0.64734
2025.6.2,4,0.000552,0.37386
2025.6.2,5,0.0006,0.68058
2025.6.2,6,0.125543,1.09638
2025.6.2,7,7.582886,0.61278
2025.6.2,8,19.743974,0.5244
2025.6.2,9,28.86385,0.56562
2025.6.2,10,42.818351,1.22874
2025.6.2,11,59.628116,1.59792
2025.6.2,12,75.380889,1.72836
2025.6.2,13,81.090663,2.246845
2025.6.2,14,68.002833,4.217024
2025.6.2,15,48.21736,4.751302
2025.6.2,16,27.000325,4.354659
2025.6.2,17,16.057796,4.311117
2025.6.2,18,10.845753,4.383287
2025.6.2,19,5.869886,4.650464
2025.6.2,20,0.868566,5.467041
2025.6.2,21,0.003128,4.263284
2025.6.2,22,0.000504,5.65889
2025.6.2,23,0.000432,6.414699
2025.6.2,24,0.000408,5.669021
2025.6.3,1,0.00036,5.172214
2025.6.3,2,0.000328,4.134571
2025.6.3,3,0.00036,2.95891
2025.6.3,4,0.000352,3.299533
2025.6.3,5,0.000368,3.256012
2025.6.3,6,0.306701,2.132886
2025.6.3,7,8.921064,2.840509
2025.6.3,8,73.391477,3.71895
2025.6.3,9,155.565015,4.31122
2025.6.3,10,215.196147,5.555381
2025.6.3,11,238.306427,5.838841
2025.6.3,12,264.685546,5.561421
2025.6.3,13,277.585658,5.441381
2025.6.3,14,260.802472,5.748164
2025.6.3,15,246.937152,5.658226
2025.6.3,16,231.128281,4.906244
2025.6.3,17,170.475303,4.802861
2025.6.3,18,84.280588,5.174274
2025.6.3,19,28.108113,5.137837
2025.6.3,20,4.528733,4.588874
2025.6.3,21,1.80348,2.836546
2025.6.3,22,0.644952,1.448477
2025.6.3,23,0.000312,1.864133
2025.6.3,24,0.000288,1.70118
2025.6.4,1,0.000296,0.800798
2025.6.4,2,0.000296,0.210029
2025.6.4,3,0.000352,0.728844
2025.6.4,4,0.000456,1.125553
2025.6.4,5,0.00048,0.273041
2025.6.4,6,1.50226,0.113313
2025.6.4,7,23.263904,0.144546
2025.6.4,8,79.91406,0.204816
2025.6.4,9,155.317652,0.266712
2025.6.4,10,186.32539,0.63702
2025.6.4,11,201.838014,0.931343
2025.6.4,12,261.563794,3.566588
2025.6.4,13,217.442963,7.694095
2025.6.4,14,228.178155,8.099597
2025.6.4,15,228.016389,7.231814
2025.6.4,16,224.047375,6.436754
2025.6.4,17,178.921426,5.558058
2025.6.4,18,102.414018,4.699343
2025.6.4,19,32.17222,3.718916
2025.6.4,20,5.063974,3.283012
2025.6.4,21,1.80762,3.504419
2025.6.4,22,1.182988,3.479767
2025.6.4,23,0.017592,3.101704
2025.6.4,24,0.000456,2.277927
2025.6.5,1,0.00044,1.349896
2025.6.5,2,0.0004,1.483105
2025.6.5,3,0.000472,0.800595
2025.6.5,4,0.000592,0.480269
2025.6.5,5,0.000496,0.274717
2025.6.5,6,1.512244,0.101599
2025.6.5,7,22.923988,0.017646
2025.6.5,8,88.743202,0.00162
2025.6.5,9,168.90154,0.00882
2025.6.5,10,234.741078,0.01548
2025.6.5,11,280.124834,0.0207
2025.6.5,12,307.643401,0.02286
2025.6.5,13,279.635755,0.05868
2025.6.5,14,298.208674,0.17658
2025.6.5,15,283.515468,0.0729
2025.6.5,16,217.95505,0.01368
2025.6.5,17,148.680815,0.15606
2025.6.5,18,71.542416,0.18846
2025.6.5,19,35.235119,0.15822
2025.6.5,20,6.301606,0.28656
2025.6.5,21,1.856608,0.76644
2025.6.5,22,1.147516,0.906962
2025.6.5,23,0.161216,0.961021
2025.6.5,24,0.000256,1.06776
2025.6.6,1,0.00036,1.06848
2025.6.6,2,0.000384,1.05174
2025.6.6,3,0.000568,0.9882
2025.6.6,4,0.000392,0.97074
2025.6.6,5,0.000392,0.85806
2025.6.6,6,0.852781,0.8352
2025.6.6,7,18.952676,0.8784
2025.6.6,8,60.754643,0.65016
2025.6.6,9,118.819795,0.4986
2025.6.6,10,188.963138,0.55152
2025.6.6,11,186.437207,0.75222
2025.6.6,12,184.986826,0.88632
2025.6.6,13,212.251979,0.890408
2025.6.6,14,186.289159,0.76608
2025.6.6,15,167.968198,0.54342
2025.6.6,16,116.919886,0.34974
2025.6.6,17,66.062901,0.29484
2025.6.6,18,55.086411,0.40968
2025.6.6,19,22.377748,0.462052
2025.6.6,20,3.041651,0.996608
2025.6.6,21,1.291976,1.133538
2025.6.6,22,0.175696,0.680611
2025.6.6,23,0.000512,1.874982
2025.6.6,24,0.000536,1.442752
2025.6.7,1,0.00056,2.214732
2025.6.7,2,0.00048,1.864761
2025.6.7,3,0.000392,1.295894
2025.6.7,4,0.0004,1.28285
2025.6.7,5,0.000416,0.858904
2025.6.7,6,0.518554,0.825939
2025.6.7,7,15.877435,0.648265
2025.6.7,8,49.533225,0.593395
2025.6.7,9,111.233188,0.608288
2025.6.7,10,119.035261,1.359647
2025.6.7,11,139.912851,0.958861
2025.6.7,12,215.449352,0.741646
2025.6.7,13,88.871285,0.63918
2025.6.7,14,44.948135,1.770078
2025.6.7,15,46.36105,2.026242
2025.6.7,16,45.389398,0.7818
2025.6.7,17,43.181786,0.762513
2025.6.7,18,25.9413,1.095726
2025.6.7,19,9.130141,0.639908
2025.6.7,20,1.264198,0.928757
2025.6.7,21,0.000496,0.754285
2025.6.7,22,0.000488,0.19181
2025.6.7,23,0.000488,0.458453
2025.6.7,24,0.000488,0.11039
2025.6.8,1,0.00052,0.17694
2025.6.8,2,0.000504,0.03492
2025.6.8,3,0.00048,0.19458
2025.6.8,4,0.000448,1.100865
2025.6.8,5,0.000376,0.605029
2025.6.8,6,0.392018,0.113994
2025.6.8,7,5.981373,0.38385
2025.6.8,8,15.469029,0.091255
2025.6.8,9,25.012894,0.36423
2025.6.8,10,36.016565,0.18494
2025.6.8,11,53.415108,0.137193
2025.6.8,12,69.183672,0.25373
2025.6.8,13,49.295389,0.485284
2025.6.8,14,49.868469,0.276218
2025.6.8,15,81.071278,0.312492
2025.6.8,16,69.014831,0.671285
2025.6.8,17,44.135999,0.894379
2025.6.8,18,36.610917,0.518225
2025.6.8,19,17.789672,0.464177
2025.6.8,20,1.653893,0.640619
2025.6.8,21,0.000416,0.619372
2025.6.8,22,0.0004,0.28046
2025.6.8,23,0.000424,0.526588
2025.6.8,24,0.000416,0.455349
2025.6.9,1,0.000456,0.021391
2025.6.9,2,0.0004,0.001144
2025.6.9,3,0.0004,0.000482
2025.6.9,4,0.000408,0.0072
2025.6.9,5,0.000424,0.073108
2025.6.9,6,0.18148,0.216026
2025.6.9,7,10.599053,0.364849
2025.6.9,8,37.880956,0.339136
2025.6.9,9,92.876384,0.385152
2025.6.9,10,106.710114,0.651836
2025.6.9,11,100.458746,0.106536
2025.6.9,12,117.072406,0.352282
2025.6.9,13,108.997424,0.221649
2025.6.9,14,113.204809,0.221135
2025.6.9,15,130.154554,0.293881
2025.6.9,16,161.943644,0.20649
2025.6.9,17,119.521648,0.057725
2025.6.9,18,85.604621,0.00054
2025.6.9,19,44.488534,0.009681
2025.6.9,20,9.533154,0.006483
2025.6.9,21,0.30248,0.02086
2025.6.9,22,0.000384,0.599019
2025.6.9,23,0.000408,0.815415
2025.6.9,24,0.000408,0.565626
2025.6.10,1,0.000448,0.519116
2025.6.10,2,0.000376,0.008357
2025.6.10,3,0.000408,0.04932
2025.6.10,4,0.0004,0.056761
2025.6.10,5,0.000408,0.264839
2025.6.10,6,0.137035,0.044048
2025.6.10,7,12.307658,0.944189
2025.6.10,8,60.286207,0.43272
2025.6.10,9,115.044864,0.31428
2025.6.10,10,141.401547,0.219725
2025.6.10,11,133.824244,0.01098
2025.6.10,12,107.933494,0.028141
2025.6.10,13,65.371126,0.09612
2025.6.10,14,76.222723,0.100102
2025.6.10,15,76.031363,0.145379
2025.6.10,16,73.018205,0.568494
2025.6.10,17,48.850615,0.847667
2025.6.10,18,44.814514,1.269139
2025.6.10,19,15.607128,2.148143
2025.6.10,20,2.077363,1.610572
2025.6.10,21,0.057696,2.445865
2025.6.10,22,0.018384,1.937128
2025.6.10,23,0.000496,1.861329
2025.6.10,24,0.000472,2.209104
2025.6.11,1,0.000528,2.187191
2025.6.11,2,0.000512,3.129034
2025.6.11,3,0.000528,3.162805
2025.6.11,4,0.0004,3.624655
2025.6.11,5,0.000408,2.54605
2025.6.11,6,0.536196,2.220657
2025.6.11,7,7.284881,0.817806
2025.6.11,8,43.649728,1.618418
2025.6.11,9,100.248053,1.848796
2025.6.11,10,137.999362,1.426015
2025.6.11,11,171.462412,1.838552
2025.6.11,12,194.496044,2.284612
2025.6.11,13,272.252488,1.613534
2025.6.11,14,257.970914,1.484993
2025.6.11,15,273.901758,1.300067
2025.6.11,16,241.937221,0.881767
2025.6.11,17,175.392302,0.238932
2025.6.11,18,91.17787,0.112086
2025.6.11,19,32.490963,0.328884
2025.6.11,20,4.461,0.290504
2025.6.11,21,1.843816,0.244651
2025.6.11,22,0.89486,0.491712
2025.6.11,23,0.014464,0.93196
2025.6.11,24,0.0006,0.783533
2025.6.12,1,0.00056,0.284293
2025.6.12,2,0.000488,0.040323
2025.6.12,3,0.000416,0.02826
2025.6.12,4,0.000472,0.2538
2025.6.12,5,0.000504,0.177743
2025.6.12,6,0.370895,0.379748
2025.6.12,7,13.245214,0.22968
2025.6.12,8,27.690316,0.17874
2025.6.12,9,39.057388,0.01548
2025.6.12,10,44.680822,0.0045
2025.6.12,11,60.841631,0.220503
2025.6.12,12,57.343086,0.332935
2025.6.12,13,61.015916,0.3766
2025.6.12,14,58.956676,0.288711
2025.6.12,15,74.328672,0.140969
2025.6.12,16,55.284623,0.048354
2025.6.12,17,46.026381,0.287703
2025.6.12,18,32.968108,0.32297
2025.6.12,19,20.822194,0.603686
2025.6.12,20,1.860066,0.765147
2025.6.12,21,0.000408,1.332253
2025.6.12,22,0.000416,0.959368
2025.6.12,23,0.000448,1.457975
2025.6.12,24,0.000432,1.556621
2025.6.13,1,0.000424,1.391723
2025.6.13,2,0.000368,2.248678
2025.6.13,3,0.000352,1.907805
2025.6.13,4,0.00036,1.182002
2025.6.13,5,0.000424,1.091042
2025.6.13,6,0.533077,1.050947
2025.6.13,7,12.792314,0.986111
2025.6.13,8,30.475069,0.890832
2025.6.13,9,76.959882,1.132082
2025.6.13,10,92.626357,1.631683
2025.6.13,11,113.454645,2.296242
2025.6.13,12,88.701101,2.478304
2025.6.13,13,80.744506,3.561132
2025.6.13,14,72.655386,4.480823
2025.6.13,15,58.494216,3.958472
2025.6.13,16,38.490219,3.647141
2025.6.13,17,20.078599,4.02277
2025.6.13,18,11.490645,3.625393
2025.6.13,19,2.124719,4.593659
2025.6.13,20,0.778758,2.051179
2025.6.13,21,0.096008,3.550849
2025.6.13,22,0.0166,7.960558
2025.6.13,23,0.00032,7.291195
2025.6.13,24,0.00032,3.991035
2025.6.14,1,0.000336,3.713876
2025.6.14,2,0.00032,6.968365
2025.6.14,3,0.000376,7.246268
2025.6.14,4,0.00048,5.280145
2025.6.14,5,0.000512,5.450994
2025.6.14,6,0.034211,5.868056
2025.6.14,7,1.727687,7.713294
2025.6.14,8,8.099191,4.974194
2025.6.14,9,13.516064,4.41348
2025.6.14,10,52.126408,3.467049
2025.6.14,11,124.719991,0.750543
2025.6.14,12,146.476816,0.420463
2025.6.14,13,98.810137,4.577687
2025.6.14,14,127.590271,1.910018
2025.6.14,15,148.346936,2.42564
2025.6.14,16,135.633629,3.735793
2025.6.14,17,131.278128,2.617772
2025.6.14,18,80.331018,3.393117
2025.6.14,19,23.704316,3.388157
2025.6.14,20,3.88311,4.803613
2025.6.14,21,0.000416,5.838888
2025.6.14,22,0.000424,5.455556
2025.6.14,23,0.000376,5.377133
2025.6.14,24,0.000392,4.677593
2025.6.15,1,0.000392,3.259863
2025.6.15,2,0.000384,0.869961
2025.6.15,3,0.000392,0.223771
2025.6.15,4,0.000392,0.05636
2025.6.15,5,0.0004,0.1296
2025.6.15,6,0.846307,0.631054
2025.6.15,7,11.079271,1.757945
2025.6.15,8,28.256246,1.415871
2025.6.15,9,39.374975,0.921313
2025.6.15,10,65.720652,1.23414
2025.6.15,11,117.170574,1.939296
2025.6.15,12,168.873849,1.150436
2025.6.15,13,166.051878,0.941583
2025.6.15,14,113.380788,1.096896
2025.6.15,15,99.860546,1.252696
2025.6.15,16,82.242606,1.376131
2025.6.15,17,24.369409,1.16946
2025.6.15,18,10.383843,1.810603
2025.6.15,19,6.341288,2.133969
2025.6.15,20,1.344714,1.245103
2025.6.15,21,0.039312,1.015815
2025.6.15,22,0.000328,1.376594
2025.6.15,23,0.000424,2.527477
2025.6.15,24,0.000416,2.786934
2025.6.16,1,0.000424,1.446713
2025.6.16,2,0.0004,1.548315
2025.6.16,3,0.000424,1.697317
2025.6.16,4,0.000424,0.735005
2025.6.16,5,0.000392,3.657134
2025.6.16,6,0.265166,3.608374
2025.6.16,7,1.863948,1.374323
2025.6.16,8,5.150509,2.582068
2025.6.16,9,14.386563,4.403386
2025.6.16,10,21.301196,3.359641
2025.6.16,11,49.830503,1.177234
2025.6.16,12,110.386445,4.065696
2025.6.16,13,173.807903,3.898039
2025.6.16,14,235.292113,2.146667
2025.6.16,15,242.855194,4.065639
2025.6.16,16,172.391551,3.988816
2025.6.16,17,149.163562,3.004731
2025.6.16,18,94.456388,1.594574
2025.6.16,19,33.947149,1.59575
2025.6.16,20,5.741188,1.930629
2025.6.16,21,1.505776,4.03645
2025.6.16,22,0.145392,4.704385
2025.6.16,23,0.00036,4.37771
2025.6.16,24,0.000368,2.576539
2025.6.17,1,0.000408,2.731518
2025.6.17,2,0.000384,1.208356
2025.6.17,3,0.00044,1.169585
2025.6.17,4,0.000416,1.60182
2025.6.17,5,0.000408,1.73124
2025.6.17,6,0.798156,2.188697
2025.6.17,7,16.882349,1.408094
2025.6.17,8,55.600642,2.094624
2025.6.17,9,118.772981,2.649266
2025.6.17,10,159.777327,2.622662
2025.6.17,11,180.185211,1.211498
2025.6.17,12,170.292737,0.72036
2025.6.17,13,233.912393,0.60516
2025.6.17,14,255.164339,0.45918
2025.6.17,15,209.561055,0.550558
2025.6.17,16,202.694299,0.246887
2025.6.17,17,153.673463,0.210647
2025.6.17,18,83.738777,0.052981
2025.6.17,19,43.997897,0.099232
2025.6.17,20,10.686886,0.277876
2025.6.17,21,1.728184,0.1854
2025.6.17,22,0.602,0.15955
2025.6.17,23,0.000344,0.23436
2025.6.17,24,0.000336,0.0801
2025.6.18,1,0.000328,0.0729
2025.6.18,2,0.000336,0.0648
2025.6.18,3,0.000336,0.05094
2025.6.18,4,0.000344,0.045
2025.6.18,5,0.000368,0.215899
2025.6.18,6,1.41842,0.36162
2025.6.18,7,22.235769,0.2646
2025.6.18,8,79.092244,0.0342
2025.6.18,9,149.799689,0.00666
2025.6.18,10,205.96508,0.01818
2025.6.18,11,244.438076,0.07272
2025.6.18,12,268.381944,0.121448
2025.6.18,13,286.209097,0.708469
2025.6.18,14,291.787878,1.523521
2025.6.18,15,271.638796,1.389064
2025.6.18,16,230.030779,2.084331
2025.6.18,17,169.430341,0.333777
2025.6.18,18,98.599712,0.056042
2025.6.18,19,39.856528,0.01458
2025.6.18,20,7.354898,0.01854
2025.6.18,21,1.420272,0.17874
2025.6.18,22,0.45508,0.58536
2025.6.18,23,0.000312,0.84564
2025.6.18,24,0.000336,0.945138
2025.6.19,1,0.000376,0.81294
2025.6.19,2,0.000352,0.629351
2025.6.19,3,0.000408,0.824975
2025.6.19,4,0.000448,1.840888
2025.6.19,5,0.00044,1.443006
2025.6.19,6,0.505603,1.272838
2025.6.19,7,11.466725,3.867905
2025.6.19,8,44.715478,5.961793
2025.6.19,9,85.058627,6.105885
2025.6.19,10,106.548268,3.546767
2025.6.19,11,110.011853,4.871389
2025.6.19,12,118.241032,5.395118
2025.6.19,13,120.511918,4.43331
2025.6.19,14,113.632357,4.086028
2025.6.19,15,116.968505,4.462414
2025.6.19,16,102.924901,5.552519
2025.6.19,17,82.784261,4.170137
2025.6.19,18,56.247669,5.623203
2025.6.19,19,22.78861,6.678792
2025.6.19,20,3.474335,5.098527
2025.6.19,21,0.258036,3.617931
2025.6.19,22,0.00032,4.265476
2025.6.19,23,0.000328,4.972013
2025.6.19,24,0.000344,5.81419
2025.6.20,1,0.000408,4.72995
2025.6.20,2,0.000384,3.668801
2025.6.20,3,0.000448,5.035825
2025.6.20,4,0.000456,4.898438
2025.6.20,5,0.000416,6.860721
2025.6.20,6,0.196877,6.277038
2025.6.20,7,7.865316,3.8329
2025.6.20,8,27.492188,5.975483
2025.6.20,9,40.005621,7.17303
2025.6.20,10,59.10975,6.174771
2025.6.20,11,73.620716,5.240775
2025.6.20,12,88.50189,9.165944
2025.6.20,13,99.433491,9.467418
2025.6.20,14,72.742904,8.370677
2025.6.20,15,52.049464,5.954115
2025.6.20,16,36.253428,7.463351
2025.6.20,17,23.568231,7.478622
2025.6.20,18,15.44366,8.186922
2025.6.20,19,5.41764,8.804565
2025.6.20,20,0.444429,6.42999
2025.6.20,21,0.030368,7.95085
2025.6.20,22,0.000496,5.424694
2025.6.20,23,0.000496,5.325695
2025.6.20,24,0.000448,7.730088
2025.6.21,1,0.0004,6.106958
2025.6.21,2,0.000384,6.065109
2025.6.21,3,0.000344,5.878061
2025.6.21,4,0.000352,7.889269
2025.6.21,5,0.000352,8.109566
2025.6.21,6,0.047313,8.485875
2025.6.21,7,4.025013,9.69929
2025.6.21,8,15.804944,9.54632
2025.6.21,9,27.848668,10.035298
2025.6.21,10,40.317341,9.316285
2025.6.21,11,60.304287,7.41454
2025.6.21,12,57.51505,6.13818
2025.6.21,13,59.380501,5.561121
2025.6.21,14,57.077928,4.495746
2025.6.21,15,37.934087,3.205921
2025.6.21,16,22.379943,2.08392
2025.6.21,17,12.136056,1.611
2025.6.21,18,5.766961,1.54775
2025.6.21,19,2.213495,1.681402
2025.6.21,20,0.249789,2.361972
2025.6.21,21,0.00032,3.477184
2025.6.21,22,0.000304,2.299455
2025.6.21,23,0.000328,2.352284
2025.6.21,24,0.000336,0.87984
2025.6.22,1,0.000368,1.706195
2025.6.22,2,0.00044,1.167697
2025.6.22,3,0.000464,0.7921
2025.6.22,4,0.000336,1.021405
2025.6.22,5,0.000352,1.105909
2025.6.22,6,0.114289,0.749967
2025.6.22,7,4.88355,0.631569
2025.6.22,8,13.489863,0.649704
2025.6.22,9,35.821765,0.83077
2025.6.22,10,64.559747,0.508667
2025.6.22,11,145.847003,0.408732
2025.6.22,12,187.073899,1.129149
2025.6.22,13,189.360868,0.459737
2025.6.22,14,149.058205,0.1998
2025.6.22,15,140.455497,0.04752
2025.6.22,16,111.919317,0.00648
2025.6.22,17,93.274302,0.00162
2025.6.22,18,56.238957,0.00018
2025.6.22,19,24.333603,0.10404
2025.6.22,20,3.98527,0.02772
2025.6.22,21,0.625132,0
2025.6.22,22,0.00036,0
2025.6.22,23,0.000432,0
2025.6.22,24,0.00048,0.004994
2025.6.23,1,0.000376,0.060875
2025.6.23,2,0.000528,0.103061
2025.6.23,3,0.000416,0.082931
2025.6.23,4,0.00048,0.241632
2025.6.23,5,0.000392,0.062906
2025.6.23,6,1.265313,0
2025.6.23,7,21.837654,0.04158
2025.6.23,8,79.7695,0.00144
2025.6.23,9,147.698491,0.00558
2025.6.23,10,198.848978,0.101063
2025.6.23,11,226.306718,0.318558
2025.6.23,12,264.066746,0.280371
2025.6.23,13,267.677022,0.285811
2025.6.23,14,244.900247,0.459971
2025.6.23,15,200.206034,0.516492
2025.6.23,16,151.95201,1.187824
2025.6.23,17,101.094542,1.185759
2025.6.23,18,40.989665,0.704779
2025.6.23,19,16.090513,0.413445
2025.6.23,20,2.62763,0.650488
2025.6.23,21,1.495492,0.605039
2025.6.23,22,0.317204,1.252213
2025.6.23,23,0.000328,1.74305
2025.6.23,24,0.000312,2.279953
2025.6.24,1,0.000344,2.562887
2025.6.24,2,0.000368,3.763085
2025.6.24,3,0.0004,2.574434
2025.6.24,4,0.000432,1.741693
2025.6.24,5,0.00052,1.374832
2025.6.24,6,0.36662,0.151834
2025.6.24,7,4.96087,0.368657
2025.6.24,8,13.771227,0.189318
2025.6.24,9,35.312035,0.579896
2025.6.24,10,56.039392,1.68166
2025.6.24,11,62.888204,0.990864
2025.6.24,12,68.591005,0.538621
2025.6.24,13,95.000168,0.692283
2025.6.24,14,123.653848,0.88362
2025.6.24,15,109.602028,0.78678
2025.6.24,16,80.597382,0.9873
2025.6.24,17,62.31954,1.571632
2025.6.24,18,55.889959,2.025558
2025.6.24,19,25.217489,1.271713
2025.6.24,20,4.190676,0.454622
2025.6.24,21,0.038352,0.742053
2025.6.24,22,0.000384,0.804262
2025.6.24,23,0.0004,0.817556
2025.6.24,24,0.000416,1.927638
2025.6.25,1,0.000416,4.160604
2025.6.25,2,0.000368,3.568883
2025.6.25,3,0.000352,2.726927
2025.6.25,4,0.000376,1.802807
2025.6.25,5,0.000392,1.767142
2025.6.25,6,1.291436,1.276726
2025.6.25,7,21.124874,1.735325
2025.6.25,8,56.310185,1.925746
2025.6.25,9,119.861654,5.703221
2025.6.25,10,182.411244,5.463084
2025.6.25,11,224.261606,4.378767
2025.6.25,12,220.531733,1.677316
2025.6.25,13,212.940891,1.220188
2025.6.25,14,258.105813,2.896104
2025.6.25,15,228.171832,3.786817
2025.6.25,16,206.019213,4.099277
2025.6.25,17,160.241526,3.06149
2025.6.25,18,97.014904,0.927999
2025.6.25,19,38.219101,0.172382
2025.6.25,20,7.556784,0.01242
2025.6.25,21,1.54918,0.0009
2025.6.25,22,0.592784,0.1035
2025.6.25,23,0.000416,0.15966
2025.6.25,24,0.000408,0.15354
2025.6.26,1,0.000432,0.09312
2025.6.26,2,0.00036,0.185698
2025.6.26,3,0.000408,0.337893
2025.6.26,4,0.000424,0.169229
2025.6.26,5,0.000424,0.093085
2025.6.26,6,0.577968,0.054158
2025.6.26,7,16.920373,0.04266
2025.6.26,8,60.035837,0.04374
2025.6.26,9,139.568971,0.00648
2025.6.26,10,178.317244,0.01356
2025.6.26,11,254.823192,0.138227
2025.6.26,12,264.520016,0.293772
2025.6.26,13,274.662377,0.211526
2025.6.26,14,257.149695,0.13374
2025.6.26,15,228.051081,0.12924
2025.6.26,16,195.43654,0.04662
2025.6.26,17,169.9275,0.09378
2025.6.26,18,99.80375,0.06588
2025.6.26,19,35.842308,0.01908
2025.6.26,20,6.841096,0.000723
2025.6.26,21,2.152564,0
2025.6.26,22,1.359256,0.126
2025.6.26,23,0.186008,0.30654
2025.6.26,24,0.00036,0.25488
2025.6.27,1,0.00048,0.29988
2025.6.27,2,0.000336,0.07668
2025.6.27,3,0.000408,0.2115
2025.6.27,4,0.000448,0.28674
2025.6.27,5,0.0004,0.29196
2025.6.27,6,0.961473,0.39906
2025.6.27,7,16.669041,0.21366
2025.6.27,8,57.415828,0.10062
2025.6.27,9,124.553122,0.0387
2025.6.27,10,170.282453,0.233621
2025.6.27,11,211.46613,0.840006
2025.6.27,12,207.243637,1.872572
2025.6.27,13,208.09385,1.284553
2025.6.27,14,207.623062,1.407596
2025.6.27,15,208.849658,1.885982
2025.6.27,16,169.254265,0.874087
2025.6.27,17,103.042042,0.429816
2025.6.27,18,72.189607,0.256442
2025.6.27,19,28.196888,0.43182
2025.6.27,20,4.676419,0.42192
2025.6.27,21,1.141996,0.36468
2025.6.27,22,0.385104,0.501361
2025.6.27,23,0.000344,0.50976
2025.6.27,24,0.000344,0.66294
2025.6.28,1,0.00036,0.52974
2025.6.28,2,0.000304,0.29142
2025.6.28,3,0.000384,0.3762
2025.6.28,4,0.000368,0.29808
2025.6.28,5,0.000392,0.18414
2025.6.28,6,0.471752,0.1206
2025.6.28,7,14.215938,0.08658
2025.6.28,8,57.621754,0.220049
2025.6.28,9,120.015729,0.352804
2025.6.28,10,174.669132,0.422714
2025.6.28,11,221.736078,0.502718
2025.6.28,12,248.176406,0.415449
2025.6.28,13,260.055346,0.385685
2025.6.28,14,266.695305,0.479462
2025.6.28,15,255.450311,0.4806
2025.6.28,16,199.434868,0.48301
2025.6.28,17,129.399315,0.380941
2025.6.28,18,73.84953,0.358621
2025.6.28,19,29.737026,0.35208
2025.6.28,20,5.751254,0.247962
2025.6.28,21,1.507552,0.352054
2025.6.28,22,0.551088,0.10769
2025.6.28,23,0.000416,0.198124
2025.6.28,24,0.000432,0.459832
2025.6.29,1,0.000424,0.511807
2025.6.29,2,0.000408,0.346744
2025.6.29,3,0.000416,0.306
2025.6.29,4,0.000384,0.27216
2025.6.29,5,0.00036,0.29736
2025.6.29,6,0.768075,0.19818
2025.6.29,7,16.721627,0.21672
2025.6.29,8,73.785809,0.23994
2025.6.29,9,146.088528,0.33606
2025.6.29,10,208.823327,0.3753
2025.6.29,11,255.172569,0.473223
2025.6.29,12,281.531877,0.458341
2025.6.29,13,283.871848,0.6249
2025.6.29,14,269.736169,0.730655
2025.6.29,15,251.562801,1.403884
2025.6.29,16,218.800116,0.818891
2025.6.29,17,166.000541,0.502987
2025.6.29,18,97.01071,0.534915
2025.6.29,19,32.883062,0.45024
2025.6.29,20,5.623744,0.3744
2025.6.29,21,1.846372,0.652349
2025.6.29,22,1.153552,0.844567
2025.6.29,23,0.03242,3.419471
2025.6.29,24,0.000384,3.460129
2025.6.30,1,0.000352,1.240057
2025.6.30,2,0.000392,0.460712
2025.6.30,3,0.000472,0.234253
2025.6.30,4,0.0004,0.21816
2025.6.30,5,0.000408,0.27684
2025.6.30,6,0.687582,0.333428
2025.6.30,7,15.814111,0.45656
2025.6.30,8,73.791776,0.27972
2025.6.30,9,149.848697,0.227462
2025.6.30,10,211.458078,0.387141
2025.6.30,11,247.9747,0.367981
2025.6.30,12,268.013698,0.48258
2025.6.30,13,266.336505,1.036937
2025.6.30,14,257.213643,0.541138
2025.6.30,15,241.490968,0.085384
2025.6.30,16,198.26851,0.115047
2025.6.30,17,155.389883,0.173301
2025.6.30,18,89.917095,0.42192
2025.6.30,19,32.079927,0.78162
2025.6.30,20,5.646942,1.45737
2025.6.30,21,1.828128,1.869184
2025.6.30,22,1.242164,1.415226
2025.6.30,23,0.169308,1.087598
2025.6.30,24,0.000368,0.937509
2025.7.1,1,0.000384,1.185146
2025.7.1,2,0.000368,0.896172
2025.7.1,3,0.000552,0.672149
2025.7.1,4,0.0004,0.329318
2025.7.1,5,0.000416,0.596284
2025.7.1,6,0.594959,0.486217
2025.7.1,7,15.817886,0.498834
2025.7.1,8,56.634399,0.850493
2025.7.1,9,122.363875,0.999225
2025.7.1,10,182.223813,0.665052
2025.7.1,11,226.032315,1.20001
2025.7.1,12,247.704617,1.190937
2025.7.1,13,254.530058,0.825941
2025.7.1,14,250.818305,0.14004
2025.7.1,15,246.459664,0.328562
2025.7.1,16,204.06037,0.48915
2025.7.1,17,140.239823,0.165827
2025.7.1,18,86.30538,0.098315
2025.7.1,19,32.353795,0.054226
2025.7.1,20,5.832646,0.003484
2025.7.1,21,1.561244,0
2025.7.1,22,0.77456,0.03708
2025.7.1,23,0.016896,0.185844
2025.7.1,24,0.0004,0.739394
2025.7.2,1,0.00036,0.332268
2025.7.2,2,0.000832,0.16668
2025.7.2,3,0.000488,0.14292
2025.7.2,4,0.000448,0.19692
2025.7.2,5,0.000352,0.1467
2025.7.2,6,0.874527,0.18792
2025.7.2,7,17.795215,0.1944
2025.7.2,8,71.654348,0.22716
2025.7.2,9,142.794925,0.366772
2025.7.2,10,206.942217,0.550239
2025.7.2,11,255.39734,0.631601
2025.7.2,12,284.910692,0.410525
2025.7.2,13,296.478683,0.31469
2025.7.2,14,285.734157,0.697117
2025.7.2,15,241.942444,0.629583
2025.7.2,16,199.897171,0.359111
2025.7.2,17,143.578796,0.290028
2025.7.2,18,81.034034,0.163169
2025.7.2,19,34.115095,0.149966
2025.7.2,20,6.022248,0.053463
2025.7.2,21,1.855792,0.053768
2025.7.2,22,1.18728,0.028517
2025.7.2,23,0.161252,0.203129
2025.7.2,24,0.000344,0.265195
2025.7.3,1,0.000352,0.201368
2025.7.3,2,0.000256,0.1449
2025.7.3,3,0.00056,0.11124
2025.7.3,4,0.000376,0.16092
2025.7.3,5,0.000392,0.20538
2025.7.3,6,0.799201,0.24066
2025.7.3,7,17.814041,0.2511
2025.7.3,8,71.191338,0.083526
2025.7.3,9,145.50049,0.054
2025.7.3,10,209.42014,0.117241
2025.7.3,11,257.30966,0.196014
2025.7.3,12,287.149956,0.726428
2025.7.3,13,296.27144,0.711584
2025.7.3,14,286.064968,0.267035
2025.7.3,15,261.110926,0.040429
2025.7.3,16,209.341492,0.136248
2025.7.3,17,152.381018,0.233465
2025.7.3,18,93.255071,0.296901
2025.7.3,19,35.42688,0.093172
2025.7.3,20,6.326866,0.30762
2025.7.3,21,1.863128,0.162
2025.7.3,22,0.811224,0.426327
2025.7.3,23,0.021008,0.866442
2025.7.3,24,0.00044,0.741233
2025.7.4,1,0.000416,0.303544
2025.7.4,2,0.000384,0.43272
2025.7.4,3,0.00044,0.54954
2025.7.4,4,0.00056,0.33246
2025.7.4,5,0.000424,0.548241
2025.7.4,6,0.961871,0.568548
2025.7.4,7,18.267856,0.24588
2025.7.4,8,71.949565,0.13356
2025.7.4,9,142.500717,0.1881
2025.7.4,10,201.96543,0.21312
2025.7.4,11,245.597512,0.261037
2025.7.4,12,276.461418,0.791255
2025.7.4,13,287.296362,0.824706
2025.7.4,14,275.855201,1.052027
2025.7.4,15,252.042684,1.010356
2025.7.4,16,185.568525,0.972227
2025.7.4,17,142.381362,0.824825
2025.7.4,18,105.465297,1.03901
2025.7.4,19,37.167548,1.412778
2025.7.4,20,6.838899,0.764011
2025.7.4,21,1.871836,1.16301
2025.7.4,22,0.958436,0.739482
2025.7.4,23,0.048516,0.626998
2025.7.4,24,0.000368,0.860884
2025.7.5,1,0.000392,0.549382
2025.7.5,2,0.000392,0.57816
2025.7.5,3,0.000408,0.44352
2025.7.5,4,0.00044,0.26424
2025.7.5,5,0.000392,0.2052
2025.7.5,6,0.957126,0.22446
2025.7.5,7,20.764688,0.243
2025.7.5,8,73.472261,0.24966
2025.7.5,9,136.085073,0.2637
2025.7.5,10,198.504549,0.437464
2025.7.5,11,244.158923,0.131178
2025.7.5,12,270.674898,0.164256
2025.7.5,13,265.030879,0.541658
2025.7.5,14,239.121045,0.56838
2025.7.5,15,224.261256,0.587908
2025.7.5,16,203.566442,0.49554
2025.7.5,17,143.663538,0.578475
2025.7.5,18,68.675108,0.377534
2025.7.5,19,28.882384,0.252061
2025.7.5,20,5.652202,0.2619
2025.7.5,21,1.775216,0.18432
2025.7.5,22,1.12232,0.116823
2025.7.5,23,0.148644,0.05778
2025.7.5,24,0.000448,0.276364
2025.7.6,1,0.000344,0.296942
2025.7.6,2,0.000376,0.35262
2025.7.6,3,0.000512,0.382763
2025.7.6,4,0.000728,0.295923
2025.7.6,5,0.00056,0.26766
2025.7.6,6,0.970047,0.18108
2025.7.6,7,18.818628,0.209401
2025.7.6,8,69.954236,0.412323
2025.7.6,9,136.324595,0.502624
2025.7.6,10,192.444605,0.44892
2025.7.6,11,237.267986,0.47088
2025.7.6,12,254.476971,0.363452
2025.7.6,13,235.947664,0.322964
2025.7.6,14,208.639047,0.296161
2025.7.6,15,207.913124,0.34794
2025.7.6,16,172.249325,0.39474
2025.7.6,17,138.410082,0.44316
2025.7.6,18,81.646245,0.40428
2025.7.6,19,33.238379,0.35928
2025.7.6,20,6.493187,0.18072
2025.7.6,21,1.531048,0.1197
2025.7.6,22,0.6442,0.105209
2025.7.6,23,0.000384,0.340555
2025.7.6,24,0.000392,0.1017
2025.7.7,1,0.000408,0.06462
2025.7.7,2,0.000376,0.15876
2025.7.7,3,0.0004,0.05886
2025.7.7,4,0.00056,0.0081
2025.7.7,5,0.000408,0
2025.7.7,6,1.094243,0
2025.7.7,7,15.399653,0
2025.7.7,8,69.295106,0
2025.7.7,9,146.025915,0.00829
2025.7.7,10,205.608032,0.040834
2025.7.7,11,225.452465,0.159061
2025.7.7,12,237.775935,0.1265
2025.7.7,13,235.208241,0.1152
2025.7.7,14,209.759754,0.011041
2025.7.7,15,195.012376,0.00882
2025.7.7,16,174.020429,0.00702
2025.7.7,17,131.321899,0.00324
2025.7.7,18,82.535155,0.00036
2025.7.7,19,32.47164,0
2025.7.7,20,6.458453,0
2025.7.7,21,1.867596,0
2025.7.7,22,1.217704,0
2025.7.7,23,0.157088,0
2025.7.7,24,0.000384,0
2025.7.8,1,0.000384,0.000241
2025.7.8,2,0.000336,0.091397
2025.7.8,3,0.000392,0.143034
2025.7.8,4,0.000528,0.073214
2025.7.8,5,0.000424,0
2025.7.8,6,0.797494,0
2025.7.8,7,16.743721,0.01422
2025.7.8,8,66.606388,0.02682
2025.7.8,9,130.629906,0.141078
2025.7.8,10,175.072552,1.108652
2025.7.8,11,189.486368,1.610577
2025.7.8,12,173.276889,3.956605
2025.7.8,13,179.335472,4.607297
2025.7.8,14,192.056953,3.964952
2025.7.8,15,172.194936,3.623493
2025.7.8,16,119.253907,4.58202
2025.7.8,17,72.429388,4.356621
2025.7.8,18,40.431536,3.497231
2025.7.8,19,20.346475,1.443395
2025.7.8,20,4.641274,1.363349
2025.7.8,21,1.601612,1.340063
2025.7.8,22,0.954216,1.128783
2025.7.8,23,0.13718,1.48948
2025.7.8,24,0.000384,1.628392
2025.7.9,1,0.000456,1.764092
2025.7.9,2,0.000424,2.071043
2025.7.9,3,0.000496,3.263622
2025.7.9,4,0.000568,2.646802
2025.7.9,5,0.000336,2.606308
2025.7.9,6,0.341144,4.959704
2025.7.9,7,10.405751,4.214891
2025.7.9,8,27.648621,3.510762
2025.7.9,9,53.303417,3.621575
2025.7.9,10,101.554037,4.040686
2025.7.9,11,116.457072,3.723321
2025.7.9,12,112.12745,3.385984
2025.7.9,13,129.059441,3.81558
2025.7.9,14,113.618575,6.537245
2025.7.9,15,87.844405,6.361331
2025.7.9,16,112.504608,4.974744
2025.7.9,17,80.858497,3.973789
2025.7.9,18,48.45402,3.276173
2025.7.9,19,24.534834,2.227095
2025.7.9,20,5.132211,3.177791
2025.7.9,21,1.391576,1.773612
2025.7.9,22,0.938344,1.529046
2025.7.9,23,0.150768,1.054172
2025.7.9,24,0.00048,1.012229
2025.7.10,1,0.000544,2.317798
2025.7.10,2,0.000488,3.814834
2025.7.10,3,0.000584,4.27312
2025.7.10,4,0.000424,4.549852
2025.7.10,5,0.00052,6.150737
2025.7.10,6,0.209371,6.973537
2025.7.10,7,7.405464,6.504155
2025.7.10,8,30.314083,8.012993
2025.7.10,9,60.941847,6.991209
2025.7.10,10,111.399893,7.001435
2025.7.10,11,142.958917,6.690734
2025.7.10,12,182.402001,7.730989
2025.7.10,13,177.960873,6.384712
2025.7.10,14,168.848368,6.075122
2025.7.10,15,149.523064,7.188916
2025.7.10,16,132.096881,6.479993
2025.7.10,17,91.412657,5.185599
2025.7.10,18,52.054233,6.386362
2025.7.10,19,20.787137,8.575599
2025.7.10,20,4.310724,8.550015
2025.7.10,21,1.44192,8.174102
2025.7.10,22,0.974348,8.735514
2025.7.10,23,0.145356,9.029703
2025.7.10,24,0.000344,8.500222
2025.7.11,1,0.000416,8.438806
2025.7.11,2,0.000328,8.415713
2025.7.11,3,0.0004,8.101784
2025.7.11,4,0.0004,8.210484
2025.7.11,5,0.000472,8.004846
2025.7.11,6,0.183228,7.698388
2025.7.11,7,5.028855,7.843794
2025.7.11,8,18.048395,8.697904
2025.7.11,9,34.938914,8.816916
2025.7.11,10,55.889981,8.227464
2025.7.11,11,83.74227,7.391662
2025.7.11,12,103.851735,7.937774
2025.7.11,13,85.366517,8.424807
2025.7.11,14,75.846142,7.858174
2025.7.11,15,62.436592,8.203781
2025.7.11,16,83.998557,8.180492
2025.7.11,17,76.273363,7.889321
2025.7.11,18,43.063109,8.043233
2025.7.11,19,17.169333,7.536543
2025.7.11,20,4.62935,6.961159
2025.7.11,21,0.911864,6.821352
2025.7.11,22,0.078056,7.212669
2025.7.11,23,0.000328,7.175347
2025.7.11,24,0.000344,6.847764
2025.7.12,1,0.000368,7.088155
2025.7.12,2,0.00036,7.216126
2025.7.12,3,0.000392,7.178381
2025.7.12,4,0.00044,7.096862
2025.7.12,5,0.000376,6.949627
2025.7.12,6,0.061302,6.959467
2025.7.12,7,5.5751,7.159075
2025.7.12,8,20.524467,7.756525
2025.7.12,9,35.985138,8.137354
2025.7.12,10,53.435342,8.136929
2025.7.12,11,51.628411,7.572346
2025.7.12,12,42.155658,7.171905
2025.7.12,13,37.47664,6.094124
2025.7.12,14,26.442258,6.679953
2025.7.12,15,23.136999,6.10495
2025.7.12,16,20.169208,6.450072
2025.7.12,17,15.478302,5.006501
2025.7.12,18,14.023374,1.911835
2025.7.12,19,6.293438,0.792353
2025.7.12,20,0.988267,0.408611
2025.7.12,21,0.00032,0.513254
2025.7.12,22,0.000328,0.409201
2025.7.12,23,0.000368,0.38661
2025.7.12,24,0.000352,0.143504
2025.7.13,1,0.000352,0.31464
2025.7.13,2,0.0004,0.70464
2025.7.13,3,0.000448,0.98232
2025.7.13,4,0.000384,2.11584
2025.7.13,5,0.000384,2.2308
2025.7.13,6,0.010914,2.44818
2025.7.13,7,1.398662,2.61198
2025.7.13,8,9.455643,2.0472
2025.7.13,9,23.854518,1.87092
2025.7.13,10,27.750198,2.52312
2025.7.13,11,39.808464,2.06724
2025.7.13,12,59.399324,1.89846
2025.7.13,13,85.691057,2.34786
2025.7.13,14,93.684233,2.20362
2025.7.13,15,81.419933,2.41746
2025.7.13,16,57.982181,3.14766
2025.7.13,17,20.651776,5.01534
2025.7.13,18,24.458361,4.09044
2025.7.13,19,14.155031,3.58284
2025.7.13,20,1.710149,3.18306
2025.7.13,21,0.374372,2.51376
2025.7.13,22,5.60E-05,2.31558
2025.7.13,23,6.40E-05,1.84362
2025.7.13,24,5.60E-05,2.57856
2025.7.14,1,5.60E-05,3.87486
2025.7.14,2,6.40E-05,3.99798
2025.7.14,3,5.60E-05,3.77838
2025.7.14,4,5.60E-05,3.16416
2025.7.14,5,6.40E-05,1.4202
2025.7.14,6,0.513622,1.74642
2025.7.14,7,16.373408,1.9857
2025.7.14,8,67.107453,1.23522
2025.7.14,9,141.546519,1.6416
2025.7.14,10,189.334679,2.3898
2025.7.14,11,202.704314,1.42122
2025.7.14,12,234.176189,2.1651
2025.7.14,13,257.337532,3.19536
2025.7.14,14,240.28564,4.026
2025.7.14,15,222.923595,2.7255
2025.7.14,16,180.873941,2.23686
2025.7.14,17,109.755844,1.89726
2025.7.14,18,82.452683,2.07354
2025.7.14,19,35.134051,3.3561
2025.7.14,20,6.527526,3.08142
2025.7.14,21,1.1756,1.6839
2025.7.14,22,0.427236,1.97094
2025.7.14,23,0.000424,2.08224
2025.7.14,24,0.000416,2.16816
2025.7.15,1,0.000312,3.8574
2025.7.15,2,0.000384,3.9204
2025.7.15,3,0.000408,3.42762
2025.7.15,4,0.000416,2.5899
2025.7.15,5,0.000552,1.62042
2025.7.15,6,0.256333,1.2045
2025.7.15,7,11.503275,0.41742
2025.7.15,8,54.840151,0.3468
2025.7.15,9,95.183798,0.21342
2025.7.15,10,113.913159,0.777
2025.7.15,11,164.7534,1.00854
2025.7.15,12,222.272914,1.89036
2025.7.15,13,227.698758,2.95434
2025.7.15,14,240.595289,3.04428
2025.7.15,15,231.900248,3.729203
2025.7.15,16,189.672271,4.324495
2025.7.15,17,145.680523,3.708331
2025.7.15,18,78.113738,3.699171
2025.7.15,19,28.456434,2.03542
2025.7.15,20,8.249874,0.294316
2025.7.15,21,1.627708,0.17244
2025.7.15,22,1.085052,0.24624
2025.7.15,23,0.000504,0.29808
2025.7.15,24,0.000464,0.497567
2025.7.16,1,0.000416,1.825659
2025.7.16,2,0.000432,1.387998
2025.7.16,3,0.000464,2.049652
2025.7.16,4,0.000408,2.519841
2025.7.16,5,0.00036,1.92965
2025.7.16,6,0.194335,2.856263
2025.7.16,7,12.400993,1.417378
2025.7.16,8,44.323376,5.05018
2025.7.16,9,64.788789,5.514886
2025.7.16,10,79.299142,8.876909
2025.7.16,11,68.123225,10.658955
2025.7.16,12,75.791006,9.292043
2025.7.16,13,107.752983,7.804082
2025.7.16,14,111.96652,7.000314
2025.7.16,15,93.193817,9.985921
2025.7.16,16,60.485829,8.168925
2025.7.16,17,40.018271,6.336746
2025.7.16,18,22.744557,5.997726
2025.7.16,19,8.110947,7.432552
2025.7.16,20,0.848915,5.551729
2025.7.16,21,0.037448,5.864791
2025.7.16,22,0.005616,7.231057
2025.7.16,23,0.000488,5.751911
2025.7.16,24,0.00036,4.176912
2025.7.17,1,0.000384,5.880017
2025.7.17,2,0.000376,7.388431
2025.7.17,3,0.0004,6.66352
2025.7.17,4,0.0004,5.147217
2025.7.17,5,0.000352,3.871569
2025.7.17,6,0.029654,3.849912
2025.7.17,7,6.268613,3.203592
2025.7.17,8,15.679283,3.910883
2025.7.17,9,31.280718,4.845693
2025.7.17,10,62.295067,6.903613
2025.7.17,11,111.390247,6.902288
2025.7.17,12,141.572334,6.368877
2025.7.17,13,130.510797,4.790468
2025.7.17,14,135.56619,5.815996
2025.7.17,15,134.642583,6.280594
2025.7.17,16,120.622236,5.532677
2025.7.17,17,88.604387,4.10892
2025.7.17,18,50.508541,3.76266
2025.7.17,19,29.79538,4.06812
2025.7.17,20,4.803021,3.4125
2025.7.17,21,0.613512,3.16458
2025.7.17,22,0.000344,2.85042
2025.7.17,23,0.000408,2.6373
2025.7.17,24,0.000384,2.97012
2025.7.18,1,0.000408,2.03028
2025.7.18,2,0.000384,1.55346
2025.7.18,3,0.000392,0.86088
2025.7.18,4,0.000408,0.47046
2025.7.18,5,0.00032,0.7128
2025.7.18,6,0.077461,2.26506
2025.7.18,7,8.098085,0.1113
2025.7.18,8,46.01928,0.14832
2025.7.18,9,79.599699,0.65346
2025.7.18,10,130.638993,1.91286
2025.7.18,11,215.423605,4.327612
2025.7.18,12,166.663324,5.417836
2025.7.18,13,132.197959,3.668351
2025.7.18,14,99.223537,2.826367
2025.7.18,15,77.038191,3.580836
2025.7.18,16,68.526262,4.637776
2025.7.18,17,21.943842,2.587676
2025.7.18,18,8.36502,2.24602
2025.7.18,19,14.871263,4.128637
2025.7.18,20,4.29709,3.960023
2025.7.18,21,0.670156,4.492492
2025.7.18,22,0.075136,5.182987
2025.7.18,23,0.000384,5.087348
2025.7.18,24,0.000496,5.53014
2025.7.19,1,0.0004,6.086482
2025.7.19,2,0.000392,6.058016
2025.7.19,3,0.000488,5.4615
2025.7.19,4,0.000408,4.149356
2025.7.19,5,0.000376,3.992331
2025.7.19,6,0.060044,5.28282
2025.7.19,7,6.583064,6.217118
2025.7.19,8,31.226313,4.68198
2025.7.19,9,60.208709,3.4062
2025.7.19,10,90.073482,2.702616
2025.7.19,11,102.365746,2.211799
2025.7.19,12,113.838516,3.740734
2025.7.19,13,133.091322,4.511282
2025.7.19,14,120.457556,4.073257
2025.7.19,15,125.328224,4.2237
2025.7.19,16,139.507454,3.39474
2025.7.19,17,90.897147,4.822671
2025.7.19,18,59.412628,4.02132
2025.7.19,19,23.375471,2.3169
2025.7.19,20,4.191526,3.276559
2025.7.19,21,1.036232,3.209147
2025.7.19,22,0.005932,2.217097
2025.7.19,23,0.0004,3.53868
2025.7.19,24,0.000376,4.169772
2025.7.20,1,0.0004,2.766913
2025.7.20,2,0.000392,2.322604
2025.7.20,3,0.0004,2.041211
2025.7.20,4,0.0004,1.670655
2025.7.20,5,0.000376,2.36778
2025.7.20,6,0.053772,1.500249
2025.7.20,7,7.549306,1.492438
2025.7.20,8,32.717251,1.553282
2025.7.20,9,55.296401,2.568585
2025.7.20,10,92.515497,4.33014
2025.7.20,11,135.973364,6.25464
2025.7.20,12,170.818167,3.29904
2025.7.20,13,168.300108,5.84652
2025.7.20,14,195.21425,5.4255
2025.7.20,15,188.214639,5.45958
2025.7.20,16,138.232792,3.00288
2025.7.20,17,107.023555,2.85648
2025.7.20,18,60.514671,2.42394
2025.7.20,19,24.29637,2.55448
2025.7.20,20,4.721112,2.463973
2025.7.20,21,1.30416,1.542677
2025.7.20,22,0.623288,1.244686
2025.7.20,23,0.137,1.229786
2025.7.20,24,0.000424,2.414838
2025.7.21,1,0.000352,2.539612
2025.7.21,2,0.000392,2.182079
2025.7.21,3,0.000448,1.710737
2025.7.21,4,0.000456,2.321729
2025.7.21,5,0.000248,2.879221
2025.7.21,6,0.219513,3.474764
2025.7.21,7,11.217023,4.122639
2025.7.21,8,48.457694,3.816047
2025.7.21,9,101.096904,2.2617
2025.7.21,10,151.961228,3.029951
2025.7.21,11,180.214984,3.86598
2025.7.21,12,221.14165,3.200418
2025.7.21,13,257.452775,3.29206
2025.7.21,14,274.252689,2.743259
2025.7.21,15,250.851228,2.723523
2025.7.21,16,199.144118,1.5309
2025.7.21,17,148.958584,1.97886
2025.7.21,18,85.448733,2.83002
2025.7.21,19,32.564595,2.18412
2025.7.21,20,4.846774,1.00926
2025.7.21,21,1.565572,0.56664
2025.7.21,22,0.995996,0.62292
2025.7.21,23,0.021896,0.46074
2025.7.21,24,0.00036,0.62886
2025.7.22,1,0.000376,0.52278
2025.7.22,2,0.000368,0.5739
2025.7.22,3,0.000384,0.29976
2025.7.22,4,0.0004,0.28476
2025.7.22,5,0.000416,0.30276
2025.7.22,6,0.208898,0.38802
2025.7.22,7,8.537071,0.30384
2025.7.22,8,54.586927,0.49422
2025.7.22,9,118.090467,1.16646
2025.7.22,10,177.929276,1.43508
2025.7.22,11,211.29707,1.63884
2025.7.22,12,223.79807,1.58736
2025.7.22,13,244.885518,1.42386
2025.7.22,14,240.996474,1.03668
2025.7.22,15,231.608996,0.95298
2025.7.22,16,205.645776,0.98538
2025.7.22,17,165.26025,1.0368
2025.7.22,18,101.23331,1.2303
2025.7.22,19,33.843044,0.95778
2025.7.22,20,5.104965,0.67176
2025.7.22,21,1.684212,0.47532
2025.7.22,22,1.047312,0.40884
2025.7.22,23,0.202804,0.54396
2025.7.22,24,0.000368,0.408
2025.7.23,1,0.0004,0.27786
2025.7.23,2,0.000368,0.05706
2025.7.23,3,0.00044,0.08172
2025.7.23,4,0.00052,0.045
2025.7.23,5,0.000488,0.08514
2025.7.23,6,0.277635,0.14328
2025.7.23,7,14.425138,0.162
2025.7.23,8,65.5838,0.0306
2025.7.23,9,135.689523,0.03726
2025.7.23,10,190.747776,0.04842
2025.7.23,11,215.015392,0.3159
2025.7.23,12,236.988698,0.60228
2025.7.23,13,246.836973,0.40812
2025.7.23,14,259.995949,0.33798
2025.7.23,15,239.526919,0.28338
2025.7.23,16,199.518623,0.22848
2025.7.23,17,148.623934,0.19092
2025.7.23,18,91.115704,0.09108
2025.7.23,19,32.233794,0.00054
2025.7.23,20,4.712505,0
2025.7.23,21,1.891608,0.025441
2025.7.23,22,1.402356,0.108975
2025.7.23,23,0.492192,0.114733
2025.7.23,24,0.019788,0.1116
2025.7.24,1,0.0004,0.027
2025.7.24,2,0.000416,0
2025.7.24,3,0.000424,0
2025.7.24,4,0.000432,0
2025.7.24,5,0.000384,0
2025.7.24,6,0.235784,0
2025.7.24,7,12.491428,0.23148
2025.7.24,8,66.674065,0.301924
2025.7.24,9,145.268146,0.437923
2025.7.24,10,213.021375,0.619115
2025.7.24,11,247.389616,0.60572
2025.7.24,12,275.978983,1.031678
2025.7.24,13,272.954912,1.525135
2025.7.24,14,258.965486,1.559296
2025.7.24,15,237.710579,1.346722
2025.7.24,16,209.20668,0.95895
2025.7.24,17,170.237054,0.673658
2025.7.24,18,101.771499,0.265367
2025.7.24,19,33.871694,0.051525
2025.7.24,20,4.601575,0.004805
2025.7.24,21,2.009368,0.000241
2025.7.24,22,1.271084,0.000482
2025.7.24,23,0.481088,0.076997
2025.7.24,24,0.020304,0.267608
2025.7.25,1,0.000416,0.552805
2025.7.25,2,0.000432,0.461332
2025.7.25,3,0.000416,0.421262
2025.7.25,4,0.000432,0.427783
2025.7.25,5,0.00044,0.467493
2025.7.25,6,0.166682,1.644509
2025.7.25,7,10.394261,2.029242
2025.7.25,8,56.445746,1.665743
2025.7.25,9,127.453563,2.761177
2025.7.25,10,168.086013,5.187263
2025.7.25,11,223.869787,5.863
2025.7.25,12,234.058835,6.893733
2025.7.25,13,243.287267,6.483707
2025.7.25,14,265.878869,6.737566
2025.7.25,15,257.21679,5.953841
2025.7.25,16,228.697196,4.124677
2025.7.25,17,174.229823,4.026831
2025.7.25,18,99.00639,3.126896
2025.7.25,19,30.920656,2.854346
2025.7.25,20,4.491916,2.595591
2025.7.25,21,2.046784,1.750726
2025.7.25,22,1.5251,0.727124
2025.7.25,23,0.473548,0.694902
2025.7.25,24,0.01814,1.070879
2025.7.26,1,0.000368,0.717866
2025.7.26,2,0.000472,0.492824
2025.7.26,3,0.000432,0.322921
2025.7.26,4,0.000512,0.630709
2025.7.26,5,0.000528,1.155458
2025.7.26,6,0.193334,0.964959
2025.7.26,7,10.499593,0.966747
2025.7.26,8,61.725082,1.455856
2025.7.26,9,110.22271,1.707207
2025.7.26,10,168.376498,2.279428
2025.7.26,11,206.026255,3.157028
2025.7.26,12,221.585803,4.275672
2025.7.26,13,234.92997,4.192278
2025.7.26,14,245.503748,3.519409
2025.7.26,15,220.869272,3.887241
2025.7.26,16,199.268233,3.822377
2025.7.26,17,142.471297,3.854459
2025.7.26,18,80.28295,2.93264
2025.7.26,19,28.205327,2.312322
2025.7.26,20,3.911745,2.468687
2025.7.26,21,1.884624,1.322322
2025.7.26,22,1.61166,0.93792
2025.7.26,23,0.486224,2.304701
2025.7.26,24,0.016888,3.266984
2025.7.27,1,0.000416,3.012339
2025.7.27,2,0.000408,2.302149
2025.7.27,3,0.000432,1.632392
2025.7.27,4,0.000304,2.074234
2025.7.27,5,0.000208,1.526771
2025.7.27,6,0.10765,1.86624
2025.7.27,7,9.774859,1.885213
2025.7.27,8,49.655165,1.577801
2025.7.27,9,109.187237,1.856872
2025.7.27,10,184.285476,2.330028
2025.7.27,11,225.579802,4.190814
2025.7.27,12,244.145879,4.104317
2025.7.27,13,262.32272,4.864687
2025.7.27,14,237.317981,5.125031
2025.7.27,15,168.328598,5.420811
2025.7.27,16,148.516484,3.629532
2025.7.27,17,112.791323,3.32604
2025.7.27,18,71.106554,2.7627
2025.7.27,19,30.19459,1.46514
2025.7.27,20,4.458452,1.28712
2025.7.27,21,1.636376,0.93294
2025.7.27,22,1.386488,0.45372
2025.7.27,23,0.488152,0.41394
2025.7.27,24,0.006852,0.23334
2025.7.28,1,0.000384,0.34038
2025.7.28,2,0.00036,0.19848
2025.7.28,3,0.000368,0.16638
2025.7.28,4,0.000392,0.14976
2025.7.28,5,0.000368,0.22236
2025.7.28,6,0.154011,0.3279
2025.7.28,7,12.28247,0.10752
2025.7.28,8,58.682757,0.13182
2025.7.28,9,142.185128,0.48342
2025.7.28,10,216.156522,1.01868
2025.7.28,11,263.720782,1.14678
2025.7.28,12,292.145316,1.46388
2025.7.28,13,303.690484,1.25166
2025.7.28,14,292.308748,1.24188
2025.7.28,15,267.758135,0.94962
2025.7.28,16,229.364612,0.67998
2025.7.28,17,174.619907,1.45278
2025.7.28,18,100.248578,0.70542
2025.7.28,19,30.173764,0.02952
2025.7.28,20,4.049371,0
2025.7.28,21,2.089116,0.000482
2025.7.28,22,1.700592,0
2025.7.28,23,0.674496,0.2223
2025.7.28,24,0.089484,0.1413
2025.7.29,1,0.000416,0.19764
2025.7.29,2,0.000464,0.23382
2025.7.29,3,0.000432,0.32562
2025.7.29,4,0.000448,0.24984
2025.7.29,5,0.000472,0.12438
2025.7.29,6,0.136781,0.15552
2025.7.29,7,11.420033,0.08874
2025.7.29,8,64.400157,0.08411
2025.7.29,9,138.713907,0.300314
2025.7.29,10,201.702383,0.49392
2025.7.29,11,247.745197,1.269547
2025.7.29,12,285.713786,2.33822
2025.7.29,13,268.656644,3.116327
2025.7.29,14,267.390523,2.626249
2025.7.29,15,254.943703,3.278114
2025.7.29,16,212.092483,3.517236
2025.7.29,17,167.918709,2.480185
2025.7.29,18,82.020807,2.841084
2025.7.29,19,34.091374,1.709182
2025.7.29,20,5.117655,1.648656
2025.7.29,21,1.92508,0.844523
2025.7.29,22,1.620088,1.035115
2025.7.29,23,0.526372,0.711028
2025.7.29,24,0.01936,0.823481
2025.7.30,1,0.000384,1.071358
2025.7.30,2,0.00036,1.231011
2025.7.30,3,0.000376,1.245533
2025.7.30,4,0.000392,1.025264
2025.7.30,5,0.000352,1.085804
2025.7.30,6,0.15597,1.339006
2025.7.30,7,13.031242,1.412918
2025.7.30,8,50.96739,2.129149
2025.7.30,9,100.246338,2.919685
2025.7.30,10,162.454399,2.413213
2025.7.30,11,212.262849,2.510409
2025.7.30,12,192.401516,3.125681
2025.7.30,13,146.274015,4.004158
2025.7.30,14,123.429992,4.121983
2025.7.30,15,97.915833,4.105443
2025.7.30,16,67.945403,3.903232
2025.7.30,17,40.146814,4.165009
2025.7.30,18,40.831959,4.208861
2025.7.30,19,19.398656,3.158166
2025.7.30,20,3.481926,2.741668
2025.7.30,21,0.90196,2.20286
2025.7.30,22,0.037712,2.375701
2025.7.30,23,0.00044,3.062931
2025.7.30,24,0.000416,3.764028
2025.7.31,1,0.000384,3.763983
2025.7.31,2,0.000392,3.138717
2025.7.31,3,0.000416,2.941412
2025.7.31,4,0.000408,2.660104
2025.7.31,5,0.000344,2.957942
2025.7.31,6,0.311585,1.634913
2025.7.31,7,15.101712,1.449012
2025.7.31,8,45.4252,2.594139
2025.7.31,9,102.383899,3.69823
2025.7.31,10,167.023685,4.031212
2025.7.31,11,200.167114,4.606654
2025.7.31,12,234.616085,4.484656
2025.7.31,13,268.621405,4.616953
2025.7.31,14,267.582715,3.902929
2025.7.31,15,241.366474,3.083661
2025.7.31,16,211.739991,2.214313
2025.7.31,17,160.803172,2.490644
2025.7.31,18,96.023232,2.458967
2025.7.31,19,29.137769,1.413926
2025.7.31,20,3.800489,0.510926
2025.7.31,21,1.768204,0.246278
2025.7.31,22,1.322228,0.238077
2025.7.31,23,0.462488,0.178925
2025.7.31,24,0.016344,0.060506
2025.8.1,1,0.000432,0.000723
2025.8.1,2,0.000496,0
2025.8.1,3,0.0004,0.028265
2025.8.1,4,0.000424,0.123876
2025.8.1,5,0.000448,0.096062
2025.8.1,6,0.099687,0.017468
2025.8.1,7,11.165094,0.040893
2025.8.1,8,57.722779,0.102204
2025.8.1,9,134.918099,0.080176
2025.8.1,10,199.299892,0.22744
2025.8.1,11,241.945756,0.591117
2025.8.1,12,255.315449,1.311451
2025.8.1,13,230.647164,1.48276
2025.8.1,14,205.386287,0.896942
2025.8.1,15,175.951068,0.990783
2025.8.1,16,181.648454,1.059992
2025.8.1,17,154.057792,0.998702
2025.8.1,18,76.2463,0.767859
2025.8.1,19,28.155108,0.403229
2025.8.1,20,5.131649,0.2427
2025.8.1,21,1.906196,0.269393
2025.8.1,22,1.393164,0.632349
2025.8.1,23,0.25164,0.593171
2025.8.1,24,0.000448,0.231092
2025.8.2,1,0.000352,0.185129
2025.8.2,2,0.000384,0.13014
2025.8.2,3,0.000448,0.22464
2025.8.2,4,0.000416,0.02514
2025.8.2,5,0.000408,0
2025.8.2,6,0.107258,0
2025.8.2,7,10.934121,0
2025.8.2,8,62.801067,0
2025.8.2,9,140.641717,0.0036
2025.8.2,10,209.130452,0.0216
2025.8.2,11,255.368942,0.0324
2025.8.2,12,283.553706,0.13428
2025.8.2,13,292.882575,0.204339
2025.8.2,14,287.403861,0.255511
2025.8.2,15,265.31976,0.272527
2025.8.2,16,220.291706,0.555934
2025.8.2,17,153.297658,0.796987
2025.8.2,18,95.94916,0.268963
2025.8.2,19,30.7414,0.045482
2025.8.2,20,4.253595,0.011041
2025.8.2,21,1.8927,0.010801
2025.8.2,22,1.599532,0.119939
2025.8.2,23,0.460192,0.063935
2025.8.2,24,0.014512,0.17244
2025.8.3,1,0.0004,0.164665
2025.8.3,2,0.000352,0.1755
2025.8.3,3,0.000352,0.15624
2025.8.3,4,0.000368,0.19206
2025.8.3,5,0.000392,0.26136
2025.8.3,6,0.008595,0.32256
2025.8.3,7,3.593482,1.073391
2025.8.3,8,16.003555,1.164739
2025.8.3,9,30.324128,1.877419
2025.8.3,10,57.397426,2.435574
2025.8.3,11,63.430408,4.360086
2025.8.3,12,90.627354,6.091833
2025.8.3,13,99.563838,7.15042
2025.8.3,14,87.756502,6.750912
2025.8.3,15,94.257541,7.103029
2025.8.3,16,71.515601,7.045888
2025.8.3,17,44.727107,5.744563
2025.8.3,18,23.215526,4.45032
2025.8.3,19,12.568935,3.4632
2025.8.3,20,2.765207,3.73866
2025.8.3,21,0.999556,3.7824
2025.8.3,22,0.029428,3.8136
2025.8.3,23,0.000472,3.34608
2025.8.3,24,0.000432,2.70882
2025.8.4,1,0.000424,2.44932
2025.8.4,2,0.000408,2.34006
2025.8.4,3,0.000576,1.27488
2025.8.4,4,0.000592,0.52674
2025.8.4,5,0.000624,0.441
2025.8.4,6,0.008521,0.3474
2025.8.4,7,3.534665,0.3222
2025.8.4,8,17.38669,0.2376
2025.8.4,9,51.708569,0.1494
2025.8.4,10,64.155533,0.171
2025.8.4,11,81.960596,0.325984
2025.8.4,12,92.714877,0.3492
2025.8.4,13,122.761776,0.373803
2025.8.4,14,149.493118,1.280282
2025.8.4,15,135.970536,2.560804
2025.8.4,16,117.929556,1.918452
2025.8.4,17,85.087324,1.125531
2025.8.4,18,52.02881,2.012226
2025.8.4,19,17.006253,1.490571
2025.8.4,20,2.65694,0.77247
2025.8.4,21,0.42288,0.873
2025.8.4,22,0.000352,1.655996
2025.8.4,23,0.000368,1.514786
2025.8.4,24,0.000352,1.183075
2025.8.5,1,0.000352,0.770087
2025.8.5,2,0.00036,0.558244
2025.8.5,3,0.000384,0.41436
2025.8.5,4,0.000392,0.43068
2025.8.5,5,0.000392,0.714859
2025.8.5,6,0.022727,0.950756
2025.8.5,7,5.118261,0.977468
2025.8.5,8,34.440974,0.769829
2025.8.5,9,71.696403,1.415861
2025.8.5,10,113.076669,3.081305
2025.8.5,11,153.585759,2.537483
2025.8.5,12,221.897431,1.81026
2025.8.5,13,251.641742,1.89594
2025.8.5,14,266.623192,2.320491
2025.8.5,15,248.650622,2.012745
2025.8.5,16,191.229145,1.837758
2025.8.5,17,141.820051,2.381889
2025.8.5,18,89.343362,2.122735
2025.8.5,19,27.246598,2.123484
2025.8.5,20,3.533188,1.66525
2025.8.5,21,1.908152,1.402051
2025.8.5,22,1.447636,1.678909
2025.8.5,23,0.289556,1.297524
2025.8.5,24,0.000828,2.252254
2025.8.6,1,0.000376,3.433371
2025.8.6,2,0.000416,2.580662
2025.8.6,3,0.000368,3.230515
2025.8.6,4,0.0004,3.71025
2025.8.6,5,0.000408,3.001465
2025.8.6,6,0.010805,4.6434
2025.8.6,7,3.49041,5.248701
2025.8.6,8,20.452672,4.671955
2025.8.6,9,49.996424,4.915364
2025.8.6,10,82.435305,6.272162
2025.8.6,11,88.470856,4.370748
2025.8.6,12,91.554236,3.317164
2025.8.6,13,123.740114,3.288402
2025.8.6,14,115.190455,5.47825
2025.8.6,15,109.430081,5.98902
2025.8.6,16,103.521832,5.703765
2025.8.6,17,87.93038,4.096113
2025.8.6,18,44.518426,2.933711
2025.8.6,19,16.587954,2.028935
2025.8.6,20,2.057128,1.126473
2025.8.6,21,0.027064,0.823393
2025.8.6,22,0.00036,0.78372
2025.8.6,23,0.000416,0.93924
2025.8.6,24,0.000416,1.09422
2025.8.7,1,0.00048,1.43496
2025.8.7,2,0.000376,1.22868
2025.8.7,3,0.000472,1.446068
2025.8.7,4,0.000424,2.375852
2025.8.7,5,0.000392,2.176362
2025.8.7,6,0.015673,3.310252
2025.8.7,7,2.932958,2.650196
2025.8.7,8,24.315408,2.06243
2025.8.7,9,47.621772,1.279509
2025.8.7,10,69.758535,1.387812
2025.8.7,11,134.313185,2.356817
2025.8.7,12,155.870186,1.996188
2025.8.7,13,142.632243,1.229922
2025.8.7,14,116.824032,1.617467
2025.8.7,15,141.557758,1.251896
2025.8.7,16,145.498697,1.353966
2025.8.7,17,78.531875,1.552877
2025.8.7,18,46.3899,1.315587
2025.8.7,19,14.840015,1.298538
2025.8.7,20,1.922629,0.944125
2025.8.7,21,0.974776,1.031838
2025.8.7,22,0.009364,0.971431
2025.8.7,23,0.000368,0.859731
2025.8.7,24,0.000376,0.365054
2025.8.8,1,0.000328,0.299144
2025.8.8,2,0.000256,0.40315
2025.8.8,3,0.000296,0.274425
2025.8.8,4,0.000296,0.442333
2025.8.8,5,0.00032,0.317942
2025.8.8,6,0.008014,0.303504
2025.8.8,7,3.886983,0.246108
2025.8.8,8,18.350324,0.141953
2025.8.8,9,31.611094,0.041285
2025.8.8,10,57.482796,0.002041
2025.8.8,11,119.984775,0.009
2025.8.8,12,154.65862,0.0036
2025.8.8,13,172.680651,0.009241
2025.8.8,14,129.977402,0.07506
2025.8.8,15,163.270674,0.1062
2025.8.8,16,113.658428,0.096797
2025.8.8,17,34.554975,0.332992
2025.8.8,18,22.247062,0.236806
2025.8.8,19,9.356029,0.167767
2025.8.8,20,1.563698,0.030643
2025.8.8,21,0.34534,0.000964
2025.8.8,22,0.000416,0
2025.8.8,23,0.000424,0
2025.8.8,24,0.000416,0
2025.8.9,1,0.000456,0.069667
2025.8.9,2,0.000536,0.146061
2025.8.9,3,0.000488,0.026612
2025.8.9,4,0.000552,0.560305
2025.8.9,5,0.000408,1.207246
2025.8.9,6,0.002769,1.331368
2025.8.9,7,0.302713,0.955718
2025.8.9,8,8.239993,1.064146
2025.8.9,9,20.505983,1.086078
2025.8.9,10,48.649063,1.14752
2025.8.9,11,67.906845,0.837217
2025.8.9,12,45.112126,0.470957
2025.8.9,13,30.699785,0.48726
2025.8.9,14,38.558646,0.53388
2025.8.9,15,42.193965,0.7191
2025.8.9,16,46.54813,0.802241
2025.8.9,17,30.110456,1.393632
2025.8.9,18,16.546949,0.885729
2025.8.9,19,5.229455,0.389627
2025.8.9,20,0.107301,0.469588
2025.8.9,21,0.000528,0.757046
2025.8.9,22,0.000528,0.398031
2025.8.9,23,0.000432,0.555168
2025.8.9,24,0.000288,0.36612
2025.8.10,1,0.000264,0.8343
2025.8.10,2,0.00032,1.419334
2025.8.10,3,0.000368,1.560595
2025.8.10,4,0.000424,2.843915
2025.8.10,5,0.000352,3.120903
2025.8.10,6,0.003685,2.986027
2025.8.10,7,0.451197,2.561691
2025.8.10,8,5.995086,1.312919
2025.8.10,9,22.492277,2.573395
2025.8.10,10,34.732596,4.970326
2025.8.10,11,41.459651,5.609956
2025.8.10,12,76.407179,4.746566
2025.8.10,13,80.691135,5.777526
2025.8.10,14,80.016824,3.762025
2025.8.10,15,80.560143,1.904399
2025.8.10,16,58.196881,1.469888
2025.8.10,17,57.458576,1.351429
2025.8.10,18,30.273233,1.633073
2025.8.10,19,10.024147,2.055385
2025.8.10,20,0.624817,1.771475
2025.8.10,21,0.000528,0.853789
2025.8.10,22,0.000552,0.965417
2025.8.10,23,0.000496,0.607749
2025.8.10,24,0.000448,0.313661
2025.8.11,1,0.000448,0.116208
2025.8.11,2,0.0004,0.095259
2025.8.11,3,0.000368,0.038523
2025.8.11,4,0.000424,0.038041
2025.8.11,5,0.00044,0.0018
2025.8.11,6,0.010983,0
2025.8.11,7,4.816773,0
2025.8.11,8,26.703373,0.04104
2025.8.11,9,5.655766,0.21096
2025.8.11,10,1.596139,1.287461
2025.8.11,11,7.989389,0.466105
2025.8.11,12,25.712077,0.367328
2025.8.11,13,23.19054,0.656775
2025.8.11,14,22.902401,1.0755
2025.8.11,15,27.849039,0.977546
2025.8.11,16,25.190171,0.949588
2025.8.11,17,16.249495,0.148962
2025.8.11,18,9.234066,0.071723
2025.8.11,19,5.97259,0.424559
2025.8.11,20,0.281335,0.487267
2025.8.11,21,0.000408,0.497898
2025.8.11,22,0.0004,0.141972
2025.8.11,23,0.000424,0.238883
2025.8.11,24,0.000392,1.142472
2025.8.12,1,0.000424,0.986065
2025.8.12,2,0.000392,0.148486
2025.8.12,3,0.000392,0.5691
2025.8.12,4,0.000408,1.085542
2025.8.12,5,0.000424,1.109457
2025.8.12,6,0.006301,1.030982
2025.8.12,7,1.089705,2.607675
2025.8.12,8,14.232844,3.67727
2025.8.12,9,36.952462,2.089982
2025.8.12,10,64.876688,1.319866
2025.8.12,11,110.678799,1.895881
2025.8.12,12,113.063086,1.550041
2025.8.12,13,128.711685,2.058034
2025.8.12,14,139.75873,2.838681
2025.8.12,15,169.494449,1.914246
2025.8.12,16,137.531229,1.009382
2025.8.12,17,93.931166,0.524465
2025.8.12,18,44.869681,0.203223
2025.8.12,19,12.551257,0.208141
2025.8.12,20,2.240575,0.46608
2025.8.12,21,1.045244,0.994065
2025.8.12,22,0.1209,2.619871
2025.8.12,23,0.000408,2.835799
2025.8.12,24,0.000416,2.183529
2025.8.13,1,0.00044,2.025583
2025.8.13,2,0.000424,2.213605
2025.8.13,3,0.000368,2.111018
2025.8.13,4,0.000424,2.599393
2025.8.13,5,0.00044,3.371954
2025.8.13,6,0.018855,3.769731
2025.8.13,7,8.095353,3.127306
2025.8.13,8,42.849436,3.236175
2025.8.13,9,100.956991,3.682069
2025.8.13,10,156.686984,4.504693
2025.8.13,11,197.744965,4.001162
2025.8.13,12,237.21622,4.434497
2025.8.13,13,245.454685,4.460549
2025.8.13,14,230.595885,3.948593
2025.8.13,15,220.625444,3.205799
2025.8.13,16,194.841221,1.680014
2025.8.13,17,161.218424,0.852256
2025.8.13,18,86.895211,0.774099
2025.8.13,19,23.321945,2.000176
2025.8.13,20,3.145895,2.824991
2025.8.13,21,1.948276,2.421938
2025.8.13,22,1.647336,1.932621
2025.8.13,23,0.397096,1.200067
2025.8.13,24,0.004484,1.761812
2025.8.14,1,0.000384,2.01129
2025.8.14,2,0.000328,1.483061
2025.8.14,3,0.000344,1.289773
2025.8.14,4,0.0004,0.395461
2025.8.14,5,0.000416,0.320461
2025.8.14,6,0.010832,0.34838
2025.8.14,7,7.679391,0.35046
2025.8.14,8,56.892432,0.218345
2025.8.14,9,127.459928,0.336807
2025.8.14,10,192.783176,0.421872
2025.8.14,11,244.1153,0.430786
2025.8.14,12,263.128185,0.429667
2025.8.14,13,236.882043,0.601982
2025.8.14,14,189.237816,0.596266
2025.8.14,15,168.33437,0.362716
2025.8.14,16,151.540496,0.08463
2025.8.14,17,115.928587,0.0018
2025.8.14,18,67.123995,0
2025.8.14,19,22.898937,0
2025.8.14,20,3.512791,0.0216
2025.8.14,21,2.000724,0.0498
2025.8.14,22,1.641804,0.401947
2025.8.14,23,0.289548,0.150255
2025.8.14,24,0.000408,0.065548
2025.8.15,1,0.000408,0.04194
2025.8.15,2,0.0004,0.01818
2025.8.15,3,0.00036,0
2025.8.15,4,0.000376,0
2025.8.15,5,0.000384,0.001687
2025.8.15,6,0.017251,0.000241
2025.8.15,7,8.705631,0
2025.8.15,8,59.415239,0
2025.8.15,9,137.952317,0.0054
2025.8.15,10,196.567106,0.009
2025.8.15,11,233.623512,0.0144
2025.8.15,12,266.295123,0.018
2025.8.15,13,252.6976,0.033523
2025.8.15,14,194.2878,0.0162
2025.8.15,15,185.435191,0.0126
2025.8.15,16,152.832635,0.0072
2025.8.15,17,113.838302,0.0036
2025.8.15,18,66.24471,0
2025.8.15,19,23.419796,0.000482
2025.8.15,20,2.977733,0.001928
2025.8.15,21,2.003184,0.000482
2025.8.15,22,1.64078,0.003857
2025.8.15,23,0.34726,0.063503
2025.8.15,24,0.0004,0.28206
2025.8.16,1,0.000384,0.448203
2025.8.16,2,0.000384,0.590059
2025.8.16,3,0.000392,0.460835
2025.8.16,4,0.000416,0.278243
2025.8.16,5,0.000408,0.200264
2025.8.16,6,0.011606,0.19926
2025.8.16,7,6.823729,0.111144
2025.8.16,8,59.840543,0.078731
2025.8.16,9,143.070949,0.0036
2025.8.16,10,209.916239,0.0108
2025.8.16,11,250.996622,0.015605
2025.8.16,12,274.058018,0.013805
2025.8.16,13,258.64226,0.017293
2025.8.16,14,233.535995,0.0126
2025.8.16,15,196.452119,0.009
2025.8.16,16,187.246619,0.0108
2025.8.16,17,125.704143,0.0036
2025.8.16,18,69.770308,0
2025.8.16,19,19.387103,0
2025.8.16,20,3.004706,0.01836
2025.8.16,21,2.028312,0.0378
2025.8.16,22,1.635776,0.091212
2025.8.16,23,0.42548,0.165515
2025.8.16,24,0.005824,0.232757
2025.8.17,1,0.000384,0.253097
2025.8.17,2,0.000408,0.169633
2025.8.17,3,0.00036,0.04122
2025.8.17,4,0.000408,0.0774
2025.8.17,5,0.000416,0.07002
2025.8.17,6,0.011595,0.02214
2025.8.17,7,8.004837,0.0288
2025.8.17,8,57.456098,0.0108
2025.8.17,9,126.846173,0.0018
2025.8.17,10,180.56349,0.009
2025.8.17,11,224.675754,0.0144
2025.8.17,12,242.196075,0.016441
2025.8.17,13,234.075948,0.018
2025.8.17,14,195.905849,0.0144
2025.8.17,15,187.687958,0.105161
2025.8.17,16,176.349275,0.598011
2025.8.17,17,128.846966,0.497216
2025.8.17,18,64.773044,0.462864
2025.8.17,19,16.465552,0.452066
2025.8.17,20,2.461309,0.649614
2025.8.17,21,1.972484,0.679878
2025.8.17,22,1.534796,0.349814
2025.8.17,23,0.323448,0.189222
2025.8.17,24,0.000368,0.292798
2025.8.18,1,0.000408,0.18174
2025.8.18,2,0.0004,0.16578
2025.8.18,3,0.000344,0.3069
2025.8.18,4,0.000336,0.179354
2025.8.18,5,0.000344,0.057375
2025.8.18,6,0.009828,0.029764
2025.8.18,7,7.202699,0.031082
2025.8.18,8,48.240413,0
2025.8.18,9,115.301016,0.0036
2025.8.18,10,188.35746,0.009
2025.8.18,11,235.269287,0.10332
2025.8.18,12,252.035813,0.216366
2025.8.18,13,263.038073,0.347394
2025.8.18,14,259.00153,0.52752
2025.8.18,15,232.845599,0.40542
2025.8.18,16,194.827027,0.183715
2025.8.18,17,134.010489,0.269803
2025.8.18,18,73.672536,0.746657
2025.8.18,19,20.309885,0.560629
2025.8.18,20,2.995114,0.502621
2025.8.18,21,2.135564,0.81993
2025.8.18,22,1.618704,0.598833
2025.8.18,23,0.274888,0.611828
2025.8.18,24,0.000368,0.259566
2025.8.19,1,0.000432,0.781232
2025.8.19,2,0.000344,0.632759
2025.8.19,3,0.000392,0.210688
2025.8.19,4,0.0004,0.150679
2025.8.19,5,0.000416,0.15678
2025.8.19,6,0.013758,0.085891
2025.8.19,7,7.705848,0.057361
2025.8.19,8,50.39014,0.03474
2025.8.19,9,122.204797,0.031502
2025.8.19,10,135.091165,0.126319
2025.8.19,11,157.309727,0.172183
2025.8.19,12,201.34532,0.351156
2025.8.19,13,244.572273,0.710126
2025.8.19,14,255.240295,1.161845
2025.8.19,15,202.654939,1.500437
2025.8.19,16,158.341124,0.666195
2025.8.19,17,148.052588,0.484318
2025.8.19,18,72.717308,0.318405
2025.8.19,19,20.818791,0.35292
2025.8.19,20,2.922164,0.43524
2025.8.19,21,2.228096,0.40998
2025.8.19,22,1.555872,0.39438
2025.8.19,23,0.094636,0.4545
2025.8.19,24,0.000376,0.918
2025.8.20,1,0.000352,0.88854
2025.8.20,2,0.000376,0.89958
2025.8.20,3,0.0004,0.36612
2025.8.20,4,0.000456,0.21954
2025.8.20,5,0.000424,0.06768
2025.8.20,6,0.010775,0.13356
2025.8.20,7,7.117081,0.12132
2025.8.20,8,55.816523,0.10026
2025.8.20,9,127.848497,0.02142
2025.8.20,10,195.776421,0.01602
2025.8.20,11,227.068233,0.04866
2025.8.20,12,244.761664,0.4815
2025.8.20,13,251.35365,0.82836
2025.8.20,14,248.273922,1.20276
2025.8.20,15,233.179594,0.9486
2025.8.20,16,197.194949,0.74178
2025.8.20,17,122.497742,0.92442
2025.8.20,18,61.000043,0.9018
2025.8.20,19,18.268483,0.62334
2025.8.20,20,2.76381,0.27
2025.8.20,21,2.277564,0.2286
2025.8.20,22,1.726876,0.0666
2025.8.20,23,0.401804,0
2025.8.20,24,0.010284,0.04086
2025.8.21,1,0.000376,0.03276
2025.8.21,2,0.000344,0.01548
2025.8.21,3,0.000368,0.05184
2025.8.21,4,0.000376,0
2025.8.21,5,0.000408,0.02394
2025.8.21,6,0.00718,0.13248
2025.8.21,7,4.934503,0.02664
2025.8.21,8,48.737117,0
2025.8.21,9,117.235916,0.0162
2025.8.21,10,185.946086,0.08136
2025.8.21,11,211.015395,0.17298
2025.8.21,12,223.152889,0.25596
2025.8.21,13,214.982447,0.18108
2025.8.21,14,194.99415,0.22356
2025.8.21,15,158.68825,0.3315
2025.8.21,16,113.237837,0.31152
2025.8.21,17,87.003391,0.1062
2025.8.21,18,55.546134,0.0639
2025.8.21,19,19.532181,0.0612
2025.8.21,20,2.715906,0.0018
2025.8.21,21,2.017892,0.0468
2025.8.21,22,0.85036,0.03162
2025.8.21,23,0.058696,0.2286
2025.8.21,24,0.000568,0
2025.8.22,1,0.000424,0
2025.8.22,2,0.000328,0.02646
2025.8.22,3,0.000416,0.08928
2025.8.22,4,0.000416,0.04896
2025.8.22,5,0.000432,0.00072
2025.8.22,6,0.008001,0
2025.8.22,7,6.698493,0
2025.8.22,8,55.573768,0
2025.8.22,9,135.490811,0.0036
2025.8.22,10,196.343296,0.02088
2025.8.22,11,212.730276,0.11574
2025.8.22,12,242.850484,0.18288
2025.8.22,13,228.194386,0.30294
2025.8.22,14,183.106059,0.36126
2025.8.22,15,157.674868,0.25272
2025.8.22,16,137.708343,0.12276
2025.8.22,17,101.810717,0.02952
2025.8.22,18,55.092203,0.03996
2025.8.22,19,17.519383,0.07758
2025.8.22,20,2.686538,0.04878
2025.8.22,21,2.194972,0.00162
2025.8.22,22,1.577524,0.01836
2025.8.22,23,0.41094,0.1188
2025.8.22,24,0.003644,0.16254
2025.8.23,1,0.000496,0.22716
2025.8.23,2,0.000328,0.22554
2025.8.23,3,0.00052,0.18774
2025.8.23,4,0.000568,0.13104
2025.8.23,5,0.000504,0.1503
2025.8.23,6,0.007067,0.14544
2025.8.23,7,6.448286,0.0585
2025.8.23,8,54.833988,0.01512
2025.8.23,9,131.433918,0.06714
2025.8.23,10,193.608325,0.07578
2025.8.23,11,219.77899,0.10746
2025.8.23,12,230.747768,0.10008
2025.8.23,13,249.213538,0.30276
2025.8.23,14,202.782615,0.26316
2025.8.23,15,188.781685,0.28656
2025.8.23,16,154.359442,0.27102
2025.8.23,17,123.512555,0.30816
2025.8.23,18,61.603367,0.14652
2025.8.23,19,16.489623,0.06498
2025.8.23,20,2.574696,0.0045
2025.8.23,21,2.041808,0.00684
2025.8.23,22,1.397708,0.10098
2025.8.23,23,0.3829,0.1629
2025.8.23,24,0.000616,0.189
2025.8.24,1,0.00028,0.16866
2025.8.24,2,0.00024,0.15498
2025.8.24,3,0.000224,0.27168
2025.8.24,4,0.000328,0.26478
2025.8.24,5,0.000408,0.15714
2025.8.24,6,0.01074,0.17568
2025.8.24,7,5.605143,0.20862
2025.8.24,8,48.768975,0.06714
2025.8.24,9,102.750952,0.24732
2025.8.24,10,166.942854,0.21582
2025.8.24,11,225.408762,0.20628
2025.8.24,12,255.560748,0.28548
2025.8.24,13,266.361387,0.43668
2025.8.24,14,244.312819,0.41796
2025.8.24,15,199.69101,0.32814
2025.8.24,16,171.774013,0.28746
2025.8.24,17,121.141338,0.40644
2025.8.24,18,56.664141,0.35064
2025.8.24,19,16.055436,0.35892
2025.8.24,20,2.620803,0.46146
2025.8.24,21,2.21856,0
2025.8.24,22,1.658356,0.04626
2025.8.24,23,0.36096,0.10242
2025.8.24,24,0.00036,0.15948
2025.8.25,1,0.000376,0.21582
2025.8.25,2,0.000328,0.33372
2025.8.25,3,0.000352,0.28422
2025.8.25,4,0.000368,0.34002
2025.8.25,5,0.000344,0.36108
2025.8.25,6,0.007804,0.2847
2025.8.25,7,5.816858,0.19854
2025.8.25,8,51.709567,0.22986
2025.8.25,9,123.718034,0.21402
2025.8.25,10,189.128851,0.3621
2025.8.25,11,226.734041,0.48672
2025.8.25,12,252.970598,0.6795
2025.8.25,13,255.475407,0.54072
2025.8.25,14,254.246443,0.41706
2025.8.25,15,244.074836,0.41598
2025.8.25,16,208.685412,0.57978
2025.8.25,17,150.357448,0.70452
2025.8.25,18,72.740111,0.7137
2025.8.25,19,16.004786,0.80406
2025.8.25,20,2.52054,0.52752
2025.8.25,21,2.263208,0.4734
2025.8.25,22,1.675836,0.32202
2025.8.25,23,0.368852,0.50694
2025.8.25,24,0.002,0.53934
2025.8.26,1,0.000352,0.56382
2025.8.26,2,0.00032,0.4251
2025.8.26,3,0.000344,0.32184
2025.8.26,4,0.000368,0.37782
2025.8.26,5,0.000384,0.31734
2025.8.26,6,0.008191,0.46692
2025.8.26,7,5.821071,0.38412
2025.8.26,8,41.99378,0.53568
2025.8.26,9,100.32116,0.67464
2025.8.26,10,180.124117,0.62658
2025.8.26,11,231.683803,1.13046
2025.8.26,12,249.383656,1.06908
2025.8.26,13,249.313354,0.70944
2025.8.26,14,220.196071,0.80742
2025.8.26,15,213.217671,0.7938
2025.8.26,16,170.159069,0.811725
2025.8.26,17,100.618254,1.480987
2025.8.26,18,60.705063,4.800413
2025.8.26,19,19.406875,3.395778
2025.8.26,20,3.356412,1.713551
2025.8.26,21,2.784472,2.443975
2025.8.26,22,1.63532,0.673397
2025.8.26,23,0.299184,0.629537
2025.8.26,24,0.000352,0.570757
2025.8.27,1,0.000376,0.58701
2025.8.27,2,0.000392,0.315028
2025.8.27,3,0.000368,0.445484
2025.8.27,4,0.000384,0.22501
2025.8.27,5,0.000416,0.062059
2025.8.27,6,0.011038,0
2025.8.27,7,8.803674,0.02466
2025.8.27,8,52.997215,0
2025.8.27,9,118.325963,0.0036
2025.8.27,10,164.574982,0.009
2025.8.27,11,190.154153,0.0126
2025.8.27,12,169.003729,0.020298
2025.8.27,13,113.777545,0.040226
2025.8.27,14,120.53908,0.048243
2025.8.27,15,144.334759,0.0207
2025.8.27,16,166.076044,0.0108
2025.8.27,17,114.33293,0.0018
2025.8.27,18,49.441105,0
2025.8.27,19,12.951133,0
2025.8.27,20,3.076984,0
2025.8.27,21,2.65252,0
2025.8.27,22,2.187744,0
2025.8.27,23,0.411372,0
2025.8.27,24,0.00888,0
2025.8.28,1,0.000408,0
2025.8.28,2,0.00048,0
2025.8.28,3,0.000488,0.00756
2025.8.28,4,0.0004,0.01044
2025.8.28,5,0.000416,0.0027
2025.8.28,6,0.006155,0
2025.8.28,7,4.913682,0
2025.8.28,8,49.923601,0
2025.8.28,9,119.942911,0
2025.8.28,10,182.738586,0.014207
2025.8.28,11,222.23474,0.084476
2025.8.28,12,237.967063,0.383623
2025.8.28,13,247.817213,0.895507
2025.8.28,14,219.714939,1.105804
2025.8.28,15,139.371905,0.779599
2025.8.28,16,108.95384,0.233043
2025.8.28,17,112.729265,0.20448
2025.8.28,18,69.008409,0.13932
2025.8.28,19,14.768294,0.0405
2025.8.28,20,3.100161,0.02178
2025.8.28,21,2.897356,0
2025.8.28,22,1.88072,0
2025.8.28,23,0.352448,0.23154
2025.8.28,24,0.000952,0.673568
2025.8.29,1,0.000432,0.483839
2025.8.29,2,0.000376,0.362038
2025.8.29,3,0.00032,0.468959
2025.8.29,4,0.000408,0.140499
2025.8.29,5,0.000432,0.18288
2025.8.29,6,0.008706,0.180207
2025.8.29,7,5.963829,0.135748
2025.8.29,8,53.854133,0.0144
2025.8.29,9,126.140587,0.01386
2025.8.29,10,175.158636,0.0855
2025.8.29,11,214.059096,0.15624
2025.8.29,12,233.996689,0.29934
2025.8.29,13,241.016997,0.344166
2025.8.29,14,216.627939,0.36468
2025.8.29,15,201.210631,0.348843
2025.8.29,16,166.491615,0.345676
2025.8.29,17,108.391699,0.251491
2025.8.29,18,54.264957,0.160322
2025.8.29,19,13.136158,0.05958
2025.8.29,20,3.027812,0.008164
2025.8.29,21,2.927204,0
2025.8.29,22,2.288288,0
2025.8.29,23,0.269988,0
2025.8.29,24,0.000536,0.0495
2025.8.30,1,0.000592,0.10278
2025.8.30,2,0.0006,0.09684
2025.8.30,3,0.00044,0.04968
2025.8.30,4,0.000408,0.00234
2025.8.30,5,0.000432,0.065651
2025.8.30,6,0.009289,0.154795
2025.8.30,7,8.164196,0.226758
2025.8.30,8,52.757595,0.158776
2025.8.30,9,108.235874,0.0279
2025.8.30,10,175.66409,0.451711
2025.8.30,11,224.189567,0.77132
2025.8.30,12,259.609408,0.736039
2025.8.30,13,259.652509,0.754239
2025.8.30,14,213.21313,0.96945
2025.8.30,15,169.509731,0.863821
2025.8.30,16,138.330337,0.649416
2025.8.30,17,104.997619,0.653764
2025.8.30,18,56.470829,0.647376
2025.8.30,19,17.857186,0.448897
2025.8.30,20,3.140502,0.28428
2025.8.30,21,2.870544,0.430406
2025.8.30,22,2.129056,0.458229
2025.8.30,23,0.369816,0.508853
2025.8.30,24,0.00106,1.090515
2025.8.31,1,0.000544,0.520598
2025.8.31,2,0.00052,0.660113
2025.8.31,3,0.000464,0.914868
2025.8.31,4,0.00052,0.721387
2025.8.31,5,0.000424,0.509474
2025.8.31,6,0.004112,0.386207
2025.8.31,7,2.501136,0.905599
2025.8.31,8,18.533007,0.582344
2025.8.31,9,60.783937,0.769525
2025.8.31,10,50.654274,0.319243
2025.8.31,11,96.51928,0.48994
2025.8.31,12,134.635639,0.957353
2025.8.31,13,201.390855,1.619377
2025.8.31,14,211.697055,1.615334
2025.8.31,15,184.940522,1.194276
2025.8.31,16,134.223808,1.099216
2025.8.31,17,100.213472,0.447584
2025.8.31,18,68.092043,0.56502
2025.8.31,19,14.758354,0.28278
2025.8.31,20,2.973875,0.426717
2025.8.31,21,2.463308,0.863798
2025.8.31,22,0.452988,0.96247
2025.8.31,23,0.028744,2.29638
2025.8.31,24,0.000408,1.434696
2025.9.1,1,0.000432,1.649285
2025.9.1,2,0.000512,2.877134
2025.9.1,3,0.000408,2.799862
2025.9.1,4,0.000392,3.395703
2025.9.1,5,0.0004,1.493855
2025.9.1,6,0.003047,0.38809
2025.9.1,7,0.251989,0.280087
2025.9.1,8,10.049343,0.223728
2025.9.1,9,42.189905,0.093979
2025.9.1,10,106.648583,0.014206
2025.9.1,11,149.022044,0.009
2025.9.1,12,149.658063,0.009
2025.9.1,13,170.51491,0.0126
2025.9.1,14,132.299403,0.011924
2025.9.1,15,131.753756,0.218926
2025.9.1,16,126.392133,0.05517
2025.9.1,17,100.124274,0.0018
2025.9.1,18,47.51457,0.007714
2025.9.1,19,10.230542,0.001205
2025.9.1,20,3.036264,0
2025.9.1,21,2.931212,0
2025.9.1,22,1.785416,0
2025.9.1,23,0.301924,0
2025.9.1,24,0.00036,0
2025.9.2,1,0.000368,0
2025.9.2,2,0.00028,0
2025.9.2,3,0.00036,0
2025.9.2,4,0.000368,0
2025.9.2,5,0.000384,0
2025.9.2,6,0.00549,0.080241
2025.9.2,7,3.953123,0.474035
2025.9.2,8,37.345029,0.557218
2025.9.2,9,93.683347,0.073106
2025.9.2,10,138.608461,0.172377
2025.9.2,11,136.643114,0.255177
2025.9.2,12,87.376145,0.464262
2025.9.2,13,30.684327,0.758074
2025.9.2,14,19.630483,0.440148
2025.9.2,15,66.911785,0.558682
2025.9.2,16,93.13621,0.22377
2025.9.2,17,77.971375,0.175898
2025.9.2,18,45.953594,0.0054
2025.9.2,19,14.284554,0
2025.9.2,20,2.384457,0
2025.9.2,21,0.800392,0
2025.9.2,22,0.171824,0
2025.9.2,23,0.00432,0
2025.9.2,24,0.000424,0
2025.9.3,1,0.000448,0
2025.9.3,2,0.00044,0
2025.9.3,3,0.0004,0
2025.9.3,4,0.0004,0
2025.9.3,5,0.000432,0
2025.9.3,6,0.004924,0
2025.9.3,7,2.926026,0
2025.9.3,8,36.356843,0
2025.9.3,9,90.166703,0.0036
2025.9.3,10,131.905278,0.009
2025.9.3,11,157.033446,0.1008
2025.9.3,12,167.546848,0.3186
2025.9.3,13,155.320802,0.7344
2025.9.3,14,153.63973,1.25118
2025.9.3,15,99.414246,1.806176
2025.9.3,16,79.651211,1.875107
2025.9.3,17,55.097515,1.650368
2025.9.3,18,37.166248,2.492158
2025.9.3,19,8.103953,1.776541
2025.9.3,20,2.699222,1.541872
2025.9.3,21,2.578288,0.857982
2025.9.3,22,1.956332,0.080945
2025.9.3,23,0.588012,0.265668
2025.9.3,24,0.012288,0.43886
2025.9.4,1,0.0004,0.560217
2025.9.4,2,0.000416,1.364054
2025.9.4,3,0.000392,1.068015
2025.9.4,4,0.000392,1.395696
2025.9.4,5,0.0004,1.179209
2025.9.4,6,0.050253,2.050755
2025.9.4,7,2.70496,2.556423
2025.9.4,8,32.662786,2.182218
2025.9.4,9,71.646097,1.615343
2025.9.4,10,118.228925,1.262854
2025.9.4,11,145.918207,1.556434
2025.9.4,12,160.492524,1.616616
2025.9.4,13,166.776179,1.441707
2025.9.4,14,166.352454,1.442525
2025.9.4,15,149.816209,1.331734
2025.9.4,16,114.60781,1.0043
2025.9.4,17,81.412257,0.492453
2025.9.4,18,43.191208,0.248369
2025.9.4,19,9.24758,0.046041
2025.9.4,20,2.913175,0.012534
2025.9.4,21,2.820572,0.045318
2025.9.4,22,2.16554,0.028204
2025.9.4,23,0.473356,0.038086
2025.9.4,24,0.009024,0.010124
2025.9.5,1,0.000432,0
2025.9.5,2,0.00032,0
2025.9.5,3,0.00036,0
2025.9.5,4,0.000376,0
2025.9.5,5,0.0004,0
2025.9.5,6,0.005185,0.000241
2025.9.5,7,2.577505,0
2025.9.5,8,37.027966,0
2025.9.5,9,95.945061,0.0036
2025.9.5,10,133.543806,0.0108
2025.9.5,11,153.796933,0.072
2025.9.5,12,151.827764,0.264009
2025.9.5,13,138.088289,0.298711
2025.9.5,14,99.000884,0.319168
2025.9.5,15,76.437657,0.538901
2025.9.5,16,82.767664,0.13191
2025.9.5,17,64.261781,0.113512
2025.9.5,18,29.720164,0.27604
2025.9.5,19,7.4455,0.476066
2025.9.5,20,3.002314,0.513438
2025.9.5,21,2.691352,0.544988
2025.9.5,22,1.502904,0.389675
2025.9.5,23,0.3029,0.787853
2025.9.5,24,0.000424,0.555297
2025.9.6,1,0.000416,0.301356
2025.9.6,2,0.000376,0.175977
2025.9.6,3,0.000392,0.185491
2025.9.6,4,0.000448,0.135701
2025.9.6,5,0.000408,0.130144
2025.9.6,6,0.004737,0.001446
2025.9.6,7,2.800942,0
2025.9.6,8,30.649967,0.000723
2025.9.6,9,64.263518,0.011185
2025.9.6,10,125.359507,0.0108
2025.9.6,11,158.868915,0.0588
2025.9.6,12,190.973295,0.091973
2025.9.6,13,174.404778,0.294743
2025.9.6,14,154.439236,0.076707
2025.9.6,15,143.409235,0.1062
2025.9.6,16,121.534792,0.129319
2025.9.6,17,90.862296,0.013853
2025.9.6,18,45.007389,0
2025.9.6,19,8.775132,0
2025.9.6,20,2.966526,0.007682
2025.9.6,21,2.851452,0.005641
2025.9.6,22,2.075432,0.0054
2025.9.6,23,0.133848,0.018079
2025.9.6,24,0.000408,0
2025.9.7,1,0.000408,0.019221
2025.9.7,2,0.000344,0.001928
2025.9.7,3,0.000424,0.000964
2025.9.7,4,0.000368,0.0594
2025.9.7,5,0.000384,0.051058
2025.9.7,6,0.00578,0.0018
2025.9.7,7,3.637989,0
2025.9.7,8,31.408042,0
2025.9.7,9,71.445358,0.0036
2025.9.7,10,117.209916,0.031483
2025.9.7,11,152.33328,0.118369
2025.9.7,12,163.310993,0.711976
2025.9.7,13,162.861942,1.357004
2025.9.7,14,169.327206,0.465002
2025.9.7,15,158.403594,0.217502
2025.9.7,16,109.53243,1.879901
2025.9.7,17,48.163932,4.99119
2025.9.7,18,30.58745,2.046498
2025.9.7,19,5.291238,0.215501
2025.9.7,20,2.709012,0
2025.9.7,21,2.536204,0
2025.9.7,22,1.671728,0
2025.9.7,23,0.12298,0
2025.9.7,24,0.00036,0
2025.9.8,1,0.000416,0
2025.9.8,2,0.000408,0
2025.9.8,3,0.000448,0
2025.9.8,4,0.000384,0
2025.9.8,5,0.0004,0
2025.9.8,6,0.008157,0
2025.9.8,7,3.300717,0
2025.9.8,8,34.512573,0
2025.9.8,9,81.253401,0
2025.9.8,10,92.454423,0.009
2025.9.8,11,94.379945,0.007939
2025.9.8,12,89.298192,0.006011
2025.9.8,13,104.104343,0.004082
2025.9.8,14,124.040565,0.009
2025.9.8,15,106.125661,0.0018
2025.9.8,16,84.507818,0.0738
2025.9.8,17,77.200965,0.039246
2025.9.8,18,39.378445,0
2025.9.8,19,4.916177,0.000241
2025.9.8,20,2.916837,0.012293
2025.9.8,21,2.1653,0.044887
2025.9.8,22,0.397216,0.418954
2025.9.8,23,0.002856,0.621714
2025.9.8,24,0.000472,0.250648
2025.9.9,1,0.000496,0.182356
2025.9.9,2,0.000392,0.412195
2025.9.9,3,0.000376,0.504216
2025.9.9,4,0.000336,0.155743
2025.9.9,5,0.000384,0.012632
2025.9.9,6,0.007576,0
2025.9.9,7,3.885728,0.0054
2025.9.9,8,28.869988,0.140922
2025.9.9,9,67.264505,0.404967
2025.9.9,10,81.540496,0.69872
2025.9.9,11,89.85938,1.592209
2025.9.9,12,90.840643,2.450675
2025.9.9,13,70.110556,3.776278
2025.9.9,14,52.722855,3.349411
2025.9.9,15,35.069131,3.723125
2025.9.9,16,39.843238,2.179994
2025.9.9,17,12.853989,2.885207
2025.9.9,18,2.855618,1.788192
2025.9.9,19,4.318199,1.358497
2025.9.9,20,1.994652,1.568202
2025.9.9,21,0.067256,1.494874
2025.9.9,22,0.000392,0.33356
2025.9.9,23,0.00036,0.011426
2025.9.9,24,0.000376,0
2025.9.10,1,0.000384,0.104206
2025.9.10,2,0.000376,0.01734
2025.9.10,3,0.000384,0.20838
2025.9.10,4,0.000408,1.778988
2025.9.10,5,0.000392,1.678355
2025.9.10,6,0.003078,1.825987
2025.9.10,7,0.702193,2.707616
2025.9.10,8,10.884031,1.885196
2025.9.10,9,31.753753,0.935107
2025.9.10,10,36.306324,0.955121
2025.9.10,11,69.072671,0.630661
2025.9.10,12,89.018024,0.414446
2025.9.10,13,112.387048,0.262484
2025.9.10,14,133.672386,0.05459
2025.9.10,15,130.033002,0.016874
2025.9.10,16,102.282367,0.224855
2025.9.10,17,75.596711,0.332962
2025.9.10,18,37.04502,0.058335
2025.9.10,19,5.441233,0.046523
2025.9.10,20,2.619054,0.03447
2025.9.10,21,1.947976,0.276066
2025.9.10,22,1.503664,0.460788
2025.9.10,23,0.301816,0.726575
2025.9.10,24,0.000416,1.934728
2025.9.11,1,0.000392,1.302892
2025.9.11,2,0.000392,1.499762
2025.9.11,3,0.000424,2.115463
2025.9.11,4,0.000408,2.135336
2025.9.11,5,0.000392,1.6635
2025.9.11,6,0.006023,1.17124
2025.9.11,7,2.099341,1.458553
2025.9.11,8,25.755233,1.880987
2025.9.11,9,72.935605,1.945551
2025.9.11,10,115.62023,2.023486
2025.9.11,11,149.503366,2.10577
2025.9.11,12,156.267325,2.544564
2025.9.11,13,142.927149,2.832495
2025.9.11,14,126.768442,3.596959
2025.9.11,15,100.188316,4.210013
2025.9.11,16,88.601779,5.596045
2025.9.11,17,61.78262,5.834586
2025.9.11,18,20.962016,5.632273
2025.9.11,19,4.079956,5.214926
2025.9.11,20,2.712693,5.105431
2025.9.11,21,1.956736,5.160246
2025.9.11,22,1.423284,5.087633
2025.9.11,23,0.359296,5.003377
2025.9.11,24,0.0042,5.026044
2025.9.12,1,0.000536,5.098238
2025.9.12,2,0.000408,5.093948
2025.9.12,3,0.000464,5.042983
2025.9.12,4,0.000384,4.835205
2025.9.12,5,0.000552,3.980085
2025.9.12,6,0.002798,1.546231
2025.9.12,7,0.376493,0.89412
2025.9.12,8,13.715191,0.906778
2025.9.12,9,56.613264,2.998924
2025.9.12,10,126.684138,3.715181
2025.9.12,11,161.796489,1.40178
2025.9.12,12,186.732382,1.020513
2025.9.12,13,186.798506,1.591775
2025.9.12,14,153.419913,1.129415
2025.9.12,15,143.753331,0.765671
2025.9.12,16,112.237458,0.779968
2025.9.12,17,75.45521,0.591089
2025.9.12,18,34.915334,0.111688
2025.9.12,19,5.055256,0.016391
2025.9.12,20,2.997045,0
2025.9.12,21,2.710392,0.210913
2025.9.12,22,1.403976,1.023204
2025.9.12,23,0.06768,1.206758
2025.9.12,24,0.000392,2.086408
2025.9.13,1,0.000376,1.251281
2025.9.13,2,0.000368,1.131263
2025.9.13,3,0.000368,0.672411
2025.9.13,4,0.000368,1.972929
2025.9.13,5,0.000392,0.927877
2025.9.13,6,0.003373,2.049121
2025.9.13,7,1.821081,1.055686
2025.9.13,8,19.540439,0.246868
2025.9.13,9,51.153703,0.224736
2025.9.13,10,60.910272,0.371815
2025.9.13,11,58.764787,0.82137
2025.9.13,12,48.987288,0.173764
2025.9.13,13,44.6633,0.753391
2025.9.13,14,60.583672,2.243375
2025.9.13,15,81.268406,0.951281
2025.9.13,16,83.235647,0.156091
2025.9.13,17,76.622498,0.618981
2025.9.13,18,32.792634,1.191729
2025.9.13,19,7.290954,1.298608
2025.9.13,20,2.127971,0.885062
2025.9.13,21,0.268028,0.456191
2025.9.13,22,0.000552,0.567381
2025.9.13,23,0.000544,0.127888
2025.9.13,24,0.000432,0.568525
2025.9.14,1,0.000376,0.606235
2025.9.14,2,0.000352,2.026573
2025.9.14,3,0.0004,1.400341
2025.9.14,4,0.0004,0.310987
2025.9.14,5,0.000416,0.10226
2025.9.14,6,0.002967,0.092103
2025.9.14,7,0.430076,0.088824
2025.9.14,8,17.921251,0.014817
2025.9.14,9,72.865999,0.003616
2025.9.14,10,139.288124,0.011764
2025.9.14,11,158.256331,0.0126
2025.9.14,12,156.620322,0.0162
2025.9.14,13,142.336521,0.02814
2025.9.14,14,111.15015,0.051313
2025.9.14,15,74.914537,0.297307
2025.9.14,16,58.837721,0.147949
2025.9.14,17,36.224242,0.093435
2025.9.14,18,9.064874,0.012189
2025.9.14,19,1.698059,0.030373
2025.9.14,20,2.29449,0.005785
2025.9.14,21,2.27488,0
2025.9.14,22,0.96938,0
2025.9.14,23,0.459152,0
2025.9.14,24,0.074088,0.209437
2025.9.15,1,0.045176,0.913873
2025.9.15,2,0.000496,0.416387
2025.9.15,3,0.000528,0.397816
2025.9.15,4,0.000536,0.009401
2025.9.15,5,0.000544,0
2025.9.15,6,0.511011,0
2025.9.15,7,2.805512,0.001928
2025.9.15,8,33.484333,0.128485
2025.9.15,9,89.582342,0.131087
2025.9.15,10,137.374858,0.134369
2025.9.15,11,148.996718,0.065297
2025.9.15,12,114.923775,0.436553
2025.9.15,13,103.647999,0.428582
2025.9.15,14,145.87234,0.031627
2025.9.15,15,162.506567,0.0108
2025.9.15,16,122.333925,0.009
2025.9.15,17,77.957905,0.0018
2025.9.15,18,33.500528,0
2025.9.15,19,5.148724,0
2025.9.15,20,2.909307,0
2025.9.15,21,2.681944,0.015702
2025.9.15,22,1.753036,0.060943
2025.9.15,23,0.053864,0.018964
2025.9.15,24,0.000392,0.068542
2025.9.16,1,0.000408,0.014222
2025.9.16,2,0.000392,0
2025.9.16,3,0.000408,0
2025.9.16,4,0.000328,0
2025.9.16,5,0.000392,0
2025.9.16,6,0.004235,0
2025.9.16,7,1.576149,0
2025.9.16,8,32.697052,0
2025.9.16,9,90.527669,0.0018
2025.9.16,10,139.040605,0.009
2025.9.16,11,167.895316,0.0144
2025.9.16,12,171.72364,0.018
2025.9.16,13,164.887589,0.0108
2025.9.16,14,144.309325,0.0036
2025.9.16,15,128.434644,0.0072
2025.9.16,16,112.936541,0.0036
2025.9.16,17,78.243913,0
2025.9.16,18,32.915863,0
2025.9.16,19,5.361145,0.001205
2025.9.16,20,2.932677,0.010365
2025.9.16,21,2.795076,0
2025.9.16,22,1.805412,0
2025.9.16,23,0.146296,0
2025.9.16,24,0,0
2025.9.17,1,0,0.018229
2025.9.17,2,0,0.092285
2025.9.17,3,0,0.207233
2025.9.17,4,0,0.010848
2025.9.17,5,0,0.051005
2025.9.17,6,0.003175,0.030839
2025.9.17,7,1.198324,0.079536
2025.9.17,8,26.87517,0.020489
2025.9.17,9,95.025416,0.0018
2025.9.17,10,133.095387,0.009
2025.9.17,11,174.294855,0.0162
2025.9.17,12,192.257019,0.0144
2025.9.17,13,199.424988,0.880438
2025.9.17,14,175.520811,2.4255
2025.9.17,15,126.965708,3.208066
2025.9.17,16,127.480002,0.928637
2025.9.17,17,85.78817,0.320266
2025.9.17,18,32.016821,0.115576
2025.9.17,19,4.876753,0.008196
2025.9.17,20,2.933113,0.015057
2025.9.17,21,2.780836,0.03336
2025.9.17,22,0.554152,0.318337
2025.9.17,23,0.033888,0.571674
2025.9.17,24,0,0.967503
2025.9.18,1,0,1.55593
2025.9.18,2,0,1.130774
2025.9.18,3,0,1.041326
2025.9.18,4,0.251892,0.750895
2025.9.18,5,0.076608,2.092419
2025.9.18,6,0.004795,4.647912
2025.9.18,7,0.415769,4.824542
2025.9.18,8,28.715998,3.06937
2025.9.18,9,85.887218,1.065463
2025.9.18,10,138.991218,0.502068
2025.9.18,11,182.606037,0.572329
2025.9.18,12,207.258091,0.523173
2025.9.18,13,211.386138,0.609226
2025.9.18,14,209.774493,0.558616
2025.9.18,15,171.944593,0.497086
2025.9.18,16,131.502927,0.144734
2025.9.18,17,83.688606,0.080694
2025.9.18,18,35.807067,0.097842
2025.9.18,19,5.292632,0.15594
2025.9.18,20,2.653513,2.351014
2025.9.18,21,2.561752,4.231218
2025.9.18,22,2.066896,4.989595
2025.9.18,23,0.39506,6.009795
2025.9.18,24,0.00468,6.204039
2025.9.19,1,0,5.522763
2025.9.19,2,0,5.008605
2025.9.19,3,0,3.954161
2025.9.19,4,0,3.502728
2025.9.19,5,0,4.135043
2025.9.19,6,0.003264,4.996491
2025.9.19,7,0.68032,5.081679
2025.9.19,8,9.212813,5.068312
2025.9.19,9,31.867691,5.064678
2025.9.19,10,95.5086,4.832988
2025.9.19,11,132.524586,5.039677
2025.9.19,12,95.263113,5.352163
2025.9.19,13,135.38978,5.529423
2025.9.19,14,127.269164,5.848294
2025.9.19,15,113.175207,4.89625
2025.9.19,16,91.120321,3.637691
2025.9.19,17,54.394938,3.087351
2025.9.19,18,22.187382,2.582342
2025.9.19,19,4.529892,2.295811
2025.9.19,20,2.339445,2.329218
2025.9.19,21,2.132272,2.163131
2025.9.19,22,1.688544,1.469975
2025.9.19,23,0.328596,1.427054
2025.9.19,24,0.00234,3.063394
2025.9.20,1,0,4.877134
2025.9.20,2,0,2.975225
2025.9.20,3,0,1.312775
2025.9.20,4,0,2.037097
2025.9.20,5,0,0.28304
2025.9.20,6,0.002515,0.073687
2025.9.20,7,0.103947,0.663615
2025.9.20,8,4.848928,0.944188
2025.9.20,9,5.307985,2.419556
2025.9.20,10,29.252838,2.365795
2025.9.20,11,69.162329,3.342377
2025.9.20,12,117.109893,4.096781
2025.9.20,13,107.245719,3.254235
2025.9.20,14,137.303903,3.605928
2025.9.20,15,136.147596,3.169124
2025.9.20,16,111.185922,3.356456
2025.9.20,17,63.622799,4.093892
2025.9.20,18,24.795914,4.229887
2025.9.20,19,3.739799,4.153427
2025.9.20,20,2.172132,4.101852
2025.9.20,21,1.480796,3.627412
2025.9.20,22,0.52924,2.565618
2025.9.20,23,0.008016,2.070192
2025.9.20,24,0,1.362532
2025.9.21,1,0,0.879545
2025.9.21,2,0,0.857968
2025.9.21,3,0,0.92724
2025.9.21,4,0,0.896705
2025.9.21,5,0,1.576482
2025.9.21,6,0.005165,2.0984
2025.9.21,7,2.162341,1.555681
2025.9.21,8,34.141773,0.93214
2025.9.21,9,94.111105,1.078083
2025.9.21,10,128.201175,0.966932
2025.9.21,11,154.044832,0.55589
2025.9.21,12,154.482946,0.466407
2025.9.21,13,172.564339,0.803467
2025.9.21,14,154.574964,0.83678
2025.9.21,15,141.789487,1.328989
2025.9.21,16,112.927723,2.486898
2025.9.21,17,71.236547,3.07258
2025.9.21,18,29.704699,3.487164
2025.9.21,19,4.023446,4.741873
2025.9.21,20,2.376877,5.377628
2025.9.21,21,1.903604,5.511615
2025.9.21,22,0.8604,5.724573
2025.9.21,23,0.04312,5.747952
2025.9.21,24,0,6.065928
2025.9.22,1,0,5.751527
2025.9.22,2,0,5.856111
2025.9.22,3,0,5.532043
2025.9.22,4,0,5.473128
2025.9.22,5,0,5.38063
2025.9.22,6,0.004812,5.491278
2025.9.22,7,1.812757,5.415319
2025.9.22,8,28.144552,5.59912
2025.9.22,9,75.139468,5.985671
2025.9.22,10,117.289805,6.108696
2025.9.22,11,145.813446,6.324649
2025.9.22,12,177.360717,6.049387
2025.9.22,13,181.661654,6.221041
2025.9.22,14,171.469226,6.264033
2025.9.22,15,148.460206,6.452495
2025.9.22,16,113.871862,6.341981
2025.9.22,17,67.136296,6.64281
2025.9.22,18,26.798351,6.192618
2025.9.22,19,3.621418,6.217449
2025.9.22,20,2.355225,6.272633
2025.9.22,21,2.17634,6.20984
2025.9.22,22,1.769696,6.533573
2025.9.22,23,0.34874,6.90464
2025.9.22,24,0.005536,6.702751
2025.9.23,1,0.00044,6.452966
2025.9.23,2,0.000456,6.192315
2025.9.23,3,0.000432,5.979261
2025.9.23,4,0.000408,5.986996
2025.9.23,5,0.000424,5.595641
2025.9.23,6,0.004425,5.198335
2025.9.23,7,1.015654,4.706133
2025.9.23,8,20.343725,4.948945
2025.9.23,9,54.418494,5.376287
2025.9.23,10,90.125934,5.693336
2025.9.23,11,113.027118,5.694605
2025.9.23,12,131.030168,6.687502
2025.9.23,13,136.049733,6.686715
2025.9.23,14,123.385046,6.29515
2025.9.23,15,109.009165,5.954474
2025.9.23,16,87.853482,5.706329
2025.9.23,17,55.527035,5.381999
2025.9.23,18,19.492523,6.050603
2025.9.23,19,3.033028,6.195283
2025.9.23,20,2.40172,6.312303
2025.9.23,21,2.136852,5.986471
2025.9.23,22,1.484304,5.453624
2025.9.23,23,0.3425,4.708968
2025.9.23,24,0.005608,2.68258
2025.9.24,1,0.000488,3.336375
2025.9.24,2,0.000376,2.274017
2025.9.24,3,0.000384,2.362737
2025.9.24,4,0.000384,1.372695
2025.9.24,5,0.000408,0.952418
2025.9.24,6,0.003339,0.875644
2025.9.24,7,1.115981,1.241673
2025.9.24,8,19.783113,1.219494
2025.9.24,9,56.451092,0.922038
2025.9.24,10,106.461062,1.029408
2025.9.24,11,148.409608,0.295295
2025.9.24,12,155.798425,0.92256
2025.9.24,13,183.073585,0.7458
2025.9.24,14,172.815953,0.66846
2025.9.24,15,155.795994,0.39372
2025.9.24,16,122.171531,0.11892
2025.9.24,17,77.210247,0.0792
2025.9.24,18,25.903708,0.0432
2025.9.24,19,2.672494,0.0054
2025.9.24,20,2.370729,0.0216
2025.9.24,21,2.235808,0.03468
2025.9.24,22,1.6573,0.054
2025.9.24,23,0.164392,0.0414
2025.9.24,24,0.000376,0.22164
2025.9.25,1,0.000384,0.41466
2025.9.25,2,0.000384,0.12168
2025.9.25,3,0.000384,0.03792
2025.9.25,4,0.000424,0.19872
2025.9.25,5,0.00028,0.20022
2025.9.25,6,0.00327,0.37776
2025.9.25,7,0.730018,0.0678
2025.9.25,8,12.887485,0.0144
2025.9.25,9,57.492898,0.07122
2025.9.25,10,100.079165,0.13152
2025.9.25,11,135.353377,0.0216
2025.9.25,12,119.368324,0.2538
2025.9.25,13,130.973164,0.37872
2025.9.25,14,107.541412,0.2763
2025.9.25,15,68.89937,1.48062
2025.9.25,16,40.638256,0.57972
2025.9.25,17,37.679034,0.189
2025.9.25,18,19.234509,0.0684
2025.9.25,19,2.688121,0
2025.9.25,20,1.838785,0.0777
2025.9.25,21,1.02908,0.0738
2025.9.25,22,0.248136,0.13116
2025.9.25,23,0.207776,0.108
2025.9.25,24,0.009024,0.23106
2025.9.26,1,0.000392,0.05472
2025.9.26,2,0.000352,0.16374
2025.9.26,3,0.019084,0.0825
2025.9.26,4,0.017708,0.0738
2025.9.26,5,0.098484,0.0324
2025.9.26,6,0.021069,0.0072
2025.9.26,7,1.299714,0.02082
2025.9.26,8,11.21814,0.1764
2025.9.26,9,57.269878,0.0408
2025.9.26,10,91.832934,0.018
2025.9.26,11,79.145517,0
2025.9.26,12,37.154112,0.0018
2025.9.26,13,33.07669,0.0126
2025.9.26,14,18.246866,0.0126
2025.9.26,15,22.595651,0
2025.9.26,16,64.657489,0
2025.9.26,17,58.269968,0.009
2025.9.26,18,15.49067,0
2025.9.26,19,2.607175,0.0084
2025.9.26,20,0.683137,0
2025.9.26,21,0.20876,0
2025.9.26,22,0.10604,0
2025.9.26,23,0.001376,0.0018
2025.9.26,24,0.000408,0.0072
2025.9.27,1,0.000392,0
2025.9.27,2,0.0004,0
2025.9.27,3,0.00036,0
2025.9.27,4,0.000376,0.0828
2025.9.27,5,0.000376,0.18498
2025.9.27,6,0.002403,0.47982
2025.9.27,7,0.011661,0.23118
2025.9.27,8,1.237438,0.89466
2025.9.27,9,3.534299,2.4795
2025.9.27,10,21.687771,3.0783
2025.9.27,11,40.906257,3.23874
2025.9.27,12,42.43411,2.76468
2025.9.27,13,63.987325,1.57626
2025.9.27,14,66.305337,0.75996
2025.9.27,15,46.700667,0.34686
2025.9.27,16,47.963761,0.19716
2025.9.27,17,24.476056,0.47802
2025.9.27,18,10.639329,0.87306
2025.9.27,19,1.878644,0.4158
2025.9.27,20,2.050226,0.12756
2025.9.27,21,0.509072,0.15282
2025.9.27,22,0.001536,0.42684
2025.9.27,23,0.000488,0.52458
2025.9.27,24,0.000512,0.50574
2025.9.28,1,0.000512,0.7062
2025.9.28,2,0.0004,0.77514
2025.9.28,3,0.000448,0.86874
2025.9.28,4,0.00052,0.38562
2025.9.28,5,0.000496,0.34314
2025.9.28,6,0.002993,0.50754
2025.9.28,7,0.034604,0.52218
2025.9.28,8,7.445549,0.44952
2025.9.28,9,45.276241,0.27168
2025.9.28,10,79.045159,0.2424
2025.9.28,11,105.593887,1.16292
2025.9.28,12,153.314328,1.8273
2025.9.28,13,152.803317,1.71108
2025.9.28,14,124.815474,1.32486
2025.9.28,15,98.387437,2.69538
2025.9.28,16,76.349727,2.81796
2025.9.28,17,52.239056,1.44786
2025.9.28,18,15.462299,0.83232
2025.9.28,19,3.055004,1.15758
2025.9.28,20,2.467169,1.16346
2025.9.28,21,2.052756,1.53888
2025.9.28,22,0.811924,1.83858
2025.9.28,23,0.216788,1.5471
2025.9.28,24,0.00908,1.56948
2025.9.29,1,0.000432,1.36566
2025.9.29,2,0.000408,1.09158
2025.9.29,3,0.000424,0.8022
2025.9.29,4,0.000344,1.07502
2025.9.29,5,0.00036,0.96174
2025.9.29,6,0.004653,0.75396
2025.9.29,7,1.526167,0.72138
2025.9.29,8,29.063321,0.77556
2025.9.29,9,40.391716,0.74334
2025.9.29,10,122.937743,0.6369
2025.9.29,11,152.646824,0.57618
2025.9.29,12,174.124876,0.65496
2025.9.29,13,173.826514,0.571149
2025.9.29,14,150.302861,1.081986
2025.9.29,15,155.29847,1.210788
2025.9.29,16,92.0073,1.641936
2025.9.29,17,32.733801,1.896211
2025.9.29,18,9.736037,2.315029
2025.9.29,19,2.335351,1.758395
2025.9.29,20,2.624929,1.461094
2025.9.29,21,2.347856,1.796721
2025.9.29,22,1.153736,1.857163
2025.9.29,23,0.268988,1.069395
2025.9.29,24,0.009072,1.549539
2025.9.30,1,0.000432,1.530892
2025.9.30,2,0.000416,1.052904
2025.9.30,3,0.000512,0.428827
2025.9.30,4,0.0004,0.44969
2025.9.30,5,0.000344,0.424943
2025.9.30,6,0.004318,0.301598
2025.9.30,7,1.591045,0.353069
2025.9.30,8,31.889036,0.156495
2025.9.30,9,73.711433,0.039852
2025.9.30,10,77.822262,0.046821
2025.9.30,11,92.818849,0.111218
2025.9.30,12,100.143574,0.095879
2025.9.30,13,126.520903,0.27464
2025.9.30,14,99.794617,0.215416
2025.9.30,15,111.630876,0.380562
2025.9.30,16,78.109793,0.590635
2025.9.30,17,37.780355,0.268467
2025.9.30,18,15.031666,0.200488
2025.9.30,19,2.92413,0.226837
2025.9.30,20,2.373074,0.114647
2025.9.30,21,1.211008,0.262017
2025.9.30,22,0.49446,0.343266
2025.9.30,23,0.189496,0.434312
2025.9.30,24,0.000408,0.381865
2025.10.1,1,0.000464,0.507994
2025.10.1,2,0.000504,0.382813
2025.10.1,3,0.000528,0.293315
2025.10.1,4,0.00052,0.229816
2025.10.1,5,0.000528,0.272049
2025.10.1,6,0.000536,0.333138
2025.10.1,7,1.37924,0.469426
2025.10.1,8,31.475889,0.483941
2025.10.1,9,97.337015,0.48348
2025.10.1,10,159.905857,0.430693
2025.10.1,11,204.396468,0.603979
2025.10.1,12,227.263771,0.970904
2025.10.1,13,237.295667,1.039258
2025.10.1,14,228.91889,1.452587
2025.10.1,15,203.519024,1.353198
2025.10.1,16,146.876125,1.115246
2025.10.1,17,78.363103,0.863977
2025.10.1,18,29.773152,0.715285
2025.10.1,19,2.875728,0.420355
2025.10.1,20,2.655672,0.240061
2025.10.1,21,2.522132,0.306988
2025.10.1,22,1.992128,0.543036
2025.10.1,23,0.583032,0.649845
2025.10.1,24,0.01154,0.582998
2025.10.2,1,0.000376,0.093851
2025.10.2,2,0.00048,0.009
2025.10.2,3,0.0004,0.027
2025.10.2,4,0.000432,0.0594
2025.10.2,5,0.000496,0.1098
2025.10.2,6,0.000536,0.1044
2025.10.2,7,0.303452,0.0594
2025.10.2,8,19.0238,0.085253
2025.10.2,9,82.135842,0.027
2025.10.2,10,153.625275,0
2025.10.2,11,188.348847,0
2025.10.2,12,203.037314,0.0054
2025.10.2,13,194.090974,0.047959
2025.10.2,14,160.962949,0.526597
2025.10.2,15,130.49927,0.502961
2025.10.2,16,107.988797,0.543106
2025.10.2,17,48.072554,0.588974
2025.10.2,18,12.349894,0.850602
2025.10.2,19,2.18802,2.085226
2025.10.2,20,2.596244,3.181261
2025.10.2,21,2.367592,2.716029
2025.10.2,22,1.38168,2.612828
2025.10.2,23,0.254912,4.772267
2025.10.2,24,0.007072,6.289792
2025.10.3,1,0.000352,6.466826
2025.10.3,2,0.000328,5.733344
2025.10.3,3,0.0004,6.152352
2025.10.3,4,0.00044,5.752258
2025.10.3,5,0.00044,7.095531
2025.10.3,6,0.000432,7.718563
2025.10.3,7,0.002824,8.134179
2025.10.3,8,0.034897,7.597151
2025.10.3,9,0.186688,7.394205
2025.10.3,10,1.089552,5.919454
2025.10.3,11,2.517226,4.381252
2025.10.3,12,15.144391,0.957536
2025.10.3,13,38.045471,0.3316
2025.10.3,14,34.487965,0.398329
2025.10.3,15,30.587123,0.155664
2025.10.3,16,5.854402,0.289279
2025.10.3,17,7.698757,0.88972
2025.10.3,18,5.026725,0.3636
2025.10.3,19,0.754355,0.3978
2025.10.3,20,0.4804,0.423
2025.10.3,21,0.035952,0.3942
2025.10.3,22,0.000448,0.2322
2025.10.3,23,0.000456,0.372309
2025.10.3,24,0.000432,1.095411
2025.10.4,1,0.000424,1.678913
2025.10.4,2,0.000424,2.847462
2025.10.4,3,0.00036,2.278404
2025.10.4,4,0.000368,2.292762
2025.10.4,5,0.000448,2.275128
2025.10.4,6,0.000424,2.101728
2025.10.4,7,0.155128,2.828029
2025.10.4,8,10.312622,2.297364
2025.10.4,9,41.227037,2.839072
2025.10.4,10,69.010304,1.999778
2025.10.4,11,108.248859,3.489621
2025.10.4,12,148.969454,4.127378
2025.10.4,13,163.847819,4.339043
2025.10.4,14,128.796146,3.674817
2025.10.4,15,122.503089,1.267696
2025.10.4,16,89.114018,1.2528
2025.10.4,17,66.894255,1.4634
2025.10.4,18,19.622141,1.13676
2025.10.4,19,2.204705,1.43796
2025.10.4,20,2.583928,0.92934
2025.10.4,21,2.319452,0.6018
2025.10.4,22,0.997532,0.6939
2025.10.4,23,0.214204,0.94164
2025.10.4,24,0.000456,0.67404
2025.10.5,1,0.000472,0.50316
2025.10.5,2,0.000432,0.42012
2025.10.5,3,0.00044,0.6522
2025.10.5,4,0.000328,0.42768
2025.10.5,5,0.000432,0.2409
2025.10.5,6,0.000472,0.35424
2025.10.5,7,0.818668,0.41844
2025.10.5,8,26.956064,0.32496
2025.10.5,9,88.759254,0.51264
2025.10.5,10,145.857253,0.40566
2025.10.5,11,187.554269,0.5376
2025.10.5,12,206.172426,0.62778
2025.10.5,13,202.215531,0.60774
2025.10.5,14,189.146014,0.62412
2025.10.5,15,157.347571,0.47538
2025.10.5,16,115.245722,0.54048
2025.10.5,17,73.773512,0.42648
2025.10.5,18,23.229051,0.24
2025.10.5,19,2.584869,0.13242
2025.10.5,20,2.623492,0.21972
2025.10.5,21,2.454952,0.23982
2025.10.5,22,1.980808,0.33084
2025.10.5,23,0.520768,0.37512
2025.10.5,24,0.00812,0.40554
2025.10.6,1,0.000432,0.42804
2025.10.6,2,0.000416,0.48102
2025.10.6,3,0.000392,0.5493
2025.10.6,4,0.000384,0.5832
2025.10.6,5,0.00032,0.46782
2025.10.6,6,0.000304,0.29124
2025.10.6,7,0.828866,0.0972
2025.10.6,8,27.235647,0.0324
2025.10.6,9,89.281143,0.0018
2025.10.6,10,143.706313,0
2025.10.6,11,173.658815,0
2025.10.6,12,189.675973,0
2025.10.6,13,185.051676,0
2025.10.6,14,176.221713,0
2025.10.6,15,153.135609,0
2025.10.6,16,102.218945,0
2025.10.6,17,50.371075,0
2025.10.6,18,16.447753,0
2025.10.6,19,2.216521,0.01314
2025.10.6,20,2.635748,0.00954
2025.10.6,21,2.505976,0.01398
2025.10.6,22,2.006732,0.0396
2025.10.6,23,0.38774,0.1998
2025.10.6,24,0.00808,0.14286
2025.10.7,1,0.00044,0.0873
2025.10.7,2,0.000352,0.3348
2025.10.7,3,0.000392,0.34272
2025.10.7,4,0.000304,0.27438
2025.10.7,5,0.00044,0.1872
2025.10.7,6,0.000456,0.28458
2025.10.7,7,0.164103,0.117
2025.10.7,8,13.139682,0.0846
2025.10.7,9,39.807537,0.09612
2025.10.7,10,59.49472,0.75552
2025.10.7,11,76.805317,0.7362
2025.10.7,12,95.12123,0.69732
2025.10.7,13,157.641185,0.77232
2025.10.7,14,149.678966,1.61754
2025.10.7,15,130.028695,2.37438
2025.10.7,16,93.75038,2.72238
2025.10.7,17,57.193641,2.73066
2025.10.7,18,14.886836,2.62278
2025.10.7,19,2.10395,2.8182
2025.10.7,20,2.41724,2.84472
2025.10.7,21,1.217848,2.8935
2025.10.7,22,0.177724,2.61084
2025.10.7,23,0.000504,2.8611
2025.10.7,24,0.000488,2.94624
2025.10.8,1,0.000496,2.7864
2025.10.8,2,0.000512,2.1513
2025.10.8,3,0.00044,1.97304
2025.10.8,4,0.00048,2.45436
2025.10.8,5,0.000536,2.22636
2025.10.8,6,0.000528,1.95036
2025.10.8,7,0.227481,1.8192
2025.10.8,8,12.052185,1.40592
2025.10.8,9,50.340449,1.05678
2025.10.8,10,87.397156,0.57654
2025.10.8,11,114.808432,0.56568
2025.10.8,12,138.129135,0.63582
2025.10.8,13,146.329983,0.84822
2025.10.8,14,143.327098,0.6648
2025.10.8,15,133.157428,0.4053
2025.10.8,16,97.277265,0.33654
2025.10.8,17,49.213823,0.32928
2025.10.8,18,10.600855,0.525
2025.10.8,19,2.012721,0.72444
2025.10.8,20,2.543116,1.13664
2025.10.8,21,2.406932,2.12796
2025.10.8,22,1.434436,2.00394
2025.10.8,23,0.327896,1.87782
2025.10.8,24,0.00404,2.29818
2025.10.9,1,0.000464,1.63686
2025.10.9,2,0.000456,1.56498
2025.10.9,3,0.000464,1.79928
2025.10.9,4,0.000504,1.97004
2025.10.9,5,0.000328,1.6152
2025.10.9,6,0.000312,1.40754
2025.10.9,7,0.463059,1.63512
2025.10.9,8,19.605169,1.97022
2025.10.9,9,69.074892,1.84734
2025.10.9,10,109.726468,1.94652
2025.10.9,11,131.406585,2.27466
2025.10.9,12,136.599717,2.00532
2025.10.9,13,152.611065,2.75934
2025.10.9,14,135.065488,3.20682
2025.10.9,15,119.680471,3.22182
2025.10.9,16,92.518325,3.2397
2025.10.9,17,52.722306,3.2091
2025.10.9,18,16.367012,3.13668
2025.10.9,19,2.161014,2.92926
2025.10.9,20,2.634252,2.95638
2025.10.9,21,2.422876,2.68026
2025.10.9,22,1.635584,2.48064
2025.10.9,23,0.190676,2.60946
2025.10.9,24,0.000472,2.68686
2025.10.10,1,0.000384,2.4957
2025.10.10,2,0.000472,2.30652
2025.10.10,3,0.000448,2.25612
2025.10.10,4,0.000448,2.48268
2025.10.10,5,0.000496,2.33916
2025.10.10,6,0.000488,1.98744
2025.10.10,7,0.473372,1.63458
2025.10.10,8,21.653224,1.58532
2025.10.10,9,82.54131,1.50654
2025.10.10,10,135.593602,1.33092
2025.10.10,11,172.734216,1.40784
2025.10.10,12,198.955725,1.41294
2025.10.10,13,206.72602,1.11654
2025.10.10,14,190.522677,1.35324
2025.10.10,15,153.25025,1.25808
2025.10.10,16,114.02212,1.10796
2025.10.10,17,64.699137,0.96636
2025.10.10,18,16.058447,0.72528
2025.10.10,19,2.15491,0.78666
2025.10.10,20,2.639088,0.93462
2025.10.10,21,2.52696,0.86028
2025.10.10,22,1.90312,0.82926
2025.10.10,23,0.448264,0.9603
2025.10.10,24,0.007144,0.93024
2025.10.11,1,0.000456,0.8058
2025.10.11,2,0.000408,0.7746
2025.10.11,3,0.000272,0.6222
2025.10.11,4,0.000264,0.72744
2025.10.11,5,0.000432,0.6126
2025.10.11,6,0.00044,0.27996
2025.10.11,7,0.547052,0.15654
2025.10.11,8,25.81766,0.07464
2025.10.11,9,90.595585,0.06222
2025.10.11,10,149.323856,0.10434
2025.10.11,11,186.511536,0.12876
2025.10.11,12,206.360762,0.23094
2025.10.11,13,211.286111,0.25092
2025.10.11,14,187.867971,0.15828
2025.10.11,15,138.688346,0.1197
2025.10.11,16,111.989779,0.018
2025.10.11,17,55.419633,0
2025.10.11,18,14.742877,0.009
2025.10.11,19,2.08147,0.054
2025.10.11,20,2.636216,0.045
2025.10.11,21,2.508564,0.23328
2025.10.11,22,1.979256,0.20742
2025.10.11,23,0.4111,0.11004
2025.10.11,24,0.008152,0.23358
2025.10.12,1,0.000456,0.42174
2025.10.12,2,0.00048,0.53946
2025.10.12,3,0.00048,0.53316
2025.10.12,4,0.000456,0.57822
2025.10.12,5,0.000344,0.7536
2025.10.12,6,0.000336,0.84054
2025.10.12,7,0.494681,0.97992
2025.10.12,8,25.330015,1.07802
2025.10.12,9,86.753639,0.7533
2025.10.12,10,141.679651,0.41604
2025.10.12,11,188.537906,0.31728
2025.10.12,12,209.549278,0.28206
2025.10.12,13,199.609408,0.4065
2025.10.12,14,168.670908,0.3924
2025.10.12,15,134.712016,0.37164
2025.10.12,16,99.066535,0.3834
2025.10.12,17,59.313038,0.27192
2025.10.12,18,15.706909,0.10716
2025.10.12,19,2.066776,0.17886
2025.10.12,20,2.630316,0.1527
2025.10.12,21,2.472152,0.0333
2025.10.12,22,1.960648,0
2025.10.12,23,0.471836,0.00642
2025.10.12,24,0.008144,0
2025.10.13,1,0.00048,0
2025.10.13,2,0.000464,0
2025.10.13,3,0.000384,0
2025.10.13,4,0.000464,0
2025.10.13,5,0.000496,0.00762
2025.10.13,6,0.000504,0.0054
2025.10.13,7,0.32644,0.0126
2025.10.13,8,18.954325,0.0072
2025.10.13,9,72.205118,0
2025.10.13,10,109.224195,0.0072
2025.10.13,11,137.271321,0.1278
2025.10.13,12,170.376356,0.23508
2025.10.13,13,201.13591,0.32736
2025.10.13,14,195.53237,0.43158
2025.10.13,15,159.343991,0.79662
2025.10.13,16,115.926533,0.35034
2025.10.13,17,52.978174,0.5925
2025.10.13,18,11.342012,0.38136
2025.10.13,19,2.020842,0.1446
2025.10.13,20,2.636288,0.0288
2025.10.13,21,2.51306,0.072
2025.10.13,22,1.981944,0.17082
2025.10.13,23,0.454148,0.29106
2025.10.13,24,0.009048,0.1368
2025.10.14,1,0.000384,0.15384
2025.10.14,2,0.000416,0.11466
2025.10.14,3,0.000456,0.1476
2025.10.14,4,0.000464,0.1656
2025.10.14,5,0.000488,0.1368
2025.10.14,6,0.00048,0.41946
2025.10.14,7,0.014194,0.62736
2025.10.14,8,5.338714,1.12956
2025.10.14,9,38.23058,0.85938
2025.10.14,10,74.98306,0.93894
2025.10.14,11,114.639699,0.82188
2025.10.14,12,108.453034,0.93522
2025.10.14,13,140.865253,1.5114
2025.10.14,14,146.325015,1.41828
2025.10.14,15,83.016373,1.34046
2025.10.14,16,43.627494,0.6819
2025.10.14,17,24.547187,0.549
2025.10.14,18,6.112299,0.41874
2025.10.14,19,1.944707,0.3435
2025.10.14,20,2.497692,0.37158
2025.10.14,21,2.128048,0.1647
2025.10.14,22,1.126516,0.11442
2025.10.14,23,0.126404,0.0894
2025.10.14,24,0.000472,0.063
2025.10.15,1,0.00044,0.0396
2025.10.15,2,0.000336,0.40674
2025.10.15,3,0.000416,1.523966
2025.10.15,4,0.000456,1.695479
2025.10.15,5,0.000472,1.39254
2025.10.15,6,0.000456,1.30512
2025.10.15,7,0.007374,1.82808
2025.10.15,8,3.828037,2.019554
2025.10.15,9,18.898423,2.64594
2025.10.15,10,54.214353,2.36616
2025.10.15,11,86.204667,2.08596
2025.10.15,12,107.169102,2.14602
2025.10.15,13,107.001111,1.5489
2025.10.15,14,89.201713,2.18352
2025.10.15,15,77.924593,1.99404
2025.10.15,16,46.119687,1.94046
2025.10.15,17,30.326632,2.27412
2025.10.15,18,8.29848,2.28702
2025.10.15,19,1.919836,2.42142
2025.10.15,20,2.624204,2.14806
2025.10.15,21,2.239404,0.97992
2025.10.15,22,0.693012,0.3642
2025.10.15,23,0.027,0.53562
2025.10.15,24,0.00036,0.84522
2025.10.16,1,0.00036,1.055065
2025.10.16,2,0.000376,0.745319
2025.10.16,3,0.000392,1.404517
2025.10.16,4,0.000384,1.876208
2025.10.16,5,0.0004,1.25608
2025.10.16,6,0.000408,1.235183
2025.10.16,7,0.011786,2.64579
2025.10.16,8,4.906883,3.229791
2025.10.16,9,19.155643,1.929498
2025.10.16,10,28.022955,0.582485
2025.10.16,11,57.724878,0.446117
2025.10.16,12,81.16312,1.132149
2025.10.16,13,98.584073,2.223229
2025.10.16,14,59.541894,1.839499
2025.10.16,15,47.66486,1.77922
2025.10.16,16,46.030674,1.123077
2025.10.16,17,27.197652,0.818494
2025.10.16,18,8.688848,0.626955
2025.10.16,19,1.853518,0.44538
2025.10.16,20,2.242348,0.18492
2025.10.16,21,0.484496,0.26472
2025.10.16,22,0.184056,0.3732
2025.10.16,23,0.000352,1.38588
2025.10.16,24,0.000448,1.79754
2025.10.17,1,0.000424,2.04996
2025.10.17,2,0.000392,1.64658
2025.10.17,3,0.000424,1.33578
2025.10.17,4,0.000448,1.25982
2025.10.17,5,0.000464,1.36848
2025.10.17,6,0.000488,2.70222
2025.10.17,7,0.245807,3.01188
2025.10.17,8,12.567047,3.3294
2025.10.17,9,41.113181,3.12402
2025.10.17,10,70.290989,2.89416
2025.10.17,11,106.669256,2.917838
2025.10.17,12,101.477221,3.927378
2025.10.17,13,130.980709,4.191909
2025.10.17,14,112.121486,5.253805
2025.10.17,15,63.981658,4.702042
2025.10.17,16,58.022943,4.525133
2025.10.17,17,18.276253,4.049219
2025.10.17,18,2.674273,2.742251
2025.10.17,19,2.002569,1.37655
2025.10.17,20,2.562468,0.774478
2025.10.17,21,2.213888,0.951444
2025.10.17,22,0.970788,1.089559
2025.10.17,23,0.0266,0.808893
2025.10.17,24,0.000416,0.905635
2025.10.18,1,0.000448,0.419855
2025.10.18,2,0.000424,0.184932
2025.10.18,3,0.000424,0.252489
2025.10.18,4,0.000408,0.190898
2025.10.18,5,0.000408,0.278493
2025.10.18,6,0.000392,2.330968
2025.10.18,7,0.068839,2.363224
2025.10.18,8,7.112765,2.712011
2025.10.18,9,19.192717,2.327263
2025.10.18,10,46.219592,3.529957
2025.10.18,11,102.662774,4.170505
2025.10.18,12,108.203153,5.593437
2025.10.18,13,84.323567,5.878457
2025.10.18,14,63.8479,5.813464
2025.10.18,15,34.552339,3.736012
2025.10.18,16,18.361145,3.298707
2025.10.18,17,12.293577,3.041325
2025.10.18,18,3.590882,3.03672
2025.10.18,19,1.716946,2.797923
2025.10.18,20,2.031032,2.167812
2025.10.18,21,0.249812,1.299243
2025.10.18,22,0.000488,1.264525
2025.10.18,23,0.000512,0.796327
2025.10.18,24,0.000416,0.508993
2025.10.19,1,0.000448,0.328211
2025.10.19,2,0.000312,0.711237
2025.10.19,3,0.00044,1.870353
2025.10.19,4,0.000408,4.742571
2025.10.19,5,0.000416,6.280431
2025.10.19,6,0.000384,6.977937
2025.10.19,7,0.246327,7.230485
2025.10.19,8,4.25835,7.603448
2025.10.19,9,15.590786,7.980387
2025.10.19,10,31.33811,8.315605
2025.10.19,11,34.141675,8.204752
2025.10.19,12,53.837649,8.008645
2025.10.19,13,58.081191,7.559908
2025.10.19,14,55.217372,6.628653
2025.10.19,15,31.154403,5.953128
2025.10.19,16,17.688548,4.845997
2025.10.19,17,7.179637,4.446605
2025.10.19,18,1.258152,5.088337
2025.10.19,19,1.319542,4.327043
2025.10.19,20,0.472056,2.11999
2025.10.19,21,0.00044,2.141597
2025.10.19,22,0.000352,2.746679
2025.10.19,23,0.000408,3.606313
2025.10.19,24,0.000392,3.316381
2025.10.20,1,0.000408,4.310796
2025.10.20,2,0.000376,4.453689
2025.10.20,3,0.000464,3.862004
2025.10.20,4,0.000464,3.453269
2025.10.20,5,0.00048,4.319743
2025.10.20,6,0.000472,4.630925
2025.10.20,7,0.098652,4.979316
2025.10.20,8,9.942133,4.261638
2025.10.20,9,73.339766,3.475866
2025.10.20,10,142.476888,2.92573
2025.10.20,11,187.831947,2.066195
2025.10.20,12,211.437708,2.332013
2025.10.20,13,222.381102,1.582156
2025.10.20,14,199.903802,1.706707
2025.10.20,15,165.674055,1.958782
2025.10.20,16,110.354337,1.549798
2025.10.20,17,62.976353,0.980061
2025.10.20,18,10.367341,1.00492
2025.10.20,19,2.079944,1.324787
2025.10.20,20,2.431764,1.522174
2025.10.20,21,2.245816,1.10871
2025.10.20,22,1.586464,1.775228
2025.10.20,23,0.323992,1.680504
2025.10.20,24,0.005716,1.270324
2025.10.21,1,0.000416,2.532838
2025.10.21,2,0.000432,2.74537
2025.10.21,3,0.000448,2.949211
2025.10.21,4,0.00044,2.920756
2025.10.21,5,0.000456,3.567264
2025.10.21,6,0.00044,3.364258
2025.10.21,7,0.005059,4.145329
2025.10.21,8,1.56789,4.061245
2025.10.21,9,20.482278,2.865511
2025.10.21,10,30.160221,3.044924
2025.10.21,11,53.311848,2.479999
2025.10.21,12,92.529944,2.063866
2025.10.21,13,74.610823,2.266771
2025.10.21,14,47.49285,1.9897
2025.10.21,15,43.646715,2.089038
2025.10.21,16,18.144501,2.455047
2025.10.21,17,6.950635,2.95733
2025.10.21,18,1.617143,2.454956
2025.10.21,19,1.645043,2.684816
2025.10.21,20,1.421928,2.291202
2025.10.21,21,0.037444,2.297812
2025.10.21,22,0.00044,1.736484
2025.10.21,23,0.00032,1.820634
2025.10.21,24,0.000336,1.931069
2025.10.22,1,0.000392,1.377256
2025.10.22,2,0.0004,1.926126
2025.10.22,3,0.00036,2.545188
2025.10.22,4,0.0004,2.847333
2025.10.22,5,0.000424,2.806864
2025.10.22,6,0.000424,2.87117
2025.10.22,7,0.032854,3.660662
2025.10.22,8,11.065593,4.696116
2025.10.22,9,59.196611,5.0687
2025.10.22,10,108.025299,6.276866
2025.10.22,11,148.325095,5.316825
2025.10.22,12,164.068936,5.683184
2025.10.22,13,162.282947,4.93882
2025.10.22,14,167.16465,4.670541
2025.10.22,15,148.89261,3.670281
2025.10.22,16,108.154935,3.799904
2025.10.22,17,50.543489,5.291567
2025.10.22,18,8.949888,5.620004
2025.10.22,19,2.024846,7.330295
2025.10.22,20,2.993656,6.875029
2025.10.22,21,2.878908,6.522074
2025.10.22,22,1.720592,6.997868
2025.10.22,23,0.316224,7.443838
2025.10.22,24,0.004756,7.036331
2025.10.23,1,0.000416,5.969397
2025.10.23,2,0.000408,6.074823
2025.10.23,3,0.000384,5.754728
2025.10.23,4,0.000464,5.855762
2025.10.23,5,0.00048,6.079595
2025.10.23,6,0.000504,5.74333
2025.10.23,7,0.126425,5.511245
2025.10.23,8,16.059565,5.230854
2025.10.23,9,64.478128,4.937733
2025.10.23,10,121.304783,4.620217
2025.10.23,11,161.984325,4.326715
2025.10.23,12,173.510008,4.531011
2025.10.23,13,169.058175,4.868771
2025.10.23,14,163.8376,4.818626
2025.10.23,15,146.00133,4.299149
2025.10.23,16,115.599828,3.334297
2025.10.23,17,58.677423,3.102254
2025.10.23,18,10.831335,2.3844
2025.10.23,19,2.051304,1.860774
2025.10.23,20,3.00606,1.493006
2025.10.23,21,2.896228,1.434584
2025.10.23,22,1.791632,1.746604
2025.10.23,23,0.10332,2.971382
2025.10.23,24,0.000392,2.086942
2025.10.24,1,0.000376,2.903813
2025.10.24,2,0.000456,2.319616
2025.10.24,3,0.000376,1.876284
2025.10.24,4,0.000408,1.532051
2025.10.24,5,0.000408,2.028243
2025.10.24,6,0.000392,2.248244
2025.10.24,7,0.16077,2.441582
2025.10.24,8,18.924418,2.605378
2025.10.24,9,79.977816,2.15627
2025.10.24,10,130.327712,1.776887
2025.10.24,11,171.574062,1.320126
2025.10.24,12,195.932639,1.202469
2025.10.24,13,207.262787,1.076368
2025.10.24,14,195.707466,1.029852
2025.10.24,15,167.918611,1.05936
2025.10.24,16,116.86781,0.75342
2025.10.24,17,57.778551,0.65323
2025.10.24,18,9.282918,0.627253
2025.10.24,19,2.049694,0.565364
2025.10.24,20,3.005556,0.400276
2025.10.24,21,2.897904,0.3486
2025.10.24,22,1.980808,0.43176
2025.10.24,23,0.247016,1.04598
2025.10.24,24,0.001968,0.90564
2025.10.25,1,0.000408,0.78522
2025.10.25,2,0.000368,1.08318
2025.10.25,3,0.000304,0.95502
2025.10.25,4,0.00032,1.28814
2025.10.25,5,0.00036,1.62648
2025.10.25,6,0.00048,1.740758
2025.10.25,7,0.108394,1.341831
2025.10.25,8,14.522706,1.208053
2025.10.25,9,64.982903,1.435791
2025.10.25,10,108.148694,1.159124
2025.10.25,11,129.177118,0.701836
2025.10.25,12,155.501543,0.727708
2025.10.25,13,142.104973,0.561675
2025.10.25,14,152.864037,0.633546
2025.10.25,15,114.622097,0.747367
2025.10.25,16,77.855723,1.118693
2025.10.25,17,41.802144,1.013072
2025.10.25,18,5.792375,1.133105
2025.10.25,19,2.033626,0.845677
2025.10.25,20,2.953116,0.467286
2025.10.25,21,2.465456,0.51858
2025.10.25,22,1.002788,0.65376
2025.10.25,23,0.194328,0.42408
2025.10.25,24,0.001636,0.3387
2025.10.26,1,0.000352,0.43482
2025.10.26,2,0.000384,0.58104
2025.10.26,3,0.00036,1.13322
2025.10.26,4,0.000368,2.08188
2025.10.26,5,0.000368,2.10072
2025.10.26,6,0.00036,2.0229
2025.10.26,7,0.008706,2.739786
2025.10.26,8,4.056193,2.63303
2025.10.26,9,15.3909,2.225375
2025.10.26,10,34.088346,1.25766
2025.10.26,11,94.704883,0.497564
2025.10.26,12,184.37269,1.346089
2025.10.26,13,214.717707,2.007183
2025.10.26,14,205.924715,3.89244
2025.10.26,15,138.724993,4.739716
2025.10.26,16,100.311288,4.64394
2025.10.26,17,48.622522,4.92336
2025.10.26,18,7.093798,5.72178
2025.10.26,19,2.025935,5.173096
2025.10.26,20,2.781824,5.30316
2025.10.26,21,2.343376,5.193316
2025.10.26,22,1.529904,4.72062
2025.10.26,23,0.118964,4.47708
2025.10.26,24,0.000264,4.087304
2025.10.27,1,0.000352,4.077884
2025.10.27,2,0.000328,4.305449
2025.10.27,3,0.00024,4.471304
2025.10.27,4,0.000256,4.80859
2025.10.27,5,0.000264,6.00822
2025.10.27,6,0.00028,6.01572
2025.10.27,7,0.070503,5.7276
2025.10.27,8,15.754912,5.508316
2025.10.27,9,70.891222,5.09898
2025.10.27,10,137.930216,5.311216
2025.10.27,11,173.743365,5.240924
2025.10.27,12,207.110881,5.745316
2025.10.27,13,213.944094,4.7277
2025.10.27,14,189.782032,4.363124
2025.10.27,15,164.302636,4.6896
2025.10.27,16,120.383586,4.804304
2025.10.27,17,59.007223,4.7181
2025.10.27,18,7.817123,4.807276
2025.10.27,19,2.043139,4.8894
2025.10.27,20,3.028432,4.460548
2025.10.27,21,2.8589,3.998857
2025.10.27,22,2.046752,4.483468
2025.10.27,23,0.335864,4.006216
2025.10.27,24,0.00628,3.736196
2025.10.28,1,0.000376,3.80022
2025.10.28,2,0.000384,3.42612
2025.10.28,3,0.000384,3.54042
2025.10.28,4,0.000376,3.50796
2025.10.28,5,0.0004,2.7945
2025.10.28,6,0.000384,2.20668
2025.10.28,7,0.161747,2.146238
2025.10.28,8,18.403658,2.722124
2025.10.28,9,77.31323,2.375789
2025.10.28,10,144.855457,1.839145
2025.10.28,11,192.012462,1.444974
2025.10.28,12,223.512692,1.637902
2025.10.28,13,234.618017,1.41006
2025.10.28,14,228.688424,1.098878
2025.10.28,15,198.786607,1.035335
2025.10.28,16,146.374053,0.850646
2025.10.28,17,71.010553,0.638883
2025.10.28,18,8.751634,0.447761
2025.10.28,19,2.041534,0.435521
2025.10.28,20,3.027832,0.338688
2025.10.28,21,2.926804,0.229943
2025.10.28,22,2.210628,0.15936
2025.10.28,23,0.338076,0.28896
2025.10.28,24,0.006376,0.24234
2025.10.29,1,0.00032,0.19416
2025.10.29,2,0.000328,0.21378
2025.10.29,3,0.000392,0.37074
2025.10.29,4,0.000432,0.83004
2025.10.29,5,0.000416,0.71124
2025.10.29,6,0.000416,0.72714
2025.10.29,7,0.095587,1.05432
2025.10.29,8,17.553321,1.23378
2025.10.29,9,89.682335,1.2669
2025.10.29,10,156.993479,1.5105
2025.10.29,11,197.053794,0.9198
2025.10.29,12,214.843932,0.8133
2025.10.29,13,216.5818,0.90168
2025.10.29,14,194.106903,1.06764
2025.10.29,15,161.299879,0.75054
2025.10.29,16,119.566214,0.79686
2025.10.29,17,60.179856,1.1775
2025.10.29,18,7.101005,1.05288
2025.10.29,19,2.037786,1.14726
2025.10.29,20,3.028004,0.94638
2025.10.29,21,2.923592,0.74436
2025.10.29,22,2.2388,0.77322
2025.10.29,23,0.335756,1.7223
2025.10.29,24,0.006196,1.35744
2025.10.30,1,0.00044,1.33704
2025.10.30,2,0.00036,1.63602
2025.10.30,3,0.000408,1.79148
2025.10.30,4,0.000416,1.79868
2025.10.30,5,0.000336,1.90734
2025.10.30,6,0.000288,1.6494
2025.10.30,7,0.552491,1.39896
2025.10.30,8,13.742677,1.04268
2025.10.30,9,70.140154,0.69462
2025.10.30,10,122.090168,0.74862
2025.10.30,11,129.245597,1.03494
2025.10.30,12,201.33087,0.72252
2025.10.30,13,158.355018,0.69558
2025.10.30,14,116.025312,0.5574
2025.10.30,15,65.600828,0.50634
2025.10.30,16,42.542438,0.4125
2025.10.30,17,14.462544,0.56988
2025.10.30,18,2.410303,0.52512
2025.10.30,19,1.964261,0.5445
2025.10.30,20,2.68646,0.85878
2025.10.30,21,1.93,1.06602
2025.10.30,22,0.675768,0.6693
2025.10.30,23,0.013784,0.4515
2025.10.30,24,0.000328,0.51414
2025.10.31,1,0.000344,0.81636
2025.10.31,2,0.000392,0.72708
2025.10.31,3,0.000304,0.60342
2025.10.31,4,0.0004,0.6384
2025.10.31,5,0.000392,0.38226
2025.10.31,6,0.000384,0.32826
2025.10.31,7,0.011648,0.1566
2025.10.31,8,4.903187,0.01518
2025.10.31,9,28.936954,0.24702
2025.10.31,10,92.041379,0.51246
2025.10.31,11,103.903298,0.56718
2025.10.31,12,141.630006,0.37392
2025.10.31,13,142.986029,0.22818
2025.10.31,14,122.948904,0.41724
2025.10.31,15,119.46811,0.7536
2025.10.31,16,111.313516,1.27968
2025.10.31,17,59.555833,1.52754
2025.10.31,18,6.811788,2.306466
2025.10.31,19,2.033633,2.5029
2025.10.31,20,3.004424,3.25878
2025.10.31,21,2.5334,3.0111
2025.10.31,22,1.202476,3.13422
2025.10.31,23,0.14678,2.64444
2025.10.31,24,0.00036,2.85492
2025.11.1,1,0.000384,4.16994
2025.11.1,2,0.000384,5.0043
2025.11.1,3,0.000432,5.2131
2025.11.1,4,0.00048,5.72364
2025.11.1,5,0.000472,6.13032
2025.11.1,6,0.000464,6.21834
2025.11.1,7,0.04097,5.84124
2025.11.1,8,15.879487,5.460526
2025.11.1,9,80.161977,7.263907
2025.11.1,10,140.182206,7.298334
2025.11.1,11,174.21661,6.839987
2025.11.1,12,192.773556,6.827795
2025.11.1,13,194.753638,6.938475
2025.11.1,14,178.147991,7.209871
2025.11.1,15,145.718478,7.517545
2025.11.1,16,97.722278,7.380551
2025.11.1,17,41.686834,7.332757
2025.11.1,18,5.038231,6.91876
2025.11.1,19,2.008996,6.058363
2025.11.1,20,2.9875,4.94064
2025.11.1,21,2.603372,4.162294
2025.11.1,22,1.236804,3.341989
2025.11.1,23,0.190108,3.646776
2025.11.1,24,0.000464,4.032111
2025.11.2,1,0.000416,3.792252
2025.11.2,2,0.000328,2.374694
2025.11.2,3,0.000384,2.718106
2025.11.2,4,0.0004,3.745861
2025.11.2,5,0.000408,3.331962
2025.11.2,6,0.000424,1.671727
2025.11.2,7,0.014315,1.97777
2025.11.2,8,5.367426,3.976281
2025.11.2,9,34.549874,5.428971
2025.11.2,10,78.295819,5.196027
2025.11.2,11,161.576622,5.007159
2025.11.2,12,217.994108,5.666907
2025.11.2,13,190.268971,6.477128
2025.11.2,14,181.28822,7.905318
2025.11.2,15,129.380916,8.272195
2025.11.2,16,95.846922,8.43379
2025.11.2,17,36.9934,8.22994
2025.11.2,18,4.166586,7.595912
2025.11.2,19,2.009952,7.579251
2025.11.2,20,2.987392,6.939004
2025.11.2,21,2.692608,7.248935
2025.11.2,22,1.538464,7.469708
2025.11.2,23,0.172784,7.497519
2025.11.2,24,0.000408,5.127692
2025.11.3,1,0.000408,4.57662
2025.11.3,2,0.000392,5.318025
2025.11.3,3,0.000432,4.94916
2025.11.3,4,0.00044,4.65606
2025.11.3,5,0.000464,3.82074
2025.11.3,6,0.000472,3.45564
2025.11.3,7,0.043874,3.18972
2025.11.3,8,14.745688,2.587191
2025.11.3,9,85.985144,2.876782
2025.11.3,10,159.151148,1.926142
2025.11.3,11,208.596895,1.357755
2025.11.3,12,234.68217,0.855053
2025.11.3,13,230.861227,0.5616
2025.11.3,14,218.382485,0.4476
2025.11.3,15,184.259886,0.36564
2025.11.3,16,134.323799,0.23982
2025.11.3,17,53.310758,0.21462
2025.11.3,18,5.720087,0.13758
2025.11.3,19,2.005836,0.07272
2025.11.3,20,3.026804,0
2025.11.3,21,2.909408,0.0558
2025.11.3,22,2.224216,0.054
2025.11.3,23,0.351364,0.0036
2025.11.3,24,0.005996,0.04146
2025.11.4,1,0.000336,0.06576
2025.11.4,2,0.000416,0.05142
2025.11.4,3,0.000416,0.11016
2025.11.4,4,0.000256,0.18876
2025.11.4,5,0.000248,0.459704
2025.11.4,6,0.000248,0.682695
2025.11.4,7,0.011616,0.607955
2025.11.4,8,6.75025,0.44467
2025.11.4,9,38.874753,0.467444
2025.11.4,10,80.366976,0.494258
2025.11.4,11,116.079244,0.514778
2025.11.4,12,120.916572,0.892117
2025.11.4,13,102.53687,0.850235
2025.11.4,14,89.459952,0.796339
2025.11.4,15,58.813494,0.530163
2025.11.4,16,48.552106,0.469204
2025.11.4,17,24.714254,0.392524
2025.11.4,18,5.225505,0.256465
2025.11.4,19,1.966948,0.126032
2025.11.4,20,2.572128,0.081
2025.11.4,21,0.581564,0.0072
2025.11.4,22,0.00712,0
2025.11.4,23,0.0004,0.01086
2025.11.4,24,0.000288,0.154115
2025.11.5,1,0.0004,0.500059
2025.11.5,2,0.000376,0.588644
2025.11.5,3,0.000448,0.726341
2025.11.5,4,0.000392,0.765075
2025.11.5,5,0.0004,1.012478
2025.11.5,6,0.000384,1.210068
2025.11.5,7,0.013436,1.267276
2025.11.5,8,6.231966,0.937402
2025.11.5,9,68.360598,0.991355
2025.11.5,10,134.805358,1.310333
2025.11.5,11,176.993747,1.391273
2025.11.5,12,195.58887,1.042581
2025.11.5,13,199.670141,1.426389
2025.11.5,14,193.1207,1.461167
2025.11.5,15,157.888123,1.302432
2025.11.5,16,105.773574,1.511871
2025.11.5,17,44.659139,1.315954
2025.11.5,18,5.212662,1.249904
2025.11.5,19,1.952196,1.250745
2025.11.5,20,2.971868,1.861769
2025.11.5,21,2.971744,1.815363
2025.11.5,22,2.205188,1.435051
2025.11.5,23,0.246896,1.475368
2025.11.5,24,0.000304,1.521353
2025.11.6,1,0.000392,1.832874
2025.11.6,2,0.000392,1.456333
2025.11.6,3,0.000392,1.377256
2025.11.6,4,0.000392,0.883013
2025.11.6,5,0.000408,0.801868
2025.11.6,6,0.000416,1.246782
2025.11.6,7,0.028173,1.172905
2025.11.6,8,11.678994,0.92053
2025.11.6,9,67.692937,1.28443
2025.11.6,10,138.714896,1.134696
2025.11.6,11,188.981195,1.025559
2025.11.6,12,216.708649,0.928437
2025.11.6,13,222.965537,0.940933
2025.11.6,14,211.375599,0.830573
2025.11.6,15,179.683938,0.862369
2025.11.6,16,121.408023,0.896899
2025.11.6,17,47.838622,0.803694
2025.11.6,18,3.855316,0.799403
2025.11.6,19,1.962092,0.610546
2025.11.6,20,3.003496,0.595439
2025.11.6,21,2.971164,0.673834
2025.11.6,22,2.238624,0.858898
2025.11.6,23,0.268652,0.630497
2025.11.6,24,0.002148,1.440729
2025.11.7,1,0.000416,1.531343
2025.11.7,2,0.000288,1.977551
2025.11.7,3,0.000288,2.643732
2025.11.7,4,0.000328,1.965637
2025.11.7,5,0.000432,1.890366
2025.11.7,6,0.000456,1.306266
2025.11.7,7,0.022612,1.60765
2025.11.7,8,9.577461,1.575091
2025.11.7,9,58.945394,1.681081
2025.11.7,10,108.968891,2.293923
2025.11.7,11,154.785552,2.182232
2025.11.7,12,181.762647,2.868545
2025.11.7,13,165.993167,2.297662
2025.11.7,14,94.19055,1.55273
2025.11.7,15,112.020808,1.295388
2025.11.7,16,86.999142,1.394928
2025.11.7,17,43.445477,1.563725
2025.11.7,18,5.113668,1.949289
2025.11.7,19,1.96882,2.136257
2025.11.7,20,2.976176,2.46621
2025.11.7,21,2.593228,2.128821
2025.11.7,22,1.405152,2.613172
2025.11.7,23,0.04064,3.621585
2025.11.7,24,0.000432,4.771827
2025.11.8,1,0.000424,3.339594
2025.11.8,2,0.000416,2.885521
2025.11.8,3,0.000448,3.970312
2025.11.8,4,0.000416,4.623476
2025.11.8,5,0.0004,3.820747
2025.11.8,6,0.000416,3.595686
2025.11.8,7,0.02428,4.522724
2025.11.8,8,5.383972,3.371478
2025.11.8,9,14.389833,3.294992
2025.11.8,10,8.912596,3.163196
2025.11.8,11,17.981281,2.4129
2025.11.8,12,41.864265,1.716554
2025.11.8,13,31.35492,2.166148
2025.11.8,14,24.738862,2.680837
2025.11.8,15,12.92762,1.631694
2025.11.8,16,7.346993,2.466746
2025.11.8,17,3.194661,4.589081
2025.11.8,18,0.356553,5.45854
2025.11.8,19,0.64918,6.108083
2025.11.8,20,0.130832,7.183192
2025.11.8,21,0.000264,7.23935
2025.11.8,22,0.000264,7.231641
2025.11.8,23,0.000264,6.827256
2025.11.8,24,0.000272,7.57352
2025.11.9,1,0.00028,6.74455
2025.11.9,2,0.000336,4.160965
2025.11.9,3,0.000432,3.242278
2025.11.9,4,0.000312,2.955083
2025.11.9,5,0.000248,2.259941
2025.11.9,6,0.000256,0.709539
2025.11.9,7,0.003772,0.248011
2025.11.9,8,1.753016,4.049779
2025.11.9,9,22.314766,5.770065
2025.11.9,10,104.495108,6.016382
2025.11.9,11,155.297718,5.585394
2025.11.9,12,183.746347,4.41945
2025.11.9,13,205.788327,3.56892
2025.11.9,14,191.431611,4.542168
2025.11.9,15,124.957705,4.58301
2025.11.9,16,70.153292,4.751758
2025.11.9,17,34.018983,5.349284
2025.11.9,18,2.943073,6.094457
2025.11.9,19,1.95248,6.047791
2025.11.9,20,2.906616,5.504292
2025.11.9,21,2.84762,5.184085
2025.11.9,22,2.080904,5.198205
2025.11.9,23,0.27468,5.060334
2025.11.9,24,0.005116,6.183271
2025.11.10,1,0.000408,6.585305
2025.11.10,2,0.000432,5.077145
2025.11.10,3,0.00048,7.345715
2025.11.10,4,0.000448,7.852042
2025.11.10,5,0.000392,5.26434
2025.11.10,6,0.0004,5.11086
2025.11.10,7,0.009616,5.40438
2025.11.10,8,8.615321,4.83558
2025.11.10,9,68.165244,6.364886
2025.11.10,10,146.890159,5.136349
2025.11.10,11,201.70368,3.835999
2025.11.10,12,231.53757,2.205303
2025.11.10,13,240.21602,1.94367
2025.11.10,14,227.674374,2.959982
2025.11.10,15,193.156084,3.980289
2025.11.10,16,134.642569,3.190952
2025.11.10,17,53.578203,3.47435
2025.11.10,18,4.298498,3.95154
2025.11.10,19,1.962236,3.648811
2025.11.10,20,2.992696,3.719122
2025.11.10,21,2.982624,3.079471
2025.11.10,22,2.239648,2.253669
2025.11.10,23,0.336272,1.359377
2025.11.10,24,0.006132,1.629991
2025.11.11,1,0.000432,1.592869
2025.11.11,2,0.00024,1.912029
2025.11.11,3,0.000296,3.130202
2025.11.11,4,0.00028,2.883669
2025.11.11,5,0.00028,2.695763
2025.11.11,6,0.00028,3.182251
2025.11.11,7,0.008745,2.720313
2025.11.11,8,3.461335,1.300075
2025.11.11,9,30.075938,1.452133
2025.11.11,10,103.907701,1.479117
2025.11.11,11,146.072377,0.964719
2025.11.11,12,184.513246,0.658665
2025.11.11,13,218.708552,0.175118
2025.11.11,14,210.625405,0.1584
2025.11.11,15,174.312859,0.182424
2025.11.11,16,121.566838,0.306503
2025.11.11,17,50.333982,0.304753
2025.11.11,18,3.999227,0.297964
2025.11.11,19,1.963216,0.416327
2025.11.11,20,3.004052,0.519308
2025.11.11,21,2.950456,0.538632
2025.11.11,22,2.181028,0.504985
2025.11.11,23,0.283416,0.19914
2025.11.11,24,0.00528,0.67056
2025.11.12,1,0.000448,0.91026
2025.11.12,2,0.000408,1.00608
2025.11.12,3,0.000472,1.10202
2025.11.12,4,0.000464,1.49694
2025.11.12,5,0.000272,1.37916
2025.11.12,6,0.000288,1.57308
2025.11.12,7,0.007861,1.64136
2025.11.12,8,2.689693,1.51032
2025.11.12,9,21.542393,1.11654
2025.11.12,10,58.89226,1.1871
2025.11.12,11,70.479121,0.89118
2025.11.12,12,52.842212,1.473019
2025.11.12,13,30.921335,2.146329
2025.11.12,14,37.253543,1.236582
2025.11.12,15,32.124306,0.637059
2025.11.12,16,21.36115,0.569749
2025.11.12,17,7.042297,0.737245
2025.11.12,18,0.74493,0.663673
2025.11.12,19,1.168124,0.365746
2025.11.12,20,0.633644,0.189201
2025.11.12,21,0.000272,0.135864
2025.11.12,22,0.000464,0.063986
2025.11.12,23,0.000328,0.0648
2025.11.12,24,0.000312,0.0804
2025.11.13,1,0.000312,0.0558
2025.11.13,2,0.00028,0.0414
2025.11.13,3,0.000328,0.041873
2025.11.13,4,0.000416,0.115867
2025.11.13,5,0.000368,0.171897
2025.11.13,6,0.00028,0.284152
2025.11.13,7,0.006993,0.612569
2025.11.13,8,2.654786,0.731592
2025.11.13,9,22.164551,1.109786
2025.11.13,10,50.261816,2.169986
2025.11.13,11,118.925521,2.293902
2025.11.13,12,119.096615,1.72422
2025.11.13,13,169.051275,1.09328
2025.11.13,14,218.660196,1.507155
2025.11.13,15,187.926029,2.071573
2025.11.13,16,129.560304,1.526386
2025.11.13,17,48.127095,2.390694
2025.11.13,18,3.814729,3.944581
2025.11.13,19,1.96496,4.212211
2025.11.13,20,2.998724,4.931682
2025.11.13,21,2.775296,5.417039
2025.11.13,22,1.60012,5.970069
2025.11.13,23,0.124468,6.517282
2025.11.13,24,0.000352,6.723797
2025.11.14,1,0.000312,5.827494
2025.11.14,2,0.000296,4.603596
2025.11.14,3,0.000208,5.316846
2025.11.14,4,0.00024,6.040706
2025.11.14,5,0.000232,6.690197
2025.11.14,6,0.000392,6.222202
2025.11.14,7,0.017456,5.834978
2025.11.14,8,8.372087,5.93016
2025.11.14,9,71.519573,5.689328
2025.11.14,10,148.187369,4.817225
2025.11.14,11,198.957723,4.508099
2025.11.14,12,226.810109,4.310961
2025.11.14,13,233.316621,4.245439
2025.11.14,14,219.301658,5.011551
2025.11.14,15,185.644571,4.309405
2025.11.14,16,126.523264,4.857912
2025.11.14,17,47.733149,5.011904
2025.11.14,18,3.708091,5.747424
2025.11.14,19,1.955096,5.266889
2025.11.14,20,2.990576,4.379207
2025.11.14,21,2.972548,3.728861
2025.11.14,22,2.239444,3.245166
2025.11.14,23,0.337792,2.726254
2025.11.14,24,0.006412,2.572184
2025.11.15,1,0.000328,3.04281
2025.11.15,2,0.000256,2.700625
2025.11.15,3,0.000232,3.312081
2025.11.15,4,0.000248,3.901548
2025.11.15,5,0.000248,3.322141
2025.11.15,6,0.000264,2.819747
2025.11.15,7,0.015698,2.218708
2025.11.15,8,7.724922,1.581611
2025.11.15,9,68.678776,0.83263
2025.11.15,10,145.769251,0.638329
2025.11.15,11,194.18719,0.437486
2025.11.15,12,218.884466,0.254283
2025.11.15,13,221.742909,0.113105
2025.11.15,14,209.140236,0.105303
2025.11.15,15,176.480034,0.251544
2025.11.15,16,120.305881,0.247548
2025.11.15,17,45.091018,0.059542
2025.11.15,18,3.504999,0.003616
2025.11.15,19,2.001212,0
2025.11.15,20,2.940384,0
2025.11.15,21,2.909696,0
2025.11.15,22,2.240416,0
2025.11.15,23,0.337304,0
2025.11.15,24,0.006208,0
2025.11.16,1,0.000384,0
2025.11.16,2,0.000368,0
2025.11.16,3,0.000392,0
2025.11.16,4,0.000392,0
2025.11.16,5,0.000424,0
2025.11.16,6,0.00044,0
2025.11.16,7,0.011517,0
2025.11.16,8,8.767482,0.009691
2025.11.16,9,64.133747,0.01265
2025.11.16,10,130.492002,0.076987
2025.11.16,11,163.033561,0.174725
2025.11.16,12,183.535703,0.117718
2025.11.16,13,192.285482,0.393771
2025.11.16,14,189.449359,0.382611
2025.11.16,15,156.289022,0.28886
2025.11.16,16,100.602096,0.034263
2025.11.16,17,37.893692,0.0018
2025.11.16,18,3.602901,0
2025.11.16,19,1.963,0.018
2025.11.16,20,2.935576,0.484408
2025.11.16,21,2.789476,0.462905
2025.11.16,22,2.212844,0.31549
2025.11.16,23,0.203172,0.383317
2025.11.16,24,0.000288,0.933898
2025.11.17,1,0.000296,2.023806
2025.11.17,2,0.00028,2.832501
2025.11.17,3,0.000256,2.654942
2025.11.17,4,0.000312,2.651461
2025.11.17,5,0.000408,3.934566
2025.11.17,6,0.000392,6.064583
2025.11.17,7,0.005962,5.491724
2025.11.17,8,3.555106,4.643492
2025.11.17,9,30.110005,3.656536
2025.11.17,10,78.187431,6.056573
2025.11.17,11,150.483641,6.862065
2025.11.17,12,53.197741,5.293021
2025.11.17,13,28.82662,6.941017
2025.11.17,14,31.516571,6.768702
2025.11.17,15,32.525821,5.774494
2025.11.17,16,18.108469,5.239864
2025.11.17,17,7.188652,8.132625
2025.11.17,18,1.083953,8.672208
2025.11.17,19,1.724576,8.418207
2025.11.17,20,1.277704,7.839689
2025.11.17,21,0.00564,8.647968
2025.11.17,22,0.000432,8.120994
2025.11.17,23,0.000416,8.434014
2025.11.17,24,0.000296,8.318761
2025.11.18,1,0.000424,8.27852
2025.11.18,2,0.000416,8.130035
2025.11.18,3,0.000416,8.437676
2025.11.18,4,0.00036,7.991494
2025.11.18,5,0.00028,8.2172
2025.11.18,6,0.000384,8.304584
2025.11.18,7,0.004104,8.086999
2025.11.18,8,1.739201,8.290001
2025.11.18,9,16.623725,8.461935
2025.11.18,10,31.264718,8.786698
2025.11.18,11,68.957658,7.222552
2025.11.18,12,56.960795,8.252818
2025.11.18,13,67.459749,7.919791
2025.11.18,14,75.050472,6.684979
2025.11.18,15,66.042184,7.503188
2025.11.18,16,41.628612,7.116643
2025.11.18,17,11.746574,7.426363
2025.11.18,18,1.020405,7.081613
2025.11.18,19,1.7313,5.568162
2025.11.18,20,1.495164,5.213619
2025.11.18,21,0.131688,4.357542
2025.11.18,22,0.00036,3.184964
2025.11.18,23,0.000264,3.255356
2025.11.18,24,0.0004,3.452575
2025.11.19,1,0.00056,5.687249
2025.11.19,2,0.000224,6.479638
2025.11.19,3,0.000232,6.9548
2025.11.19,4,0.000256,6.481991
2025.11.19,5,0.000248,6.280573
2025.11.19,6,0.000248,6.097558
2025.11.19,7,0.004892,5.053672
2025.11.19,8,2.059745,3.551679
2025.11.19,9,18.38544,1.987396
2025.11.19,10,53.358757,1.953737
2025.11.19,11,87.282079,0.755731
2025.11.19,12,145.740157,0.763871
2025.11.19,13,114.656144,0.979252
2025.11.19,14,121.199288,0.713637
2025.11.19,15,76.956614,0.926924
2025.11.19,16,56.766452,1.310108
2025.11.19,17,23.517435,1.531219
2025.11.19,18,2.093465,2.330897
2025.11.19,19,1.900164,3.799817
2025.11.19,20,2.417856,3.037006
2025.11.19,21,0.748044,3.29016
2025.11.19,22,0.048988,2.600651
2025.11.19,23,0.00028,3.547087
2025.11.19,24,0.000288,4.596203
2025.11.20,1,0.00028,6.085504
2025.11.20,2,0.000408,3.870885
2025.11.20,3,0.00044,4.421761
2025.11.20,4,0.000472,4.185986
2025.11.20,5,0.0004,3.807858
2025.11.20,6,0.000392,3.562659
2025.11.20,7,0.005192,2.850612
2025.11.20,8,2.942188,2.162667
2025.11.20,9,31.193146,1.693498
2025.11.20,10,77.186242,1.851781
2025.11.20,11,88.120205,1.856168
2025.11.20,12,99.109565,3.222629
2025.11.20,13,97.558119,3.466199
2025.11.20,14,89.573436,3.24987
2025.11.20,15,80.627001,3.068291
2025.11.20,16,66.859208,3.342044
2025.11.20,17,25.443802,3.353445
2025.11.20,18,2.026515,2.950938
2025.11.20,19,1.620068,2.855941
2025.11.20,20,1.245504,4.166893
2025.11.20,21,0.307496,5.1816
2025.11.20,22,0.126072,4.804642
2025.11.20,23,0.00028,4.533117
2025.11.20,24,0.000288,4.132615
2025.11.21,1,0.000264,4.43615
2025.11.21,2,0.00024,4.13884
2025.11.21,3,0.000272,4.675046
2025.11.21,4,0.000344,4.207608
2025.11.21,5,0.000368,5.406415
2025.11.21,6,0.000432,5.290929
2025.11.21,7,0.005614,5.014187
2025.11.21,8,4.796581,4.318284
2025.11.21,9,48.458494,2.778545
2025.11.21,10,119.814753,2.427778
2025.11.21,11,168.910076,2.157943
2025.11.21,12,201.702452,2.054403
2025.11.21,13,214.210677,2.551063
2025.11.21,14,202.983291,3.45207
2025.11.21,15,167.504371,4.235449
2025.11.21,16,110.858794,4.601887
2025.11.21,17,37.01894,4.961116
2025.11.21,18,2.934909,4.353062
2025.11.21,19,1.93222,4.091666
2025.11.21,20,2.934428,4.251076
2025.11.21,21,2.914216,5.166273
2025.11.21,22,2.1219,4.97535
2025.11.21,23,0.323384,4.035822
2025.11.21,24,0.006244,3.412146
2025.11.22,1,0.000376,3.004731
2025.11.22,2,0.000384,2.026145
2025.11.22,3,0.000408,1.161354
2025.11.22,4,0.00028,1.226694
2025.11.22,5,0.000312,1.097107
2025.11.22,6,0.000368,0.726208
2025.11.22,7,0.006298,0.478757
2025.11.22,8,4.582645,0.299426
2025.11.22,9,42.410802,0.176174
2025.11.22,10,116.569532,0.111901
2025.11.22,11,162.481407,0.179816
2025.11.22,12,188.002405,0.250568
2025.11.22,13,175.834767,0.419283
2025.11.22,14,152.994314,0.75675
2025.11.22,15,129.788178,0.894988
2025.11.22,16,84.265197,1.048748
2025.11.22,17,31.981076,0.753771
2025.11.22,18,2.676544,0.498189
2025.11.22,19,1.934028,0.469723
2025.11.22,20,2.937968,0.32908
2025.11.22,21,2.813348,0.119444
2025.11.22,22,2.125392,0.064517
2025.11.22,23,0.336824,0.004759
2025.11.22,24,0.005452,0.002959
2025.11.23,1,0.00036,0
2025.11.23,2,0.000352,0.026256
2025.11.23,3,0.0004,0.048777
2025.11.23,4,0.000336,0.083829
2025.11.23,5,0.000376,0.216597
2025.11.23,6,0.000368,0.098626
2025.11.23,7,0.006353,0.004759
2025.11.23,8,4.545108,0
2025.11.23,9,55.082031,0
2025.11.23,10,132.069093,0.0072
2025.11.23,11,181.610454,0.0144
2025.11.23,12,209.055176,0.0216
2025.11.23,13,215.981443,0.041623
2025.11.23,14,196.125434,0.090551
2025.11.23,15,155.50864,0.0054
2025.11.23,16,111.54728,0.0162
2025.11.23,17,37.148734,0.0288
2025.11.23,18,2.483427,0.0126
2025.11.23,19,1.934868,0
2025.11.23,20,2.927976,0.007546
2025.11.23,21,2.89604,0.0018
2025.11.23,22,2.23638,0.0054
2025.11.23,23,0.33716,0.0036
2025.11.23,24,0.005624,0.0144
2025.11.24,1,0.000384,0.0414
2025.11.24,2,0.00036,0.0666
2025.11.24,3,0.000368,0.018
2025.11.24,4,0.000384,0.104815
2025.11.24,5,0.000384,0.189255
2025.11.24,6,0.000392,0.231299
2025.11.24,7,0.005957,0.14742
2025.11.24,8,3.257473,0.109574
2025.11.24,9,21.568505,0.041822
2025.11.24,10,27.087255,0.02658
2025.11.24,11,76.386021,0.0576
2025.11.24,12,155.004765,0.345935
2025.11.24,13,150.912188,0.14922
2025.11.24,14,128.928501,0.161815
2025.11.24,15,120.978917,0.1637
2025.11.24,16,73.453141,0.398995
2025.11.24,17,27.180544,0.896779
2025.11.24,18,2.293841,1.10592
2025.11.24,19,1.939804,0.837237
2025.11.24,20,2.884296,1.172875
2025.11.24,21,2.30582,1.306583
2025.11.24,22,1.007372,1.291142
2025.11.24,23,0.0241,1.390836
2025.11.24,24,0.000408,1.230312
2025.11.25,1,0.000392,1.796718
2025.11.25,2,0.000344,1.901388
2025.11.25,3,0.000408,1.685626
2025.11.25,4,0.000408,1.582323
2025.11.25,5,0.000456,2.039362
2025.11.25,6,0.000464,2.902821
2025.11.25,7,0.003641,4.815538
2025.11.25,8,3.578444,6.013967
2025.11.25,9,26.339755,5.197929
2025.11.25,10,54.210159,5.15469
2025.11.25,11,116.610012,7.480547
2025.11.25,12,150.143951,8.799843
2025.11.25,13,152.164875,8.600507
2025.11.25,14,145.824988,6.657623
2025.11.25,15,92.954835,5.779712
2025.11.25,16,54.378814,8.579507
2025.11.25,17,18.452836,8.601022
2025.11.25,18,1.833775,8.656563
2025.11.25,19,1.955464,8.559859
2025.11.25,20,2.153364,8.643458
2025.11.25,21,1.126668,8.384048
2025.11.25,22,0.197708,8.167686
2025.11.25,23,0.0004,7.81138
2025.11.25,24,0.000448,7.183159
2025.11.26,1,0.00032,6.163885
2025.11.26,2,0.000352,4.797466
2025.11.26,3,0.000384,4.854786
2025.11.26,4,0.000392,4.477744
2025.11.26,5,0.000368,3.593437
2025.11.26,6,0.00064,3.428861
2025.11.26,7,0.004446,2.989757
2025.11.26,8,3.161079,2.088467
2025.11.26,9,37.257224,1.389084
2025.11.26,10,92.662388,1.133449
2025.11.26,11,146.148068,0.774726
2025.11.26,12,172.939777,0.654772
2025.11.26,13,181.117598,0.825556
2025.11.26,14,158.811335,1.038014
2025.11.26,15,147.35226,1.215148
2025.11.26,16,99.2583,0.858397
2025.11.26,17,32.454854,0.556075
2025.11.26,18,2.424518,0.4456
2025.11.26,19,1.934644,0.406553
2025.11.26,20,2.941508,0.238685
2025.11.26,21,2.780568,0.389877
2025.11.26,22,1.59216,0.374324
2025.11.26,23,0.317328,0.391061
2025.11.26,24,0.005632,0.232036
2025.11.27,1,0.000384,0.512221
2025.11.27,2,0.000336,0.595782
2025.11.27,3,0.0004,0.211699
2025.11.27,4,0.00036,0.650938
2025.11.27,5,0.000344,0.655291
2025.11.27,6,0.000352,0.477
2025.11.27,7,0.003472,0.866133
2025.11.27,8,1.904402,0.873111
2025.11.27,9,26.174075,2.755448
2025.11.27,10,88.603804,3.031094
2025.11.27,11,119.896707,4.718974
2025.11.27,12,102.852452,7.673664
2025.11.27,13,76.779256,7.597782
2025.11.27,14,48.988042,7.643563
2025.11.27,15,45.711035,7.701747
2025.11.27,16,45.694132,7.530157
2025.11.27,17,10.298912,7.619623
2025.11.27,18,1.238145,7.496345
2025.11.27,19,1.628216,7.50716
2025.11.27,20,1.47428,7.229132
2025.11.27,21,0.412944,6.661844
2025.11.27,22,0.000432,7.074357
2025.11.27,23,0.0004,6.477279
2025.11.27,24,0.000392,6.154351
2025.11.28,1,0.000336,7.215111
2025.11.28,2,0.00028,6.936192
2025.11.28,3,0.000304,6.916766
2025.11.28,4,0.000296,7.172497
2025.11.28,5,0.000288,6.901283
2025.11.28,6,0.000264,6.200721
2025.11.28,7,0.005398,5.921638
2025.11.28,8,2.445169,5.673625
2025.11.28,9,32.206348,3.951172
2025.11.28,10,85.095369,3.175644
2025.11.28,11,133.394884,2.979215
2025.11.28,12,179.588757,2.354293
2025.11.28,13,200.496015,1.804845
2025.11.28,14,200.769402,1.908068
2025.11.28,15,170.949941,1.966403
2025.11.28,16,114.082488,2.311442
2025.11.28,17,36.314468,2.404599
2025.11.28,18,2.201567,2.506031
2025.11.28,19,1.945916,1.655113
2025.11.28,20,2.96584,1.234017
2025.11.28,21,2.836844,0.930305
2025.11.28,22,2.057936,0.601646
2025.11.28,23,0.339904,0.15065
2025.11.28,24,0.005856,0.088546
2025.11.29,1,0.000376,0.054
2025.11.29,2,0.000344,0.0018
2025.11.29,3,0.000384,0
2025.11.29,4,0.000256,0
2025.11.29,5,0.000232,0
2025.11.29,6,0.000248,0
2025.11.29,7,0.004388,0.023563
2025.11.29,8,3.370997,0.0144
2025.11.29,9,44.482062,0.0144
2025.11.29,10,118.040866,0.0144
2025.11.29,11,154.964622,0.1206
2025.11.29,12,166.804326,0.548432
2025.11.29,13,189.726754,1.609152
2025.11.29,14,191.019749,0.779685
2025.11.29,15,153.051346,0.479719
2025.11.29,16,90.939417,0.393739
2025.11.29,17,26.761323,0.335532
2025.11.29,18,1.796901,0.246701
2025.11.29,19,1.851644,0.2376
2025.11.29,20,2.849084,0.1854
2025.11.29,21,2.012412,0.324604
2025.11.29,22,0.94654,0.424272
2025.11.29,23,0.019456,0.834607
2025.11.29,24,0.000312,0.418865
2025.11.30,1,0.000288,0.216
2025.11.30,2,0.000304,0.212463
2025.11.30,3,0.00028,0.196389
2025.11.30,4,0.000264,0.165231
2025.11.30,5,0.000264,0.274767
2025.11.30,6,0.000264,0.198462
2025.11.30,7,0.004622,0.2088
2025.11.30,8,2.029787,0.201616
2025.11.30,9,35.835534,0.1638
2025.11.30,10,98.993,0.192305
2025.11.30,11,142.480513,0.159264
2025.11.30,12,165.582708,0.438463
2025.11.30,13,184.053095,0.405782
2025.11.30,14,168.267938,0.464322
2025.11.30,15,145.964146,0.398419
2025.11.30,16,94.837386,0.86154
2025.11.30,17,28.725064,0.924146
2025.11.30,18,2.278254,0.603357
2025.11.30,19,1.950512,0.56743
2025.11.30,20,2.883764,0.401032
2025.11.30,21,2.223492,0.2952
2025.11.30,22,1.193332,0.2718
2025.11.30,23,0.050752,0.287609
2025.11.30,24,0.000456,0.266852
2025.12.1,1,0.000376,1.236371
2025.12.1,2,0.000448,1.871357
2025.12.1,3,0.000464,3.014506
2025.12.1,4,0.00048,1.829465
2025.12.1,5,0.000472,1.742344
2025.12.1,6,0.000496,2.409544
2025.12.1,7,0.000504,2.160072
2025.12.1,8,1.423813,2.741571
2025.12.1,9,19.379248,3.829036
2025.12.1,10,74.1411,4.144932
2025.12.1,11,129.237241,5.214161
2025.12.1,12,146.880015,4.374735
2025.12.1,13,186.528446,3.224
2025.12.1,14,162.686506,3.958412
2025.12.1,15,146.870538,3.855921
2025.12.1,16,103.995354,3.86839
2025.12.1,17,32.716726,3.871299
2025.12.1,18,2.480353,2.947247
2025.12.1,19,1.924264,2.563256
2025.12.1,20,2.960772,1.525644
2025.12.1,21,2.736876,1.343051
2025.12.1,22,1.627748,1.895616
2025.12.1,23,0.06624,1.442576
2025.12.1,24,0.000264,2.747707
2025.12.2,1,0.000312,5.579773
2025.12.2,2,0.000376,4.802029
2025.12.2,3,0.0004,3.429304
2025.12.2,4,0.000408,2.632562
2025.12.2,5,0.000384,2.775339
2025.12.2,6,0.000392,4.819099
2025.12.2,7,0.000368,4.020605
2025.12.2,8,1.897873,3.585557
2025.12.2,9,40.318937,2.695342
2025.12.2,10,114.968225,1.421166
2025.12.2,11,171.338496,1.8936
2025.12.2,12,202.873016,2.8116
2025.12.2,13,193.471551,3.748625
2025.12.2,14,169.342662,4.266366
2025.12.2,15,137.371308,5.002068
2025.12.2,16,53.227278,5.8135
2025.12.2,17,15.761001,7.120695
2025.12.2,18,1.298286,7.39306
2025.12.2,19,1.912544,6.190923
2025.12.2,20,2.96142,6.553351
2025.12.2,21,2.743464,6.17666
2025.12.2,22,1.928108,5.083308
2025.12.2,23,0.10464,4.969504
2025.12.2,24,0.000272,4.535956
2025.12.3,1,0.000352,6.880359
2025.12.3,2,0.000376,5.643514
2025.12.3,3,0.000384,5.970449
2025.12.3,4,0.000384,7.246212
2025.12.3,5,0.0004,8.36599
2025.12.3,6,0.000392,8.649801
2025.12.3,7,0.000352,8.601033
2025.12.3,8,0.295776,8.152896
2025.12.3,9,4.743535,7.326584
2025.12.3,10,23.040295,7.933
2025.12.3,11,64.704605,8.544214
2025.12.3,12,138.494935,7.796741
2025.12.3,13,126.446463,8.20206
2025.12.3,14,102.398234,7.278921
2025.12.3,15,61.567063,8.459787
2025.12.3,16,41.276396,7.078863
2025.12.3,17,17.386387,8.427893
2025.12.3,18,1.309167,7.349344
2025.12.3,19,1.813536,5.516632
2025.12.3,20,1.70894,5.377193
2025.12.3,21,0.506568,8.306607
2025.12.3,22,0.043968,7.336014
2025.12.3,23,0.000408,7.150568
2025.12.3,24,0.000416,5.400667
2025.12.4,1,0.00044,5.28004
2025.12.4,2,0.000424,4.610049
2025.12.4,3,0.0004,3.986772
2025.12.4,4,0.000392,4.044756
2025.12.4,5,0.000408,2.48005
2025.12.4,6,0.000424,1.761671
2025.12.4,7,0.0004,1.442958
2025.12.4,8,0.42257,0.654463
2025.12.4,9,7.213624,0.315359
2025.12.4,10,39.320038,0.295481
2025.12.4,11,67.863806,0.219473
2025.12.4,12,77.098339,0.849954
2025.12.4,13,92.848905,4.56408
2025.12.4,14,97.514236,4.951418
2025.12.4,15,59.425576,5.125492
2025.12.4,16,45.177876,4.276438
2025.12.4,17,15.227808,4.340233
2025.12.4,18,1.163085,4.155852
2025.12.4,19,1.705772,4.438686
2025.12.4,20,1.667276,5.121675
2025.12.4,21,0.193948,4.544047
2025.12.4,22,0.000392,3.09869
2025.12.4,23,0.000352,7.046498
2025.12.4,24,0.00036,7.950918
2025.12.5,1,0.000384,8.076107
2025.12.5,2,0.00028,8.42982
2025.12.5,3,0.0004,8.625277
2025.12.5,4,0.000312,7.462166
2025.12.5,5,0.000304,5.888002
2025.12.5,6,0.000296,5.584522
2025.12.5,7,0.000296,5.421442
2025.12.5,8,1.699253,4.106643
2025.12.5,9,17.078376,4.375835
2025.12.5,10,62.975887,4.825942
2025.12.5,11,144.471495,4.299913
2025.12.5,12,175.867948,3.811766
2025.12.5,13,172.503922,2.986027
2025.12.5,14,168.702831,2.503873
2025.12.5,15,134.953655,1.677164
2025.12.5,16,85.10456,1.448713
2025.12.5,17,27.314693,1.379172
2025.12.5,18,2.500871,1.561749
2025.12.5,19,1.958744,1.495361
2025.12.5,20,2.8378,0.977919
2025.12.5,21,2.264448,0.617365
2025.12.5,22,1.552244,0.391228
2025.12.5,23,0.296488,0.35004
2025.12.5,24,0.005508,0.301184
2025.12.6,1,0.00044,0.283424
2025.12.6,2,0.000416,0.346775
2025.12.6,3,0.000408,0.357335
2025.12.6,4,0.000392,0.329672
2025.12.6,5,0.0004,0.352206
2025.12.6,6,0.000416,0.249704
2025.12.6,7,0.000392,0.378187
2025.12.6,8,2.078449,0.300907
2025.12.6,9,38.835863,0.38046
2025.12.6,10,116.645868,0.162
2025.12.6,11,170.464924,0.060218
2025.12.6,12,198.434237,0.019816
2025.12.6,13,195.413901,0.0594
2025.12.6,14,175.3037,0.0918
2025.12.6,15,144.268511,0.14232
2025.12.6,16,80.516459,0.16536
2025.12.6,17,25.288412,0.3438
2025.12.6,18,1.977256,0.3495
2025.12.6,19,1.957832,0.4266
2025.12.6,20,2.960132,0.6213
2025.12.6,21,2.551352,0.9018
2025.12.6,22,1.263996,0.91296
2025.12.6,23,0.066584,1.15488
2025.12.6,24,0.000336,1.42134
2025.12.7,1,0.000352,1.01706
2025.12.7,2,0.000352,1.02
2025.12.7,3,0.000392,0.70374
2025.12.7,4,0.00036,0.72576
2025.12.7,5,0.000392,1.2414
2025.12.7,6,0.000408,0.9066
2025.12.7,7,0.000376,1.03602
2025.12.7,8,2.125549,0.98718
2025.12.7,9,32.07295,0.72588
2025.12.7,10,97.368514,0.32676
2025.12.7,11,147.078025,0.561053
2025.12.7,12,176.511027,1.059571
2025.12.7,13,179.925313,1.485793
2025.12.7,14,170.678294,1.935234
2025.12.7,15,132.956175,2.456542
2025.12.7,16,85.408417,3.299527
2025.12.7,17,30.044508,2.566087
2025.12.7,18,2.561091,1.779184
2025.12.7,19,1.970928,0.720572
2025.12.7,20,2.932164,1.387674
2025.12.7,21,2.688676,1.394845
2025.12.7,22,1.50414,1.942408
2025.12.7,23,0.061416,2.931107
2025.12.7,24,0.000384,3.134407
2025.12.8,1,0.00036,3.638347
2025.12.8,2,0.000368,3.32984
2025.12.8,3,0.000288,4.221148
2025.12.8,4,0.000344,5.295007
2025.12.8,5,0.000376,4.367447
2025.12.8,6,0.000384,4.771687
2025.12.8,7,0.000384,4.758667
2025.12.8,8,2.41773,4.346403
2025.12.8,9,34.247785,4.31099
2025.12.8,10,108.955282,4.381731
2025.12.8,11,161.587818,3.55068
2025.12.8,12,186.498533,3.119401
2025.12.8,13,212.253699,3.333775
2025.12.8,14,201.389398,3.967473
2025.12.8,15,165.102505,4.550887
2025.12.8,16,98.846792,4.871332
2025.12.8,17,31.436606,4.836951
2025.12.8,18,2.419132,4.991106
2025.12.8,19,1.964944,3.689081
2025.12.8,20,2.997752,3.744837
2025.12.8,21,2.902984,3.908292
2025.12.8,22,2.218996,3.598576
2025.12.8,23,0.340628,3.734044
2025.12.8,24,0.005856,3.865289
2025.12.9,1,0.000312,3.2898
2025.12.9,2,0.000352,3.44161
2025.12.9,3,0.000416,3.820172
2025.12.9,4,0.000416,3.511806
2025.12.9,5,0.000392,2.849239
2025.12.9,6,0.000384,2.89087
2025.12.9,7,0.000344,2.978808
2025.12.9,8,2.490369,3.067811
2025.12.9,9,31.534438,2.718859
2025.12.9,10,112.200262,2.245538
2025.12.9,11,174.964798,2.051592
2025.12.9,12,209.198516,1.849361
2025.12.9,13,220.678465,1.660402
2025.12.9,14,209.592958,1.6968
2025.12.9,15,174.079863,2.842923
2025.12.9,16,109.83318,2.449383
2025.12.9,17,31.501473,2.457468
2025.12.9,18,2.163472,2.383342
2025.12.9,19,1.97012,2.356809
2025.12.9,20,3.00176,2.275823
2025.12.9,21,2.926428,2.00232
2025.12.9,22,2.234332,1.750466
2025.12.9,23,0.339496,1.331502
2025.12.9,24,0.006192,0.933091
2025.12.10,1,0.000432,0.780736
2025.12.10,2,0.000432,0.397586
2025.12.10,3,0.000416,0.453092
2025.12.10,4,0.00044,0.352948
2025.12.10,5,0.000432,0.289627
2025.12.10,6,0.000424,0.215287
2025.12.10,7,0.000392,0.191824
2025.12.10,8,1.357922,0.072
2025.12.10,9,31.568148,0.0378
2025.12.10,10,104.048548,0.0162
2025.12.10,11,161.679359,0.05454
2025.12.10,12,195.278441,0.05976
2025.12.10,13,205.7383,0.20364
2025.12.10,14,193.464499,0.27464
2025.12.10,15,155.586659,0.203779
2025.12.10,16,74.988239,0.14062
2025.12.10,17,19.846795,0.135221
2025.12.10,18,1.752298,0.057664
2025.12.10,19,1.944784,0.109216
2025.12.10,20,3.005052,0.485914
2025.12.10,21,2.808084,0.753328
2025.12.10,22,2.03996,0.826999
2025.12.10,23,0.102676,1.057885
2025.12.10,24,0.0004,0.527785
2025.12.11,1,0.000384,0.739823
2025.12.11,2,0.0004,0.917672
2025.12.11,3,0.000368,1.214185
2025.12.11,4,0.000416,1.537494
2025.12.11,5,0.000408,2.435788
2025.12.11,6,0.000416,2.700878
2025.12.11,7,0.0004,1.595614
2025.12.11,8,0.06132,1.059332
2025.12.11,9,4.45676,1.881742
2025.12.11,10,46.028291,3.95954
2025.12.11,11,113.715077,3.701751
2025.12.11,12,145.370519,4.132011
2025.12.11,13,158.132402,4.385752
2025.12.11,14,140.923753,4.398802
2025.12.11,15,90.079176,4.616032
2025.12.11,16,50.035352,4.812022
2025.12.11,17,23.608308,5.559127
2025.12.11,18,1.88244,5.989386
2025.12.11,19,1.91506,6.164767
2025.12.11,20,2.814168,5.920492
2025.12.11,21,2.025792,5.642467
2025.12.11,22,0.422972,5.856547
2025.12.11,23,0.02138,5.435091
2025.12.11,24,0.000416,4.999027
2025.12.12,1,0.000464,4.2369
2025.12.12,2,0.000496,3.563489
2025.12.12,3,0.00048,3.764924
2025.12.12,4,0.000504,2.531583
2025.12.12,5,0.00048,1.07989
2025.12.12,6,0.00048,0.855724
2025.12.12,7,0.00048,0.426891
2025.12.12,8,1.54739,0.463554
2025.12.12,9,32.359044,0.217976
2025.12.12,10,105.343329,0.290366
2025.12.12,11,157.746621,0.413833
2025.12.12,12,177.324033,0.842975
2025.12.12,13,170.015856,1.148889
2025.12.12,14,153.336601,1.715305
2025.12.12,15,125.402903,2.745115
2025.12.12,16,83.494829,4.123567
2025.12.12,17,29.296782,5.258782
2025.12.12,18,2.121245,5.499007
2025.12.12,19,1.972012,4.979167
2025.12.12,20,2.981588,4.550587
2025.12.12,21,2.876892,3.494152
2025.12.12,22,1.680408,3.339427
2025.12.12,23,0.298968,3.911887
2025.12.12,24,0.003184,4.040167
2025.12.13,1,0.000344,4.099282
2025.12.13,2,0.000352,4.171507
2025.12.13,3,0.000336,3.528142
2025.12.13,4,0.000352,4.163152
2025.12.13,5,0.000288,3.164347
2025.12.13,6,0.000304,4.048965
2025.12.13,7,0.000312,3.806272
2025.12.13,8,0.251789,4.043062
2025.12.13,9,9.189694,3.046942
2025.12.13,10,50.269105,2.525316
2025.12.13,11,94.82458,2.844442
2025.12.13,12,69.711813,2.985184
2025.12.13,13,51.318365,1.284678
2025.12.13,14,33.85982,0.777692
2025.12.13,15,32.3432,0.643137
2025.12.13,16,20.192185,0.812381
2025.12.13,17,3.173408,2.297232
2025.12.13,18,0.489778,4.631542
2025.12.13,19,1.643236,5.687002
2025.12.13,20,1.304376,5.631562
2025.12.13,21,0.019208,5.494927
2025.12.13,22,0.00024,4.866247
2025.12.13,23,0.000224,4.647667
2025.12.13,24,0.000224,4.983367
2025.12.14,1,0.00024,4.710306
2025.12.14,2,0.000336,4.4157
2025.12.14,3,0.000336,4.47324
2025.12.14,4,0.000392,4.73958
2025.12.14,5,0.000392,4.7139
2025.12.14,6,0.000384,4.58598
2025.12.14,7,0.000376,4.54254
2025.12.14,8,0.050662,4.25892
2025.12.14,9,4.812428,4.57422
2025.12.14,10,16.355054,4.695
2025.12.14,11,55.190115,4.36188
2025.12.14,12,46.917083,4.3614
2025.12.14,13,39.339917,4.48656
2025.12.14,14,45.370676,4.28982
2025.12.14,15,37.298725,4.2705
2025.12.14,16,16.987708,4.44822
2025.12.14,17,6.392294,4.05012
2025.12.14,18,0.531983,4.11948
2025.12.14,19,0.789592,4.596
2025.12.14,20,0.245768,4.52214
2025.12.14,21,0.000352,4.28604
2025.12.14,22,0.000408,4.02504
2025.12.14,23,0.000384,4.07562
2025.12.14,24,0.000384,4.09986
2025.12.15,1,0.0004,3.29424
2025.12.15,2,0.000416,3.13242
2025.12.15,3,0.000408,2.87952
2025.12.15,4,0.0004,2.66208
2025.12.15,5,0.000392,2.62296
2025.12.15,6,0.000384,1.86798
2025.12.15,7,0.000384,1.21284
2025.12.15,8,1.340236,1.17702
2025.12.15,9,30.422941,1.35828
2025.12.15,10,102.116507,0.91698
2025.12.15,11,161.576281,0.76452
2025.12.15,12,192.660755,0.39366
2025.12.15,13,211.318132,0.6852
2025.12.15,14,200.304892,0.60864
2025.12.15,15,157.814359,0.4674
2025.12.15,16,83.502736,1.0134
2025.12.15,17,30.588341,0.5253
2025.12.15,18,2.806206,0.20136
2025.12.15,19,1.987412,0.1347
2025.12.15,20,2.98122,0.05946
2025.12.15,21,2.89932,0.09456
2025.12.15,22,2.204816,0.17004
2025.12.15,23,0.339912,0.17436
2025.12.15,24,0.00642,0.10098
2025.12.16,1,0.00036,0.11796
2025.12.16,2,0.000336,0.09114
2025.12.16,3,0.0004,0.0144
2025.12.16,4,0.000368,0.0036
2025.12.16,5,0.000368,0.0144
2025.12.16,6,0.000368,0.0612
2025.12.16,7,0.000344,0.05934
2025.12.16,8,0.713075,0.0432
2025.12.16,9,22.883896,0.16278
2025.12.16,10,74.389834,0.1164
2025.12.16,11,116.992706,0.04656
2025.12.16,12,121.899621,0.11718
2025.12.16,13,150.846532,0.071858
2025.12.16,14,146.866207,0.043112
2025.12.16,15,130.47145,0.05772
2025.12.16,16,83.715102,0.0432
2025.12.16,17,29.587899,0.0324
2025.12.16,18,2.803304,0.0432
2025.12.16,19,1.986872,0.057648
2025.12.16,20,2.90226,0.727392
2025.12.16,21,2.01064,1.109814
2025.12.16,22,0.835408,1.728009
2025.12.16,23,0.02156,1.273343
2025.12.16,24,0.000448,0.801639
2025.12.17,1,0.00044,0.889216
2025.12.17,2,0.000352,0.827982
2025.12.17,3,0.000384,2.295854
2025.12.17,4,0.000432,3.820529
2025.12.17,5,0.00048,4.181609
2025.12.17,6,0.000488,5.29133
2025.12.17,7,0.00044,5.106939
2025.12.17,8,0.830577,4.57797
2025.12.17,9,19.809186,5.143892
2025.12.17,10,61.548511,6.807478
2025.12.17,11,75.052428,8.61991
2025.12.17,12,93.62262,8.727788
2025.12.17,13,135.464324,7.943625
2025.12.17,14,118.901522,8.221686
2025.12.17,15,108.852533,8.013958
2025.12.17,16,79.54561,7.33175
2025.12.17,17,28.313462,7.089984
2025.12.17,18,2.078721,6.750311
2025.12.17,19,1.82696,6.650512
2025.12.17,20,2.248856,6.660518
2025.12.17,21,0.741036,6.467839
2025.12.17,22,0.100036,5.848806
2025.12.17,23,0.000376,4.032408
2025.12.17,24,0.00036,3.787008
2025.12.18,1,0.000368,3.751205
2025.12.18,2,0.000384,3.683127
2025.12.18,3,0.0004,3.149928
2025.12.18,4,0.000432,2.942455
2025.12.18,5,0.0004,4.127275
2025.12.18,6,0.000384,5.132626
2025.12.18,7,0.000312,3.481604
2025.12.18,8,1.02792,1.970406
2025.12.18,9,30.131277,1.418783
2025.12.18,10,108.35104,1.079047
2025.12.18,11,172.57028,0.974176
2025.12.18,12,207.097557,0.779415
2025.12.18,13,218.938483,0.592771
2025.12.18,14,208.922606,0.287976
2025.12.18,15,175.879092,0.062532
2025.12.18,16,115.259978,0.0054
2025.12.18,17,37.358031,0
2025.12.18,18,2.968416,0.018
2025.12.18,19,2.031964,0.063
2025.12.18,20,3.001792,0.1134
2025.12.18,21,2.936596,0.0954
2025.12.18,22,2.23112,0.0666
2025.12.18,23,0.342152,0.16577
2025.12.18,24,0.004604,0.292637
2025.12.19,1,0.000352,0.18051
2025.12.19,2,0.000368,0.381845
2025.12.19,3,0.00036,0.469373
2025.12.19,4,0.000344,0.300274
2025.12.19,5,0.000352,0.18
2025.12.19,6,0.000352,0.1926
2025.12.19,7,0.00032,0.198
2025.12.19,8,0.132127,0.1728
2025.12.19,9,11.255538,0.171
2025.12.19,10,64.916784,0.243
2025.12.19,11,125.634701,0.348386
2025.12.19,12,157.664785,0.826726
2025.12.19,13,160.415992,2.748347
2025.12.19,14,124.818081,2.20104
2025.12.19,15,109.809961,1.302775
2025.12.19,16,73.384727,0.676545
2025.12.19,17,21.195534,0.257489
2025.12.19,18,1.533577,0.104589
2025.12.19,19,1.977156,0.161626
2025.12.19,20,2.884552,0.634698
2025.12.19,21,2.168968,1.843599
2025.12.19,22,1.031068,0.718517
2025.12.19,23,0.029048,0.0972
2025.12.19,24,0.000376,0.0846
2025.12.20,1,0.000392,0.0702
2025.12.20,2,0.000312,0.110472
2025.12.20,3,0.000376,0.141559
2025.12.20,4,0.000312,0.1062
2025.12.20,5,0.000352,0.1026
2025.12.20,6,0.000368,0.099
2025.12.20,7,0.000328,0.077416
2025.12.20,8,0.101721,0.140477
2025.12.20,9,4.923852,0.212419
2025.12.20,10,17.256845,0.234955
2025.12.20,11,40.860085,0.165701
2025.12.20,12,73.911684,1.565057
2025.12.20,13,96.663573,1.135428
2025.12.20,14,94.614463,0.654476
2025.12.20,15,65.461371,2.398413
2025.12.20,16,36.816201,2.738028
2025.12.20,17,8.481621,2.819987
2025.12.20,18,1.236775,2.641128
2025.12.20,19,1.70058,3.281896
2025.12.20,20,1.742756,6.199611
2025.12.20,21,0.45206,7.034533
2025.12.20,22,0.001264,6.399377
2025.12.20,23,0.000272,8.133311
2025.12.20,24,0.000272,8.398617
2025.12.21,1,0.000296,8.538333
2025.12.21,2,0.000312,8.779802
2025.12.21,3,0.000336,8.986524
2025.12.21,4,0.000328,8.469365
2025.12.21,5,0.000424,8.285977
2025.12.21,6,0.000416,8.037336
2025.12.21,7,0.000384,8.18297
2025.12.21,8,0.540846,8.034335
2025.12.21,9,8.009059,7.289648
2025.12.21,10,20.520325,7.938376
2025.12.21,11,27.632194,5.346596
2025.12.21,12,48.340125,8.101784
2025.12.21,13,68.507358,7.939235
2025.12.21,14,142.684855,8.314702
2025.12.21,15,126.829374,7.705168
2025.12.21,16,89.955763,7.156914
2025.12.21,17,28.900695,6.243369
2025.12.21,18,2.485337,5.84083
2025.12.21,19,1.737708,4.571053
2025.12.21,20,1.824276,4.682689
2025.12.21,21,0.594104,4.557235
2025.12.21,22,0.00432,3.830077
2025.12.21,23,0.00048,3.255362
2025.12.21,24,0.000512,3.052754
2025.12.22,1,0.000504,2.411108
2025.12.22,2,0.000496,2.480181
2025.12.22,3,0.0004,1.821706
2025.12.22,4,0.0004,1.220135
2025.12.22,5,0.00044,0.396043
2025.12.22,6,0.000448,0.036713
2025.12.22,7,0.00044,0.004602
2025.12.22,8,1.183748,0
2025.12.22,9,28.257147,0.127784
2025.12.22,10,105.11386,0.47221
2025.12.22,11,168.876754,0.405457
2025.12.22,12,204.752088,0.536045
2025.12.22,13,218.910911,0.918142
2025.12.22,14,202.271929,1.183709
2025.12.22,15,169.342708,1.457126
2025.12.22,16,108.000927,1.713955
2025.12.22,17,40.861048,0.983435
2025.12.22,18,3.990887,1.040943
2025.12.22,19,1.978672,1.583681
2025.12.22,20,2.954868,1.595617
2025.12.22,21,2.93298,2.12315
2025.12.22,22,2.245132,1.860629
2025.12.22,23,0.332188,0.281631
2025.12.22,24,0.004452,0.325497
2025.12.23,1,0.000384,0.478735
2025.12.23,2,0.00036,0.718008
2025.12.23,3,0.00036,1.238145
2025.12.23,4,0.000352,2.197989
2025.12.23,5,0.000368,2.979932
2025.12.23,6,0.000376,1.060656
2025.12.23,7,0.000344,1.360867
2025.12.23,8,0.779307,1.207819
2025.12.23,9,18.490992,1.08617
2025.12.23,10,58.931219,1.200721
2025.12.23,11,80.606242,2.578082
2025.12.23,12,79.727689,2.906003
2025.12.23,13,138.708354,2.036365
2025.12.23,14,97.792438,1.894128
2025.12.23,15,66.781625,1.52542
2025.12.23,16,33.818421,0.676358
2025.12.23,17,12.045406,0.137196
2025.12.23,18,1.171821,0.2916
2025.12.23,19,1.878124,0.1422
2025.12.23,20,2.186052,0.0756
2025.12.23,21,0.714968,0.036
2025.12.23,22,0.057032,0.0504
2025.12.23,23,0.000264,0.0702
2025.12.23,24,0.000288,0.156
2025.12.24,1,0.000416,0.390218
2025.12.24,2,0.000472,0.506154
2025.12.24,3,0.000472,0.216
2025.12.24,4,0.000392,0.637686
2025.12.24,5,0.000464,2.608328
2025.12.24,6,0.000448,2.401249
2025.12.24,7,0.000416,3.843157
2025.12.24,8,0.013827,4.892747
2025.12.24,9,1.984444,5.108013
2025.12.24,10,10.22021,6.357473
2025.12.24,11,22.193114,7.224991
2025.12.24,12,42.33496,7.412954
2025.12.24,13,34.946152,7.3783
2025.12.24,14,24.425763,7.312588
2025.12.24,15,25.357773,7.283073
2025.12.24,16,17.080227,7.553156
2025.12.24,17,5.03273,6.89552
2025.12.24,18,0.389066,7.637477
2025.12.24,19,0.3636,7.763259
2025.12.24,20,0.169256,7.29581
2025.12.24,21,0.006224,7.282236
2025.12.24,22,0.000392,7.487951
2025.12.24,23,0.0004,7.097823
2025.12.24,24,0.000384,7.039842
2025.12.25,1,0.0004,7.686238
2025.12.25,2,0.0004,7.497124
2025.12.25,3,0.0004,7.692096
2025.12.25,4,0.000344,8.175991
2025.12.25,5,0.000368,8.301211
2025.12.25,6,0.000384,8.489085
2025.12.25,7,0.000368,9.014646
2025.12.25,8,0.237361,8.89224
2025.12.25,9,6.436744,8.178589
2025.12.25,10,33.178006,8.537446
2025.12.25,11,57.891659,8.413823
2025.12.25,12,75.39187,8.22558
2025.12.25,13,93.895962,8.408949
2025.12.25,14,92.041579,8.460819
2025.12.25,15,74.691851,7.697267
2025.12.25,16,32.101208,8.017322
2025.12.25,17,11.086348,7.469817
2025.12.25,18,1.088816,4.262872
2025.12.25,19,1.746412,2.8674
2025.12.25,20,1.449196,2.88954
2025.12.25,21,0.081496,2.933157
2025.12.25,22,0.000376,2.077562
2025.12.25,23,0.000392,2.150557
2025.12.25,24,0.000376,2.823953
2025.12.26,1,0.000464,2.691434
2025.12.26,2,0.000496,2.701891
2025.12.26,3,0.00048,3.137523
2025.12.26,4,0.000328,2.491506
2025.12.26,5,0.000312,1.29486
2025.12.26,6,0.000296,3.158842
2025.12.26,7,0.00036,3.172974
2025.12.26,8,0.043727,4.498683
2025.12.26,9,5.164869,8.09806
2025.12.26,10,29.973974,7.847607
2025.12.26,11,86.568622,7.99701
2025.12.26,12,116.311716,7.862705
2025.12.26,13,117.405315,7.588559
2025.12.26,14,105.461523,8.036802
2025.12.26,15,77.550614,8.027829
2025.12.26,16,41.054571,8.176503
2025.12.26,17,20.32233,7.569505
2025.12.26,18,2.281187,7.985349
2025.12.26,19,1.553756,8.153708
2025.12.26,20,1.229716,8.121991
2025.12.26,21,0.32424,6.910544
2025.12.26,22,0.118648,7.424859
2025.12.26,23,0.000424,6.814817
2025.12.26,24,0.000456,5.685196
2025.12.27,1,0.000456,4.782617
2025.12.27,2,0.000344,4.353942
2025.12.27,3,0.000352,4.005055
2025.12.27,4,0.000392,3.418192
2025.12.27,5,0.000416,3.775949
2025.12.27,6,0.000416,3.405297
2025.12.27,7,0.000384,2.496521
2025.12.27,8,0.68447,1.981363
2025.12.27,9,22.741833,1.922879
2025.12.27,10,96.270554,1.224835
2025.12.27,11,151.021896,1.067192
2025.12.27,12,183.22246,1.080749
2025.12.27,13,145.620815,0.905684
2025.12.27,14,120.343074,0.724328
2025.12.27,15,98.351874,0.637424
2025.12.27,16,76.902107,0.526411
2025.12.27,17,28.952435,0.557843
2025.12.27,18,2.799371,0.363528
2025.12.27,19,1.94732,0.363183
2025.12.27,20,2.906424,0.251173
2025.12.27,21,2.597016,0.143433
2025.12.27,22,1.482992,0.0558
2025.12.27,23,0.326572,0.047314
2025.12.27,24,0.005492,0.059786
2025.12.28,1,0.000368,0.201722
2025.12.28,2,0.000392,0.273127
2025.12.28,3,0.000408,0.422248
2025.12.28,4,0.00036,0.372655
2025.12.28,5,0.000384,0.11888
2025.12.28,6,0.000376,0.158522
2025.12.28,7,0.000368,0.088802
2025.12.28,8,0.866245,0.189929
2025.12.28,9,24.540897,0.084504
2025.12.28,10,93.515494,0.0306
2025.12.28,11,162.3749,0.0126
2025.12.28,12,198.399794,0.0162
2025.12.28,13,203.730167,0.0162
2025.12.28,14,175.879329,0.0198
2025.12.28,15,128.334901,0.0288
2025.12.28,16,82.286685,0.0504
2025.12.28,17,17.875435,0.0216
2025.12.28,18,1.97302,0.085481
2025.12.28,19,1.991416,0.3423
2025.12.28,20,2.928268,0.754798
2025.12.28,21,2.848956,1.310724
2025.12.28,22,2.144924,1.890906
2025.12.28,23,0.288672,1.230569
2025.12.28,24,0.000248,1.505533
2025.12.29,1,0.00028,1.645588
2025.12.29,2,0.00036,3.803501
2025.12.29,3,0.000392,3.860488
2025.12.29,4,0.000384,2.784505
2025.12.29,5,0.000392,1.636816
2025.12.29,6,0.000384,0.665104
2025.12.29,7,0.000368,0.326057
2025.12.29,8,0.516961,0.29862
2025.12.29,9,19.979952,1.778453
2025.12.29,10,79.812218,1.496109
2025.12.29,11,133.129867,1.928275
2025.12.29,12,141.10273,2.566086
2025.12.29,13,132.288839,3.576221
2025.12.29,14,159.210739,4.27943
2025.12.29,15,131.415541,5.042409
2025.12.29,16,85.578359,5.489069
2025.12.29,17,34.212315,3.441859
2025.12.29,18,4.132222,2.094446
2025.12.29,19,1.969532,1.908965
2025.12.29,20,2.969952,1.654641
2025.12.29,21,1.688384,1.020839
2025.12.29,22,0.793464,1.033389
2025.12.29,23,0.01484,2.452359
2025.12.29,24,0.0004,2.346865
2025.12.30,1,0.000464,3.958601
2025.12.30,2,0.0004,5.421775
2025.12.30,3,0.0004,6.173501
2025.12.30,4,0.000352,4.404086
2025.12.30,5,0.000416,4.127916
2025.12.30,6,0.000376,3.774163
2025.12.30,7,0.000368,3.558205
2025.12.30,8,0.36242,3.240456
2025.12.30,9,18.451785,2.288591
2025.12.30,10,99.782152,1.460572
2025.12.30,11,149.206626,1.472693
2025.12.30,12,175.985019,1.813557
2025.12.30,13,209.736734,1.729703
2025.12.30,14,212.948468,1.301707
2025.12.30,15,174.550426,1.213814
2025.12.30,16,130.905581,1.814049
2025.12.30,17,50.267185,2.136586
2025.12.30,18,4.469193,2.090562
2025.12.30,19,1.991436,1.964325
2025.12.30,20,3.024312,2.051493
2025.12.30,21,2.945228,1.728813
2025.12.30,22,2.180416,1.377019
2025.12.30,23,0.292608,1.584869
2025.12.30,24,0.005156,1.85449
2025.12.31,1,0.000256,2.169178
2025.12.31,2,0.000256,3.198106
2025.12.31,3,0.000344,3.978416
2025.12.31,4,0.000328,5.229241
2025.12.31,5,0.000376,5.803671
2025.12.31,6,0.000368,5.360784
2025.12.31,7,0.00036,4.87422
2025.12.31,8,0.829598,4.332751
2025.12.31,9,16.249246,5.379803
2025.12.31,10,36.041946,8.477437
2025.12.31,11,91.621145,8.978892
2025.12.31,12,123.093747,8.787465
2025.12.31,13,121.63153,8.737009
2025.12.31,14,144.317188,8.900851
2025.12.31,15,132.935163,9.034726
2025.12.31,16,82.502866,8.365729
2025.12.31,17,31.118274,8.10112
2025.12.31,18,3.242792,8.067824
2025.12.31,19,1.873192,8.554145
2025.12.31,20,2.471328,8.47672
2025.12.31,21,1.11582,7.904063
2025.12.31,22,0.374972,7.9346
2025.12.31,23,0.007784,7.243532
2025.12.31,24,0.000432,7.536024